{
    "AFN" : {
        "isoNumber" : 971,
        "name" : "Afghan Afghani",
        "exponent": 2
    },
    "AED" : {
        "isoNumber" : 784,
        "name" : "United Arab Emirates Dirham",
        "exponent" : 2
    },
    "ALL" : {
        "isoNumber" : 8,
        "name" : "Albanian Lek",
        "exponent": 2
    },
    "AMD" : {
        "isoNumber" : 51,
        "name" : "Armenian Dram",
        "exponent": 2
    },
    "ARS" : {
        "isoNumber" : 32,
        "name" : "Argentine Peso",
        "exponent" : 2
    },
    "AUD" : {
        "isoNumber" : 36,
        "name" : "Australian Dollar",
        "exponent" : 2
    },
    "AZN" : {
        "isoNumber" : 944,
        "name" : "Azerbaijani Manat",
        "exponent" : 2
    },
    "BBD" : {
        "isoNumber" : 52,
        "name" : "Barbadian Dollar",
        "exponent": 2
    },
    "BDT" : {
        "isoNumber" : 50,
        "name" : "Bangladeshi Taka",
        "exponent": 2
    },
    "BGN" : {
        "isoNumber" : 975,
        "name" : "Bulgarian Lev",
        "exponent" : 2
    },
    "BHD" : {
        "isoNumber" : 48,
        "name" : "Bahraini Dinar",
        "exponent" : 3
    },
    "BMD" : {
        "isoNumber" : 60,
        "name" : "Bermudan Dollar",
        "exponent": 2
    },
    "BND" : {
        "isoNumber" : 96,
        "name" : "Brunei Dollar",
        "exponent": 2
    },
    "BOB" : {
        "isoNumber" : 68,
        "name" : "Bolivian Boliviano",
        "exponent": 2
    },
    "BRL" : {
        "isoNumber" : 986,
        "name" : "Brazilian Real",
        "exponent" : 2
    },
    "BSD" : {
        "isoNumber" : 44,
        "name" : "Bahamian Dollar",
        "exponent": 2
    },
    "BWP" : {
        "isoNumber" : 72,
        "name" : "Botswana Pula",
        "exponent": 2
    },
    "BZD" : {
        "isoNumber" : 84,
        "name" : "Belize Dollar",
        "exponent": 2
    },
    "CAD" : {
        "isoNumber" : 124,
        "name" : "Canadian Dollar",
        "exponent" : 2
    },
    "CHF" : {
        "isoNumber" : 756,
        "name" : "Swiss Franc",
        "exponent" : 2
    },
    "CLP" : {
        "isoNumber" : 152,
        "name" : "Chilean Peso",
        "exponent": 2
    },
    "CNY": {
        "isoNumber": 156,
        "name": "Chinese Yuan",
        "exponent": 2
    },
    "COP" : {
        "isoNumber" : 170,
        "name" : "Colombian Peso",
        "exponent" : 2
    },
    "CRC" : {
        "isoNumber" : 188,
        "name" : "Costa Rican Colon",
        "exponent": 2
    },
    "CZK" : {
        "isoNumber" : 203,
        "name" : "Czech Koruna",
        "exponent" : 2
    },
    "DKK" : {
        "isoNumber" : 208,
        "name" : "Danish Krone",
        "exponent" : 2
    },
    "DOP" : {
        "isoNumber" : 214,
        "name" : "Dominican Peso",
        "exponent": 2
    },
    "DZD" : {
        "isoNumber" : 12,
        "name" : "Algerian Dinar",
        "exponent": 2
    },
    "EGP" : {
        "isoNumber" : 818,
        "name" : "Egyptian Pound",
        "exponent" : 2
    },
    "EUR" : {
        "isoNumber" : 978,
        "name" : "Euro",
        "exponent" : 2
    },    
    "GBP" : {
        "isoNumber" : 826,
        "name" : "Pound Sterling",
        "exponent" : 2
    },
    "GHS" : {
        "isoNumber" : 936,
        "name" : "Ghanaian Cedi",
        "exponent" : 2
    },
    "GTQ" : {
        "isoNumber" : 320,
        "name" : "Guatemalan Quetzal",
        "exponent": 2
    },
    "HKD" : {
        "isoNumber" : 344,
        "name" : "Hong Kong Dollar",
        "exponent" : 2
    },
    "HNL" : {
        "isoNumber" : 340,
        "name" : "Honduran Lempira",
        "exponent": 2
    },
    "HRK" : {
        "isoNumber" : 191,
        "name" : "Croatian Kuna",
        "exponent" : 2
    },
    "HUF" : {
        "isoNumber" : 348,
        "name" : "Hungarian Forint",
        "exponent" : 2
    },
    "IDR" : {
        "isoNumber" : 360,
        "name" : "Indonesian Rupiah",
        "exponent": 2
    },
    "ILS" : {
        "isoNumber" : 376,
        "name" : "Israeli New Shekel",
        "exponent" : 2
    },
    "INR" : {
        "isoNumber" : 356,
        "name" : "Indian Rupee",
        "exponent" : 2
    },
    "JMD" : {
        "isoNumber" : 388,
        "name" : "Jamaican Dollar",
        "exponent": 2
    },
    "JOD" : {
        "isoNumber" : 400,
        "name" : "Jordanian Dinar",
        "exponent": 3
    },
    "JPY" : {
        "isoNumber" : 392,
        "name" : "Japanese Yen",
        "exponent" : 0
    },
    "KES" : {
        "isoNumber" : 404,
        "name" : "Kenyan Shilling",
        "exponent": 2
    },
    "KRW" : {
        "isoNumber" : 410,
        "name" : "South Korean Won",
        "exponent" : 0
    },
    "KWD" : {
        "isoNumber" : 414,
        "name" : "Kuwaiti Dinar",
        "exponent" : 3
    },
    "KZT" : {
        "isoNumber" : 398,
        "name" : "Kazakhstani Tenge",
        "exponent": 2
    },
    "LBP" : {
        "isoNumber" : 422,
        "name" : "Lebanese Pound",
        "exponent": 2
    },
    "LKR" : {
        "isoNumber" : 144,
        "name" : "Sri Lankan Rupee",
        "exponent": 2
    },
    "LRD" : {
        "isoNumber" : 430,
        "name" : "Liberian Dollar",
        "exponent": 2
    },
    "MAD" : {
        "isoNumber" : 504,
        "name" : "Moroccan Dirham",
        "exponent" : 2
    },
    "MOP" : {
        "isoNumber" : 446,
        "name" : "Macanese Pataca",
        "exponent" : 2
    },
    "MUR" : {
        "isoNumber" : 480,
        "name" : "Mauritian Rupee",
        "exponent" : 2
    },
    "MXN" : {
        "isoNumber" : 484,
        "name" : "Mexican Peso",
        "exponent" : 2
    },
    "MYR" : {
        "isoNumber" : 458,
        "name" : "Malaysian Ringgit",
        "exponent" : 2
    },
    "NGN" : {
        "isoNumber" : 566,
        "name" : "Nigerian Naira",
        "exponent" : 2
    },
    "NOK" : {
        "isoNumber" : 578,
        "name" : "Norwegian Krone",
        "exponent" : 2
    },
    "NZD" : {
        "isoNumber" : 554,
        "name" : "New Zealand Dollar",
        "exponent" : 2
    },
    "OMR" : {
        "isoNumber" : 512,
        "name" : "Omani Rial",
        "exponent" : 3
    },
    "PAB" : {
        "isoNumber" : 590,
        "name" : "Panamanian Balboa",
        "exponent" : 2
    },
    "PEN" : {
        "isoNumber" : 604,
        "name" : "Peruvian Nuevo Sol",
        "exponent" : 2
    },
    "PHP" : {
        "isoNumber" : 608,
        "name" : "Philippine Peso",
        "exponent" : 2
    },
    "PKR" : {
        "isoNumber" : 586,
        "name" : "Pakistani Rupee",
        "exponent" : 2
    },
    "PLN" : {
        "isoNumber" : 985,
        "name" : "Polish Zloty",
        "exponent" : 2
    },
    "QAR" : {
        "isoNumber" : 634,
        "name" : "Qatari Rial",
        "exponent" : 2
    },
    "RON" : {
        "isoNumber" : 946,
        "name" : "Romanian Leu",
        "exponent" : 2
    },
    "RSD" : {
        "isoNumber" : 941,
        "name" : "Serbian Dinar",
        "exponent" : 2
    },
    "RUB" : {
        "isoNumber" : 643,
        "name" : "Russian Ruble",
        "exponent" : 2
    },
    "SAR" : {
        "isoNumber" : 682,
        "name" : "Saudi Riyal",
        "exponent" : 2
    },
    "SCR" : {
        "isoNumber" : 690,
        "name" : "Seychellois Rupee",
        "exponent" : 2
    },
    "SEK" : {
        "isoNumber" : 752,
        "name" : "Swedish Krona",
        "exponent" : 2
    },
    "SGD" : {
        "isoNumber" : 702,
        "name" : "Singapore Dollar",
        "exponent" : 2
    },
    "SKK" : {
        "isoNumber" : 703,
        "name" : "Slovak Koruna",
        "exponent" : 2
    },
    "SLV" : {
        "isoNumber" : 222,
        "name" : "El Salvador Colon",
        "exponent" : 2
    },
    "THB" : {
        "isoNumber" : 764,
        "name" : "Thai Baht",
        "exponent" : 2
    },
    "TND" : {
        "isoNumber" : 788,
        "name" : "Tunisian Dinar",
        "exponent" : 3
    },
    "TRY" : {
        "isoNumber" : 949,
        "name" : "Turkish Lira",
        "exponent" : 2
    },
    "TTD" : {
        "isoNumber" : 780,
        "name" : "Trinidad & Tobago Dollar",
        "exponent" : 2
    },
    "TWD" : {
        "isoNumber" : 901,
        "name" : "New Taiwan Dollar",
        "exponent" : 2
    },
    "UAH" : {
        "isoNumber" : 980,
        "name" : "Ukrainian Hryvnia",
        "exponent" : 2
    },
    "USD" : {
        "isoNumber" : 840,
        "name" : "US Dollar",
        "exponent" : 2
    },
    "VND" : {
        "isoNumber" : 704,
        "name" : "Vietnamese Dong",
        "exponent" : 0
    },
    "XCD" : {
        "isoNumber" : 951,
        "name" : "East Caribbean Dollar",
        "exponent" : 2
    },
    "ZAR" : {
        "isoNumber" : 710,
        "name" : "South African Rand",
        "exponent" : 2
    },
    "YER" : {
        "isoNumber" : 886,
        "name" : "Yemeni Rial",
        "exponent" : 2
    },
    "UNKNOWN" : {
        "isoNumber" : 0,
        "name" : "Unknown",
        "exponent" : 2
    }
}
