{
    "info": {
        "locale": "en_US", 
        "rows": 1, 
        "columns": 40
    }, 
    "localization": {
        "ParameterMissing": [
            "Parameter missing"
        ], 
        "ParameterInvalid": [
            "Parameter invalid"
        ], 
        "AccessoryNotFound": [
            "Accessory not found"
        ], 
        "AccessoryNotConnected": [
            "Accessory not connected"
        ], 
        "AccessoryAlreadyConnected": [
            "Accessory already connected"
        ], 
        "AccessoryAlreadyDisconnected": [
            "Accessory already disconnected"
        ], 
        "AccessoryBusy": [
            "Accessory is busy"
        ], 
        "AccessoryNotWhitelisted": [
            "Accessory not whitelisted"
        ], 
        "AccessoryDeactivated": [
            "Accessory is deactivated"
        ], 
        "AccessoryRequiresUpdate": [
            "Accessory update required"
        ], 
        "AccessoryBatteryLow": [
            "Please Charge Battery"
        ], 
        "AccessoryTampered": [
            "Accessory tampered"
        ], 
        "AccessoryError": [
            "Accessory error"
        ], 
        "AccessoryComponentNotFound": [
            "Accessory component not found"
        ], 
        "AccessoryComponentPrinterBusy": [
            "Printer busy"
        ], 
        "AccessoryComponentPrinterPaperLowOrOut": [
            "Printer low or out of paper"
        ], 
        "AccessoryComponentPrinterCoverOpen": [
            "Printer cover is open"
        ], 
        "TransactionSessionNotFound": [
            "Transaction session not found"
        ], 
        "TransactionReferenceNotFound": [
            "Transaction reference not found"
        ], 
        "TransactionInvalid": [
            "Transaction invalid"
        ], 
        "TransactionBusy": [
            "Transaction is busy"
        ], 
        "TransactionNoLongerAbortable": [
            "Transaction can no longer be aborted"
        ], 
        "TransactionDeclined": [
            "Transaction declined"
        ], 
        "TransactionAborted": [
            "Transaction aborted"
        ], 
        "TransactionError": [
            "Transaction error"
        ], 
        "TransactionActionError": [
            "Transaction action error"
        ], 
        "ServerTimeout": [
            "Server timeout"
        ], 
        "ServerUnavailable": [
            "Check your internet connection"
        ], 
        "ServerGatewayUnavailable": [
            "Acquirer or issuer bank not reachable"
        ], 
        "ServerAuthenticationFailed": [
            "Gateway authentication failed"
        ], 
        "ServerPinningWithRemoteFailed": [
            "Gateway verification failed"
        ], 
        "ServerInvalidResponse": [
            "Invalid response from server"
        ], 
        "ServerError": [
            "Server error"
        ], 
        "SDKResourcesNotFound": [
            "Resources not found"
        ], 
        "SDKResourcesModified": [
            "Resources modified"
        ], 
        "SDKConfigurationMissing": [
            "Configuration missing"
        ], 
        "SDKFeatureNotEnabled": [
            "Feature not enabled"
        ], 
        "InternalInconsistency": [
            "Internal error"
        ], 
        "ServerUnknownUsername": [
            "No account found"
        ], 
        "ServerOfflineBatchMalformed": [
            "Batch malformed- pending manual review"
        ], 
        "SDKNoTransactionsPresent": [
            "No transactions present"
        ]
    }
}