{
    "info": {
        "locale": "pt_PT", 
        "rows": 1, 
        "columns": 40
    }, 
    "localization": {
        "ParameterMissing": [
            "Parâmetro em falta"
        ], 
        "ParameterInvalid": [
            "Parâmetro inválido"
        ], 
        "AccessoryNotFound": [
            "Acessório não encontrado"
        ], 
        "AccessoryNotConnected": [
            "Acessório não conectado"
        ], 
        "AccessoryAlreadyConnected": [
            "Acessório já conectado"
        ], 
        "AccessoryAlreadyDisconnected": [
            "Acessório já desconectado"
        ], 
        "AccessoryBusy": [
            "Acessório está ocupado"
        ], 
        "AccessoryNotWhitelisted": [
            "Acessório não autorizado"
        ], 
        "AccessoryDeactivated": [
            "Acessório está desactivado"
        ], 
        "AccessoryRequiresUpdate": [
            "Actualização do acessório necessária"
        ], 
        "AccessoryBatteryLow": [
            "Bateria fraca"
        ], 
        "AccessoryTampered": [
            "Acessório adulterado"
        ], 
        "AccessoryError": [
            "Erro do acessório"
        ], 
        "AccessoryComponentNotFound": [
            "Componente não encontrado"
        ], 
        "AccessoryComponentPrinterBusy": [
            "Impressora está ocupada"
        ], 
        "AccessoryComponentPrinterPaperLowOrOut": [
            "A impressora esteja sem papel"
        ], 
        "AccessoryComponentPrinterCoverOpen": [
            "A tampa da impressora está aberta"
        ], 
        "TransactionSessionNotFound": [
            "Sessão da transacção não encontrada"
        ], 
        "TransactionReferenceNotFound": [
            "Referência da transação não encontrada"
        ], 
        "TransactionInvalid": [
            "Transacção inválida"
        ], 
        "TransactionBusy": [
            "Transação está ocupada"
        ], 
        "TransactionNoLongerAbortable": [
            "Transação já não pode ser abortada"
        ], 
        "TransactionDeclined": [
            "Transação recusada"
        ], 
        "TransactionAborted": [
            "Transacção abortada"
        ], 
        "TransactionError": [
            "Erro na transacção"
        ], 
        "TransactionActionError": [
            "Erro a executar transacção"
        ], 
        "ServerTimeout": [
            "Server timeout"
        ], 
        "ServerUnavailable": [
            "Verifique sua conexão com a internet"
        ], 
        "ServerGatewayUnavailable": [
            "Acquirer or issuer bank not reachable"
        ], 
        "ServerAuthenticationFailed": [
            "Autenticação do Gateway falhou"
        ], 
        "ServerPinningWithRemoteFailed": [
            "Verificação do Gateway falhou"
        ], 
        "ServerInvalidResponse": [
            "Invalid response from server"
        ], 
        "ServerError": [
            "Erro do servidor"
        ], 
        "SDKResourcesNotFound": [
            "Recursos não encontrados"
        ], 
        "SDKResourcesModified": [
            "Recursos modificados"
        ], 
        "SDKConfigurationMissing": [
            "Falta a configuração"
        ], 
        "SDKFeatureNotEnabled": [
            "Recurso não habilitado"
        ], 
        "InternalInconsistency": [
            "Erro interno"
        ], 
        "ServerUnknownUsername": [
            "Nenhuma conta foi encontrada"
        ], 
        "ServerOfflineBatchMalformed": [
            "Batch malformed- pending manual review"
        ], 
        "SDKNoTransactionsPresent": [
            "No transactions present"
        ]
    }
}