{
    "info": {
        "locale": "it_IT", 
        "rows": 1, 
        "columns": 40
    }, 
    "localization": {
        "ParameterMissing": [
            "Parametro mancante"
        ], 
        "ParameterInvalid": [
            "Parametro non valido"
        ], 
        "AccessoryNotFound": [
            "Accessorio non trovato"
        ], 
        "AccessoryNotConnected": [
            "Accessorio non collegato"
        ], 
        "AccessoryAlreadyConnected": [
            "Accessorio già collegato"
        ], 
        "AccessoryAlreadyDisconnected": [
            "Accessorio già scollegato"
        ], 
        "AccessoryBusy": [
            "Accessorio occupato"
        ], 
        "AccessoryNotWhitelisted": [
            "Accessorio non su white list"
        ], 
        "AccessoryDeactivated": [
            "Accessorio disattivato"
        ], 
        "AccessoryRequiresUpdate": [
            "Richiesto aggiornamento accessorio"
        ], 
        "AccessoryBatteryLow": [
            "Batteria scarica"
        ], 
        "AccessoryTampered": [
            "Accessorio manomesso"
        ], 
        "AccessoryError": [
            "Errore accessorio"
        ], 
        "AccessoryComponentNotFound": [
            "Componente non trovato"
        ], 
        "AccessoryComponentPrinterBusy": [
            "Stampante occupata"
        ], 
        "AccessoryComponentPrinterPaperLowOrOut": [
            "La carta della stampante si è esaurito"
        ], 
        "AccessoryComponentPrinterCoverOpen": [
            "Il coperchio della stampante è aperto"
        ], 
        "TransactionSessionNotFound": [
            "Sessione di transazione non trovata"
        ], 
        "TransactionReferenceNotFound": [
            "Riferimento della transaz. non trovato"
        ], 
        "TransactionInvalid": [
            "Transazione non valida"
        ], 
        "TransactionBusy": [
            "Transazione occupata"
        ], 
        "TransactionNoLongerAbortable": [
            "La transaz. non può più essere annullata"
        ], 
        "TransactionDeclined": [
            "Transazione rifiutata"
        ], 
        "TransactionAborted": [
            "Transazione annullata"
        ], 
        "TransactionError": [
            "Errore di transazione"
        ], 
        "TransactionActionError": [
            "Errore operativo nella transazione"
        ], 
        "ServerTimeout": [
            "Timeout server"
        ], 
        "ServerUnavailable": [
            "Verificate il collegamento Internet"
        ], 
        "ServerGatewayUnavailable": [
            "Acquirer or issuer bank not reachable"
        ], 
        "ServerAuthenticationFailed": [
            "Autenticazione gateway fallita"
        ], 
        "ServerPinningWithRemoteFailed": [
            "Verifica gateway fallita"
        ], 
        "ServerInvalidResponse": [
            "Invalid response from server"
        ], 
        "ServerError": [
            "Errore di server"
        ], 
        "SDKResourcesNotFound": [
            "Risorse non trovate"
        ], 
        "SDKResourcesModified": [
            "Risorse modificate"
        ], 
        "SDKConfigurationMissing": [
            "Configurazione mancante"
        ], 
        "SDKFeatureNotEnabled": [
            "Caratteristica non abilitato"
        ], 
        "InternalInconsistency": [
            "Errore interno"
        ], 
        "ServerUnknownUsername": [
            "Nessun account trovato"
        ], 
        "ServerOfflineBatchMalformed": [
            "Batch malformed- pending manual review"
        ], 
        "SDKNoTransactionsPresent": [
            "No transactions present"
        ]
    }
}