{
    "info": {
        "columns": 40, 
        "locale": "sv_SE", 
        "rows": 2
    }, 
    "localization": {
        "ApplicationSelection": [
            "Välj ditt konto", 
            ""
        ], 
        "AuthorizingTransaction": [
            "Bearbetar betalning...", 
            ""
        ], 
        "AuthorizingTransaction.REFUND": [
            "Bearbetar retur...", 
            ""
        ], 
        "AuthorizingTransaction.VERIFICATION": [
            "Processing verification...", 
            ""
        ], 
        "BarcodeScannerActive": [
            "Streckkodsläsare aktiv", 
            ""
        ], 
        "ScanCode": [
            "$amount$", 
            "Scan code"
        ], 
        "DccCurrencySelectionTitle": [
            "Select currency", 
            ""
        ], 
        "ActivationSuccessful": [
            "Activation Successful", 
            "$balance$"
        ], 
        "CardBalanceInquiry": [
            "Card balance", 
            "$balance$"
        ], 
        "CardNotSupportedMagstripe": [
            "Prova ett annat kort", 
            ""
        ], 
        "CardNotSupportedIccMagstripe": [
            "Prova ett annat kort", 
            ""
        ], 
        "CardNotSupportedNfc": [
            "Sätt i, ", 
            "dra eller prova ett annat kort"
        ], 
        "CompletedWithStatus": [
            "$reason1$", 
            ""
        ], 
        "CompletingTransaction": [
            "Bearbetar betalning...", 
            ""
        ], 
        "CompletingTransaction.REFUND": [
            "Bearbetar retur...", 
            ""
        ], 
        "CompletingTransaction.VERIFICATION": [
            "Processing verification...", 
            ""
        ], 
        "GenericError": [
            "Fel", 
            ""
        ], 
        "Idle": [
            "Vänta...", 
            ""
        ], 
        "InsertCard": [
            "$amount$", 
            "Sätt i kort"
        ], 
        "InsertOrSwipeCard": [
            "$amount$", 
            "Sätt i eller dra kort"
        ], 
        "InsertOrSwipeCardActivateNfc": [
            "$amount$ ", 
            "Sätt i eller dra kort[OK] för NFC"
        ], 
        "PINIncorrect": [
            "Ange PIN (inkorrekt) ", 
            "$digits$"
        ], 
        "PINLastTry": [
            "Ange PIN (sista försöket)", 
            "$digits$"
        ], 
        "PINOk": [
            "PIN OK", 
            ""
        ], 
        "PINStatus": [
            "Ange PIN", 
            "$digits$"
        ], 
        "PresentCard": [
            "$amount$", 
            "Presentera kort"
        ], 
        "Processing": [
            "Processing...", 
            ""
        ], 
        "ProcessingTransaction": [
            "Bearbetar betalning...", 
            ""
        ], 
        "ProcessingTransaction.REFUND": [
            "Bearbetar retur...", 
            ""
        ], 
        "ProcessingTransaction.VERIFICATION": [
            "Processing verification...", 
            ""
        ], 
        "ProvideIdentification": [
            "Identifikation krävs", 
            ""
        ], 
        "ProvideSignature": [
            "Signatur krävs", 
            ""
        ], 
        "ProvideSignatureWithStatus": [
            "$reason1$ ", 
            "Signatur krävs"
        ], 
        "ProviderAccessoryCheckingForUpdate": [
            "Ansluter till ", 
            "kortläsare"
        ], 
        "ProviderAccessoryConnecting": [
            "Ansluter till ", 
            "kortläsare"
        ], 
        "ProviderAccessoryDisconnecting": [
            "Disconnecting from", 
            "card reader"
        ], 
        "ProviderAccessoryUpdating": [
            "Lägger till", 
            "uppdateringar"
        ], 
        "ProviderAccessoryWaitingForReader": [
            "Söker efter läsare ", 
            "Sätt på läsare"
        ], 
        "ProviderAccessoryConnectingPrinter": [
            "Ansluter till", 
            "skrivare"
        ], 
        "ProviderAccessoryWaitingForPrinter": [
            "Söker efter skrivare ", 
            "Sätt på skrivare"
        ], 
        "ProviderAborted": [
            "Betalning avbruten", 
            ""
        ], 
        "ProviderAborted.REFUND": [
            "Retur avbruten", 
            ""
        ], 
        "ProviderAborted.VERIFICATION": [
            "Verification aborted", 
            ""
        ], 
        "ProviderApproved": [
            "Betalning godkänd", 
            ""
        ], 
        "ProviderApproved.REFUND": [
            "Retur godkänd", 
            ""
        ], 
        "ProviderApproved.VERIFICATION": [
            "Verification successful", 
            ""
        ], 
        "ProviderAccepted": [
            "Payment accepted", 
            ""
        ], 
        "ProviderAccepted.REFUND": [
            "Refund accepted", 
            ""
        ], 
        "ProviderDeclined": [
            "Betalning avvisad ", 
            "$reason1$"
        ], 
        "ProviderDeclined.REFUND": [
            "Retur avvisad ", 
            "$reason1$"
        ], 
        "ProviderDeclined.VERIFICATION": [
            "Cannot validate", 
            ""
        ], 
        "ProviderFailed": [
            "Betalning misslyckades ", 
            "$error$"
        ], 
        "ProviderFailed.REFUND": [
            "Retur misslyckades ", 
            "$error$"
        ], 
        "ProviderFailed.VERIFICATION": [
            "Verification failed", 
            "$error$"
        ], 
        "ProviderInconclusive": [
            "Betalning ofullständig ", 
            "$error$"
        ], 
        "ProviderInconclusive.REFUND": [
            "Retur ofullständig ", 
            "$error$"
        ], 
        "ProviderInconclusive.VERIFICATION": [
            "Verification inconclusive", 
            "$error$"
        ], 
        "Completed": [
            "Slutförd", 
            ""
        ], 
        "Aborted": [
            "Avbruten", 
            ""
        ], 
        "Failed": [
            "Misslyckades", 
            ""
        ], 
        "ProviderNotRefundable": [
            "Betalning ej ", 
            "återbetalningsbar"
        ], 
        "ProviderTransactionQuerying": [
            "Kontrollerar", 
            "transaktion"
        ], 
        "ProviderTransactionRegistering": [
            "Registrerar", 
            "transaktion"
        ], 
        "ProviderAccessoryConfiguringConnectionLink": [
            "Konfigurerar anslutning", 
            "Vänta..."
        ], 
        "ProviderComponentPrinterSending": [
            "Skriver ut...", 
            ""
        ], 
        "ProviderComponentPrinterSent": [
            "Skriver ut...", 
            ""
        ], 
        "ProviderComponentPrinterAborted": [
            "Utskrift avbruten", 
            ""
        ], 
        "ProviderComponentPrinterFailed": [
            "Utskrift misslyckades", 
            "$error$"
        ], 
        "ReadingEmvCard": [
            "Läser kort...", 
            ""
        ], 
        "RemoveCardWithStatus": [
            "$reason1$", 
            "Ta kort"
        ], 
        "RemoveCard": [
            "Ta kort", 
            ""
        ], 
        "SwipeCard": [
            "$amount$", 
            "Dra kort"
        ], 
        "SwipeCardWithoutAmount": [
            "Dra kort", 
            ""
        ], 
        "TransactionAborting": [
            "Avbryter betalning...", 
            ""
        ], 
        "TransactionAborting.REFUND": [
            "Avbryter retur...", 
            ""
        ], 
        "TransactionAborting.VERIFICATION": [
            "Aborting verification...", 
            ""
        ], 
        "UpdatingDevice": [
            "Uppdaterar...", 
            ""
        ], 
        "UpdatingDeviceConfigurationUpdate": [
            "Uppdaterar konfiguration", 
            "Vänligen vänta..."
        ], 
        "UpdatingDeviceFirmwareUpdate": [
            "Uppdaterar firmware", 
            "Vänligen vänta..."
        ], 
        "UpdatingDeviceSoftwareUpdate": [
            "Uppdaterar mjukvara", 
            "Vänligen vänta..."
        ], 
        "UpdatingDeviceKeyInjection": [
            "Skapar nycklar", 
            "Vänligen vänta..."
        ], 
        "CardNotSupported": [
            "Kort stöds ej!", 
            "Prova ett annat eller tryck Avbryt"
        ], 
        "AskingForTipConfirmation": [
            "$amount$", 
            "Lägg till dricks?"
        ], 
        "ProviderComponentTippingAskingForTip": [
            "Fråga om dricks...", 
            ""
        ], 
        "PresentOneCardOnly": [
            "Present one card only", 
            ""
        ], 
        "RemoveCardWithSignature": [
            "Signatur krävs", 
            "Ta kort"
        ], 
        "RemoveCardWithIdentification": [
            "Identifikation krävs", 
            "Ta kort"
        ], 
        "RemoveCardWithProcessing": [
            "Bearbetar betalning...", 
            "Ta kort"
        ], 
        "RemoveCardWithProcessing.REFUND": [
            "Bearbetar retur...", 
            "Ta kort"
        ], 
        "RemoveCardWithProcessing.VERIFICATION": [
            "Processing verification...", 
            "Remove card"
        ], 
        "IdleKeepAlive": [
            "Välkommen", 
            ""
        ], 
        "WaitingForProcessorApproval": [
            "Waiting for approval...", 
            ""
        ], 
        "AskForMotoResultConfirmationAllMatch": [
            "All match", 
            "Approve?"
        ], 
        "AskForMotoResultConfirmationCvvMatchOnly": [
            "CVV match only", 
            "Approve?"
        ], 
        "AskForMotoResultConfirmationAddressMatchOnly": [
            "Address match only", 
            "Approve?"
        ], 
        "AskForMotoResultConfirmationDataNotChecked": [
            "Data not checked", 
            "Approve?"
        ], 
        "AskForMotoResultConfirmationNoDataMatches": [
            "No data matches", 
            "Approve?"
        ], 
        "ProviderComponentMotoEnteringCardDetails": [
            "Entering card details...", 
            ""
        ], 
        "AskingForTotalAmountConfirmation": [
            "$amount$", 
            "Bekräfta summa"
        ], 
        "CreditDebitSelectionTitle": [
            ""
        ], 
        "CreditDebitSelectionCredit": [
            ""
        ], 
        "CreditDebitSelectionDebit": [
            ""
        ]
    }
}