{
    "info": {
        "columns": 20, 
        "locale": "cs_CZ", 
        "rows": 4
    }, 
    "localization": {
        "ApplicationSelection": [
            "", 
            "Vyberte", 
            "svůj účet", 
            ""
        ], 
        "AuthorizingTransaction": [
            "", 
            "Zpracovává se", 
            "platba...", 
            ""
        ], 
        "AuthorizingTransaction.REFUND": [
            "", 
            "Zpracovává se", 
            "vrácení peněz...", 
            ""
        ], 
        "AuthorizingTransaction.VERIFICATION": [
            "", 
            "Processing", 
            "verification...", 
            ""
        ], 
        "BarcodeScannerActive": [
            "", 
            "Čtečka čárových kódů", 
            "aktivní", 
            ""
        ], 
        "ScanCode": [
            "", 
            "$amount$", 
            "Scan code", 
            ""
        ], 
        "DccCurrencySelectionTitle": [
            "", 
            "Select", 
            "currency", 
            ""
        ], 
        "ActivationSuccessful": [
            "Activation", 
            "Successful", 
            "", 
            "$balance$"
        ], 
        "CardBalanceInquiry": [
            "", 
            "Card balance", 
            "$balance$", 
            ""
        ], 
        "CardNotSupportedMagstripe": [
            "", 
            "", 
            "Zkuste jinou kartu", 
            ""
        ], 
        "CardNotSupportedIccMagstripe": [
            "", 
            "", 
            "Zkuste jinou kartu", 
            ""
        ], 
        "CardNotSupportedNfc": [
            "", 
            "Vložte přiložte nebo", 
            "zkuste jinou kartu", 
            ""
        ], 
        "CompletedWithStatus": [
            "", 
            "$reason1$", 
            "$reason2$", 
            ""
        ], 
        "CompletingTransaction": [
            "", 
            "Zpracovává se", 
            "platba...", 
            ""
        ], 
        "CompletingTransaction.REFUND": [
            "", 
            "Zpracovává se", 
            "vrácení peněz...", 
            ""
        ], 
        "CompletingTransaction.VERIFICATION": [
            "", 
            "Processing", 
            "verification...", 
            ""
        ], 
        "GenericError": [
            "", 
            "", 
            "Chyba", 
            ""
        ], 
        "Idle": [
            "", 
            "", 
            "Počkejte prosím...", 
            ""
        ], 
        "InsertCard": [
            "$amount$", 
            "", 
            "Vložte kartu", 
            ""
        ], 
        "InsertOrSwipeCard": [
            "$amount$", 
            "", 
            "Vložte nebo", 
            "přiložte kartu"
        ], 
        "InsertOrSwipeCardActivateNfc": [
            "$amount$", 
            "Vložte nebo", 
            "přiložte kartu", 
            "[OK] pro NFC"
        ], 
        "PINIncorrect": [
            "", 
            "Zadejte PIN", 
            "$digits$", 
            "(PIN nesprávný)"
        ], 
        "PINLastTry": [
            "", 
            "Zadejte PIN", 
            "$digits$", 
            "(poslední pokus)"
        ], 
        "PINOk": [
            "", 
            "", 
            "PIN OK", 
            ""
        ], 
        "PINStatus": [
            "", 
            "Zadejte PIN", 
            "$digits$", 
            ""
        ], 
        "PresentCard": [
            "$amount$", 
            "", 
            "Předložte kartu", 
            ""
        ], 
        "Processing": [
            "", 
            "", 
            "Processing...", 
            ""
        ], 
        "ProcessingTransaction": [
            "", 
            "Zpracovává se", 
            "platba...", 
            ""
        ], 
        "ProcessingTransaction.REFUND": [
            "", 
            "Zpracovává se", 
            "vrácení peněz...", 
            ""
        ], 
        "ProcessingTransaction.VERIFICATION": [
            "", 
            "Processing", 
            "verification...", 
            ""
        ], 
        "ProvideIdentification": [
            "", 
            "Určení totožnosti", 
            "se vyžaduje", 
            ""
        ], 
        "ProvideSignature": [
            "", 
            "Podpis", 
            "se vyžaduje", 
            ""
        ], 
        "ProvideSignatureWithStatus": [
            "$reason1$", 
            "$reason2$", 
            "Podpis", 
            "se vyžaduje"
        ], 
        "ProviderAccessoryCheckingForUpdate": [
            ""
        ], 
        "ProviderAccessoryConnecting": [
            ""
        ], 
        "ProviderAccessoryDisconnecting": [
            ""
        ], 
        "ProviderAccessoryUpdating": [
            ""
        ], 
        "ProviderAccessoryWaitingForReader": [
            ""
        ], 
        "ProviderAccessoryConnectingPrinter": [
            ""
        ], 
        "ProviderAccessoryWaitingForPrinter": [
            ""
        ], 
        "ProviderAborted": [
            ""
        ], 
        "ProviderAborted.REFUND": [
            ""
        ], 
        "ProviderAborted.VERIFICATION": [
            ""
        ], 
        "ProviderApproved": [
            ""
        ], 
        "ProviderApproved.REFUND": [
            ""
        ], 
        "ProviderApproved.VERIFICATION": [
            ""
        ], 
        "ProviderAccepted": [
            ""
        ], 
        "ProviderAccepted.REFUND": [
            ""
        ], 
        "ProviderDeclined": [
            ""
        ], 
        "ProviderDeclined.REFUND": [
            ""
        ], 
        "ProviderDeclined.VERIFICATION": [
            ""
        ], 
        "ProviderFailed": [
            ""
        ], 
        "ProviderFailed.REFUND": [
            ""
        ], 
        "ProviderFailed.VERIFICATION": [
            ""
        ], 
        "ProviderInconclusive": [
            ""
        ], 
        "ProviderInconclusive.REFUND": [
            ""
        ], 
        "ProviderInconclusive.VERIFICATION": [
            ""
        ], 
        "Completed": [
            ""
        ], 
        "Aborted": [
            ""
        ], 
        "Failed": [
            ""
        ], 
        "ProviderNotRefundable": [
            ""
        ], 
        "ProviderTransactionQuerying": [
            ""
        ], 
        "ProviderTransactionRegistering": [
            ""
        ], 
        "ProviderAccessoryConfiguringConnectionLink": [
            ""
        ], 
        "ProviderComponentPrinterSending": [
            ""
        ], 
        "ProviderComponentPrinterSent": [
            ""
        ], 
        "ProviderComponentPrinterAborted": [
            ""
        ], 
        "ProviderComponentPrinterFailed": [
            ""
        ], 
        "ReadingEmvCard": [
            "", 
            "", 
            "Načítá se karta...", 
            ""
        ], 
        "RemoveCardWithStatus": [
            "$reason1$", 
            "$reason2$", 
            "", 
            "Odstranit kartu"
        ], 
        "RemoveCard": [
            "", 
            "", 
            "Odstranit kartu", 
            ""
        ], 
        "SwipeCard": [
            "$amount$", 
            "", 
            "Přiložte kartu", 
            ""
        ], 
        "SwipeCardWithoutAmount": [
            "", 
            "", 
            "Přiložte kartu", 
            ""
        ], 
        "TransactionAborting": [
            "", 
            "Ruší se", 
            "platba...", 
            ""
        ], 
        "TransactionAborting.REFUND": [
            "", 
            "Ruší se", 
            "vrácení peněz...", 
            ""
        ], 
        "TransactionAborting.VERIFICATION": [
            "", 
            "Aborting", 
            "verification...", 
            ""
        ], 
        "UpdatingDevice": [
            "", 
            "", 
            "Aktualizuje se...", 
            ""
        ], 
        "UpdatingDeviceConfigurationUpdate": [
            "Aktualizuje se", 
            "konfigurace", 
            "", 
            "Počkejte prosím..."
        ], 
        "UpdatingDeviceFirmwareUpdate": [
            "Aktualizuje se ", 
            "firmware", 
            "", 
            "Počkejte prosím..."
        ], 
        "UpdatingDeviceKeyInjection": [
            "Generují se klíče", 
            "", 
            "", 
            "Počkejte prosím..."
        ], 
        "UpdatingDeviceSoftwareUpdate": [
            "Aktualizuje se ", 
            "software", 
            "", 
            "Počkejte prosím..."
        ], 
        "CardNotSupported": [
            "Karta není", 
            "podporována!", 
            "Zkuste jinou,", 
            "nebo proces zrušte"
        ], 
        "AskingForTipConfirmation": [
            "$amount$", 
            "", 
            "Přidat spropitné?", 
            " [X] Ne     [OK] Ano"
        ], 
        "ProviderComponentTippingAskingForTip": [
            ""
        ], 
        "PresentOneCardOnly": [
            "", 
            "Předložte pouze", 
            "jednu kartu", 
            ""
        ], 
        "RemoveCardWithSignature": [
            "Podpis", 
            "se vyžaduje", 
            "", 
            "Odstranit kartu"
        ], 
        "RemoveCardWithIdentification": [
            "Určení totožnosti", 
            "se vyžaduje", 
            "", 
            "Odstranit kartu"
        ], 
        "RemoveCardWithProcessing": [
            "Zpracovává se", 
            "platba...", 
            "", 
            "Odstranit kartu"
        ], 
        "RemoveCardWithProcessing.REFUND": [
            "Zpracovává se", 
            "vrácení peněz...", 
            "", 
            "Odstranit kartu"
        ], 
        "RemoveCardWithProcessing.VERIFICATION": [
            "Processing", 
            "verification...", 
            "", 
            "Remove card"
        ], 
        "IdleKeepAlive": [
            "", 
            "", 
            "Vítejte", 
            ""
        ], 
        "WaitingForProcessorApproval": [
            ""
        ], 
        "AskForMotoResultConfirmationAllMatch": [
            "All match", 
            "Approve?", 
            "", 
            " [X] No     [OK] Yes"
        ], 
        "AskForMotoResultConfirmationCvvMatchOnly": [
            "CVV match only", 
            "Approve?", 
            "", 
            " [X] No     [OK] Yes"
        ], 
        "AskForMotoResultConfirmationAddressMatchOnly": [
            "Address match only", 
            "Approve?", 
            "", 
            " [X] No     [OK] Yes"
        ], 
        "AskForMotoResultConfirmationDataNotChecked": [
            "Data not checked", 
            "Approve?", 
            "", 
            " [X] No     [OK] Yes"
        ], 
        "AskForMotoResultConfirmationNoDataMatches": [
            "No data matches", 
            "Approve?", 
            "", 
            " [X] No     [OK] Yes"
        ], 
        "ProviderComponentMotoEnteringCardDetails": [
            ""
        ], 
        "AskingForTotalAmountConfirmation": [
            "$amount$", 
            "Potvrďte částku", 
            "", 
            "[X] Ne     [OK] Ano"
        ], 
        "CreditDebitSelectionTitle": [
            ""
        ], 
        "CreditDebitSelectionCredit": [
            ""
        ], 
        "CreditDebitSelectionDebit": [
            ""
        ]
    }
}