{
    "info": {
        "columns": 20, 
        "locale": "lv_LV", 
        "rows": 4
    }, 
    "localization": {
        "ApplicationSelection": [
            "", 
            "Lūdzu, izvēlieties", 
            "savu kontu", 
            ""
        ], 
        "AuthorizingTransaction": [
            "", 
            "Apstrādā", 
            "maksājumu...", 
            ""
        ], 
        "AuthorizingTransaction.REFUND": [
            "", 
            "Apstrādā", 
            "atmaksu...", 
            ""
        ], 
        "AuthorizingTransaction.VERIFICATION": [
            "", 
            "Processing", 
            "verification...", 
            ""
        ], 
        "BarcodeScannerActive": [
            "", 
            "Svītrkodu skeneris", 
            "aktīvs", 
            ""
        ], 
        "ScanCode": [
            "", 
            "$amount$", 
            "Scan code", 
            ""
        ], 
        "DccCurrencySelectionTitle": [
            "", 
            "Select", 
            "currency", 
            ""
        ], 
        "ActivationSuccessful": [
            "Activation", 
            "Successful", 
            "", 
            "$balance$"
        ], 
        "CardBalanceInquiry": [
            "", 
            "Card balance", 
            "$balance$", 
            ""
        ], 
        "CardNotSupportedMagstripe": [
            "", 
            "", 
            "Mēģiniet citu karti", 
            ""
        ], 
        "CardNotSupportedIccMagstripe": [
            "", 
            "", 
            "Mēģiniet citu karti", 
            ""
        ], 
        "CardNotSupportedNfc": [
            "", 
            "Ievietojiet, velciet", 
            "vai mēģiniet", 
            "citu karti"
        ], 
        "CompletedWithStatus": [
            "", 
            "$reason1$", 
            "$reason2$", 
            ""
        ], 
        "CompletingTransaction": [
            "", 
            "Apstrādā", 
            "maksājumu...", 
            ""
        ], 
        "CompletingTransaction.REFUND": [
            "", 
            "Apstrādā", 
            "atmaksu...", 
            ""
        ], 
        "CompletingTransaction.VERIFICATION": [
            "", 
            "Processing", 
            "verification...", 
            ""
        ], 
        "GenericError": [
            "", 
            "", 
            "Kļūda", 
            ""
        ], 
        "Idle": [
            "", 
            "", 
            "Lūdzu, uzgaidiet...", 
            ""
        ], 
        "InsertCard": [
            "$amount$", 
            "", 
            "Ievietojiet karti", 
            ""
        ], 
        "InsertOrSwipeCard": [
            "$amount$", 
            "", 
            "Ievietojiet vai", 
            "novelciet karti"
        ], 
        "InsertOrSwipeCardActivateNfc": [
            "$amount$", 
            "Ievietojiet vai", 
            "novelciet karti", 
            "[OK] NFC"
        ], 
        "PINIncorrect": [
            "", 
            "Ievadiet PIN", 
            "$digits$", 
            "(PIN nepareizs)"
        ], 
        "PINLastTry": [
            "", 
            "Ievadiet PIN", 
            "$digits$", 
            "(pēdējais mēģinājums)"
        ], 
        "PINOk": [
            "", 
            "", 
            "PIN OK", 
            ""
        ], 
        "PINStatus": [
            "", 
            "Ievadiet PIN", 
            "$digits$", 
            ""
        ], 
        "PresentCard": [
            "$amount$", 
            "", 
            "Dodiet karti", 
            ""
        ], 
        "Processing": [
            "", 
            "", 
            "Processing...", 
            ""
        ], 
        "ProcessingTransaction": [
            "", 
            "Apstrādā", 
            "maksājumu...", 
            ""
        ], 
        "ProcessingTransaction.REFUND": [
            "", 
            "Apstrādā", 
            "atmaksu...", 
            ""
        ], 
        "ProcessingTransaction.VERIFICATION": [
            "", 
            "Processing", 
            "verification...", 
            ""
        ], 
        "ProvideIdentification": [
            "", 
            "Identifikācija", 
            "nepieciešama", 
            ""
        ], 
        "ProvideSignature": [
            "", 
            "Paraksts", 
            "nepieciešama", 
            ""
        ], 
        "ProvideSignatureWithStatus": [
            "$reason1$", 
            "$reason2$", 
            "Paraksts", 
            "nepieciešama"
        ], 
        "ProviderAccessoryCheckingForUpdate": [
            ""
        ], 
        "ProviderAccessoryConnecting": [
            ""
        ], 
        "ProviderAccessoryDisconnecting": [
            ""
        ], 
        "ProviderAccessoryUpdating": [
            ""
        ], 
        "ProviderAccessoryWaitingForReader": [
            ""
        ], 
        "ProviderAccessoryConnectingPrinter": [
            ""
        ], 
        "ProviderAccessoryWaitingForPrinter": [
            ""
        ], 
        "ProviderAborted": [
            ""
        ], 
        "ProviderAborted.REFUND": [
            ""
        ], 
        "ProviderAborted.VERIFICATION": [
            ""
        ], 
        "ProviderApproved": [
            ""
        ], 
        "ProviderApproved.REFUND": [
            ""
        ], 
        "ProviderApproved.VERIFICATION": [
            ""
        ], 
        "ProviderAccepted": [
            ""
        ], 
        "ProviderAccepted.REFUND": [
            ""
        ], 
        "ProviderDeclined": [
            ""
        ], 
        "ProviderDeclined.REFUND": [
            ""
        ], 
        "ProviderDeclined.VERIFICATION": [
            ""
        ], 
        "ProviderFailed": [
            ""
        ], 
        "ProviderFailed.REFUND": [
            ""
        ], 
        "ProviderFailed.VERIFICATION": [
            ""
        ], 
        "ProviderInconclusive": [
            ""
        ], 
        "ProviderInconclusive.REFUND": [
            ""
        ], 
        "ProviderInconclusive.VERIFICATION": [
            ""
        ], 
        "Completed": [
            ""
        ], 
        "Aborted": [
            ""
        ], 
        "Failed": [
            ""
        ], 
        "ProviderNotRefundable": [
            ""
        ], 
        "ProviderTransactionQuerying": [
            ""
        ], 
        "ProviderTransactionRegistering": [
            ""
        ], 
        "ProviderAccessoryConfiguringConnectionLink": [
            ""
        ], 
        "ProviderComponentPrinterSending": [
            ""
        ], 
        "ProviderComponentPrinterSent": [
            ""
        ], 
        "ProviderComponentPrinterAborted": [
            ""
        ], 
        "ProviderComponentPrinterFailed": [
            ""
        ], 
        "ReadingEmvCard": [
            "", 
            "", 
            "Nolasa karti...", 
            ""
        ], 
        "RemoveCardWithStatus": [
            "$reason1$", 
            "$reason2$", 
            "", 
            "Izņemiet karti"
        ], 
        "RemoveCard": [
            "", 
            "", 
            "Izņemiet karti", 
            ""
        ], 
        "SwipeCard": [
            "$amount$", 
            "", 
            "Novelciet karti", 
            ""
        ], 
        "SwipeCardWithoutAmount": [
            "", 
            "", 
            "Novelciet karti", 
            ""
        ], 
        "TransactionAborting": [
            "", 
            "Pārtrauc", 
            "maksājumu...", 
            ""
        ], 
        "TransactionAborting.REFUND": [
            "", 
            "Pārtrauc", 
            "atmaksu...", 
            ""
        ], 
        "TransactionAborting.VERIFICATION": [
            "", 
            "Aborting", 
            "verification...", 
            ""
        ], 
        "UpdatingDevice": [
            "", 
            "", 
            "Atjaunina...", 
            ""
        ], 
        "UpdatingDeviceConfigurationUpdate": [
            "Atjaunina konfig.", 
            "", 
            "", 
            "Lūdzu, uzgaidiet..."
        ], 
        "UpdatingDeviceFirmwareUpdate": [
            "Atjaunina", 
            "aparātprogrammatūru", 
            "", 
            "Lūdzu, uzgaidiet..."
        ], 
        "UpdatingDeviceKeyInjection": [
            "Ģenerē atslēgas", 
            "", 
            "", 
            "Lūdzu, uzgaidiet..."
        ], 
        "UpdatingDeviceSoftwareUpdate": [
            "Atjaunina", 
            "programmatūru", 
            "", 
            "Lūdzu, uzgaidiet..."
        ], 
        "CardNotSupported": [
            "Karte netiek", 
            "atbalstīta!", 
            "Mēģiniet citu vai", 
            "nospiediet atcelt"
        ], 
        "AskingForTipConfirmation": [
            "$amount$", 
            "Vai pievienot", 
            "dzeramnaudu?", 
            " [X] Nē     [OK] Jā"
        ], 
        "ProviderComponentTippingAskingForTip": [
            ""
        ], 
        "PresentOneCardOnly": [
            "", 
            "Dodiet vienu", 
            "karti", 
            ""
        ], 
        "RemoveCardWithSignature": [
            "Paraksts", 
            "nepieciešama", 
            "", 
            "Izņemiet karti"
        ], 
        "RemoveCardWithIdentification": [
            "Identifikācija", 
            "nepieciešama", 
            "", 
            "Izņemiet karti"
        ], 
        "RemoveCardWithProcessing": [
            "Apstrādā", 
            "maksājumu...", 
            "", 
            "Izņemiet karti"
        ], 
        "RemoveCardWithProcessing.REFUND": [
            "Apstrādā", 
            "atmaksu...", 
            "", 
            "Izņemiet karti"
        ], 
        "RemoveCardWithProcessing.VERIFICATION": [
            "Processing", 
            "verification...", 
            "", 
            "Remove card"
        ], 
        "IdleKeepAlive": [
            "", 
            "", 
            "Laipni lūdzam", 
            ""
        ], 
        "WaitingForProcessorApproval": [
            ""
        ], 
        "AskForMotoResultConfirmationAllMatch": [
            "All match", 
            "Approve?", 
            "", 
            " [X] No     [OK] Yes"
        ], 
        "AskForMotoResultConfirmationCvvMatchOnly": [
            "CVV match only", 
            "Approve?", 
            "", 
            " [X] No     [OK] Yes"
        ], 
        "AskForMotoResultConfirmationAddressMatchOnly": [
            "Address match only", 
            "Approve?", 
            "", 
            " [X] No     [OK] Yes"
        ], 
        "AskForMotoResultConfirmationDataNotChecked": [
            "Data not checked", 
            "Approve?", 
            "", 
            " [X] No     [OK] Yes"
        ], 
        "AskForMotoResultConfirmationNoDataMatches": [
            "No data matches", 
            "Approve?", 
            "", 
            " [X] No     [OK] Yes"
        ], 
        "ProviderComponentMotoEnteringCardDetails": [
            ""
        ], 
        "AskingForTotalAmountConfirmation": [
            "$amount$", 
            "Confirm Amount", 
            "", 
            "[X] No     [OK] Yes"
        ], 
        "CreditDebitSelectionTitle": [
            ""
        ], 
        "CreditDebitSelectionCredit": [
            ""
        ], 
        "CreditDebitSelectionDebit": [
            ""
        ]
    }
}