{
    "info": {
        "columns": 20, 
        "locale": "nl_BE", 
        "rows": 4
    }, 
    "localization": {
        "ApplicationSelection": [
            "Gelieve ", 
            "een rekening", 
            "te kiezen", 
            ""
        ], 
        "AuthorizingTransaction": [
            "", 
            "Betaling wordt", 
            "verwerkt...", 
            ""
        ], 
        "AuthorizingTransaction.REFUND": [
            "", 
            "Terugbetaling wordt", 
            "verwerkt...", 
            ""
        ], 
        "AuthorizingTransaction.VERIFICATION": [
            "", 
            "Processing", 
            "verification...", 
            ""
        ], 
        "BarcodeScannerActive": [
            "", 
            "Barcodescanner", 
            "actief", 
            ""
        ], 
        "ScanCode": [
            "", 
            "$amount$", 
            "Scan code", 
            ""
        ], 
        "DccCurrencySelectionTitle": [
            "", 
            "Select", 
            "currency", 
            ""
        ], 
        "ActivationSuccessful": [
            "Activation", 
            "Successful", 
            "", 
            "$balance$"
        ], 
        "CardBalanceInquiry": [
            "", 
            "Card balance", 
            "$balance$", 
            ""
        ], 
        "CardNotSupportedMagstripe": [
            "", 
            "", 
            "Gebruik andere kaart", 
            ""
        ], 
        "CardNotSupportedIccMagstripe": [
            "", 
            "", 
            "Gebruik andere kaart", 
            ""
        ], 
        "CardNotSupportedNfc": [
            "", 
            "Ingeven,", 
            "schuiven of", 
            "andere kaart"
        ], 
        "CompletedWithStatus": [
            "", 
            "$reason1$", 
            "$reason2$", 
            ""
        ], 
        "CompletingTransaction": [
            "", 
            "Betaling wordt", 
            "verwerkt...", 
            ""
        ], 
        "CompletingTransaction.REFUND": [
            "", 
            "Terugbetaling wordt", 
            "verwerkt...", 
            ""
        ], 
        "CompletingTransaction.VERIFICATION": [
            "", 
            "Processing", 
            "verification...", 
            ""
        ], 
        "GenericError": [
            "", 
            "", 
            "Fout", 
            ""
        ], 
        "Idle": [
            "", 
            "Wacht", 
            "alsjeblieft...", 
            ""
        ], 
        "InsertCard": [
            "$amount$", 
            "", 
            "Kaart ingeven", 
            ""
        ], 
        "InsertOrSwipeCard": [
            "$amount$", 
            "", 
            "Kaart ingeven of ", 
            "schuiven"
        ], 
        "InsertOrSwipeCardActivateNfc": [
            "$amount$", 
            "Kaart ingeven of ", 
            "schuiven", 
            "[OK] voor NFC"
        ], 
        "PINIncorrect": [
            "", 
            "Voer PIN in", 
            "$digits$", 
            "(foute PIN)"
        ], 
        "PINLastTry": [
            "", 
            "PIN-code invoeren", 
            "$digits$", 
            "(laatste poging)"
        ], 
        "PINOk": [
            "", 
            "", 
            "PIN OK", 
            ""
        ], 
        "PINStatus": [
            "", 
            "PIN-code invoeren", 
            "$digits$", 
            ""
        ], 
        "PresentCard": [
            "$amount$", 
            "", 
            "Kaart AUB", 
            ""
        ], 
        "Processing": [
            "", 
            "", 
            "Processing...", 
            ""
        ], 
        "ProcessingTransaction": [
            "", 
            "Betaling wordt", 
            "verwerkt...", 
            ""
        ], 
        "ProcessingTransaction.REFUND": [
            "", 
            "Terugbetaling wordt", 
            "verwerkt...", 
            ""
        ], 
        "ProcessingTransaction.VERIFICATION": [
            "", 
            "Processing", 
            "verification...", 
            ""
        ], 
        "ProvideIdentification": [
            "", 
            "Identificatie", 
            "vereist", 
            ""
        ], 
        "ProvideSignature": [
            "", 
            "Handtekening", 
            "vereist", 
            ""
        ], 
        "ProvideSignatureWithStatus": [
            "$reason1$", 
            "$reason2$", 
            "Handtekening", 
            "vereist"
        ], 
        "ProviderAccessoryCheckingForUpdate": [
            ""
        ], 
        "ProviderAccessoryConnecting": [
            ""
        ], 
        "ProviderAccessoryDisconnecting": [
            ""
        ], 
        "ProviderAccessoryUpdating": [
            ""
        ], 
        "ProviderAccessoryWaitingForReader": [
            ""
        ], 
        "ProviderAccessoryConnectingPrinter": [
            ""
        ], 
        "ProviderAccessoryWaitingForPrinter": [
            ""
        ], 
        "ProviderAborted": [
            ""
        ], 
        "ProviderAborted.REFUND": [
            ""
        ], 
        "ProviderAborted.VERIFICATION": [
            ""
        ], 
        "ProviderApproved": [
            ""
        ], 
        "ProviderApproved.REFUND": [
            ""
        ], 
        "ProviderApproved.VERIFICATION": [
            ""
        ], 
        "ProviderAccepted": [
            ""
        ], 
        "ProviderAccepted.REFUND": [
            ""
        ], 
        "ProviderDeclined": [
            ""
        ], 
        "ProviderDeclined.REFUND": [
            ""
        ], 
        "ProviderDeclined.VERIFICATION": [
            ""
        ], 
        "ProviderFailed": [
            ""
        ], 
        "ProviderFailed.REFUND": [
            ""
        ], 
        "ProviderFailed.VERIFICATION": [
            ""
        ], 
        "ProviderInconclusive": [
            ""
        ], 
        "ProviderInconclusive.REFUND": [
            ""
        ], 
        "ProviderInconclusive.VERIFICATION": [
            ""
        ], 
        "Completed": [
            ""
        ], 
        "Aborted": [
            ""
        ], 
        "Failed": [
            ""
        ], 
        "ProviderNotRefundable": [
            ""
        ], 
        "ProviderTransactionQuerying": [
            ""
        ], 
        "ProviderTransactionRegistering": [
            ""
        ], 
        "ProviderAccessoryConfiguringConnectionLink": [
            ""
        ], 
        "ProviderComponentPrinterSending": [
            ""
        ], 
        "ProviderComponentPrinterSent": [
            ""
        ], 
        "ProviderComponentPrinterAborted": [
            ""
        ], 
        "ProviderComponentPrinterFailed": [
            ""
        ], 
        "ReadingEmvCard": [
            "", 
            "Kaart wordt", 
            "gelezen...", 
            ""
        ], 
        "RemoveCardWithStatus": [
            "$reason1$", 
            "$reason2$", 
            "", 
            "Kaart terugnemen"
        ], 
        "RemoveCard": [
            "", 
            "", 
            "Kaart terugnemen", 
            ""
        ], 
        "SwipeCard": [
            "$amount$", 
            "", 
            "Kaart doorschuiven", 
            ""
        ], 
        "SwipeCardWithoutAmount": [
            "", 
            "", 
            "Kaart doorschuiven", 
            ""
        ], 
        "TransactionAborting": [
            "", 
            "Betaling wordt", 
            "afgebroken...", 
            ""
        ], 
        "TransactionAborting.REFUND": [
            "", 
            "Terugbetaling wordt", 
            "afgebroken...", 
            ""
        ], 
        "TransactionAborting.VERIFICATION": [
            "", 
            "Aborting", 
            "verification...", 
            ""
        ], 
        "UpdatingDevice": [
            "", 
            "Toestel wordt", 
            "bijgewerkt...", 
            ""
        ], 
        "UpdatingDeviceConfigurationUpdate": [
            "Config-update", 
            "", 
            "Een ogenblikje ", 
            "a.u.b. ..."
        ], 
        "UpdatingDeviceFirmwareUpdate": [
            "Firmware-update", 
            "", 
            "Dit kan even", 
            "duren..."
        ], 
        "UpdatingDeviceKeyInjection": [
            "Aanmaken sleutel", 
            "", 
            "Dit kan even", 
            "duren..."
        ], 
        "UpdatingDeviceSoftwareUpdate": [
            "Software-update", 
            "", 
            "Dit kan iets", 
            "langer duren..."
        ], 
        "CardNotSupported": [
            "Kaart niet", 
            "ondersteund!", 
            "Andere kaart", 
            "of afbreken"
        ], 
        "AskingForTipConfirmation": [
            "$amount$", 
            "", 
            "FOOI toevoegen?", 
            " [X] Nee     [OK] Ja"
        ], 
        "ProviderComponentTippingAskingForTip": [
            ""
        ], 
        "PresentOneCardOnly": [
            "", 
            "Present one", 
            "card only", 
            ""
        ], 
        "RemoveCardWithSignature": [
            "Handtekening", 
            "vereist", 
            "", 
            "Kaart terugnemen"
        ], 
        "RemoveCardWithIdentification": [
            "Identificatie", 
            "vereist", 
            "", 
            "Kaart terugnemen"
        ], 
        "RemoveCardWithProcessing": [
            "Betaling wordt", 
            "verwerkt...", 
            "", 
            "Kaart terugnemen"
        ], 
        "RemoveCardWithProcessing.REFUND": [
            "Terugbetaling wordt", 
            "verwerkt...", 
            "", 
            "Kaart terugnemen"
        ], 
        "RemoveCardWithProcessing.VERIFICATION": [
            "Processing", 
            "verification...", 
            "", 
            "Remove card"
        ], 
        "IdleKeepAlive": [
            "", 
            "", 
            "Welkom", 
            ""
        ], 
        "WaitingForProcessorApproval": [
            ""
        ], 
        "AskForMotoResultConfirmationAllMatch": [
            "All match", 
            "Approve?", 
            "", 
            " [X] No     [OK] Yes"
        ], 
        "AskForMotoResultConfirmationCvvMatchOnly": [
            "CVV match only", 
            "Approve?", 
            "", 
            " [X] No     [OK] Yes"
        ], 
        "AskForMotoResultConfirmationAddressMatchOnly": [
            "Address match only", 
            "Approve?", 
            "", 
            " [X] No     [OK] Yes"
        ], 
        "AskForMotoResultConfirmationDataNotChecked": [
            "Data not checked", 
            "Approve?", 
            "", 
            " [X] No     [OK] Yes"
        ], 
        "AskForMotoResultConfirmationNoDataMatches": [
            "No data matches", 
            "Approve?", 
            "", 
            " [X] No     [OK] Yes"
        ], 
        "ProviderComponentMotoEnteringCardDetails": [
            ""
        ], 
        "AskingForTotalAmountConfirmation": [
            "$amount$", 
            "Bevestig bedrag", 
            "", 
            "[X] Nee     [OK] Ja"
        ], 
        "CreditDebitSelectionTitle": [
            ""
        ], 
        "CreditDebitSelectionCredit": [
            ""
        ], 
        "CreditDebitSelectionDebit": [
            ""
        ]
    }
}