{
    "info": {
        "columns": 40, 
        "locale": "lv_LV", 
        "rows": 2
    }, 
    "localization": {
        "ApplicationSelection": [
            "Lūdzu, izvēlieties savu kontu", 
            ""
        ], 
        "AuthorizingTransaction": [
            "Apstrādā maksājumu...", 
            ""
        ], 
        "AuthorizingTransaction.REFUND": [
            "Apstrādā atmaksu...", 
            ""
        ], 
        "AuthorizingTransaction.VERIFICATION": [
            "Processing verification...", 
            ""
        ], 
        "BarcodeScannerActive": [
            "Svītrkodu skeneris", 
            "aktīvs"
        ], 
        "ScanCode": [
            "$amount$", 
            "Scan code"
        ], 
        "DccCurrencySelectionTitle": [
            "Select currency", 
            ""
        ], 
        "ActivationSuccessful": [
            "Activation Successful", 
            "$balance$"
        ], 
        "CardBalanceInquiry": [
            "Card balance", 
            "$balance$"
        ], 
        "CardNotSupportedMagstripe": [
            "Mēģiniet citu karti", 
            ""
        ], 
        "CardNotSupportedIccMagstripe": [
            "Mēģiniet citu karti", 
            ""
        ], 
        "CardNotSupportedNfc": [
            "Ievietojiet, velciet vai", 
            "mēģiniet citu karti"
        ], 
        "CompletedWithStatus": [
            "$reason1$", 
            ""
        ], 
        "CompletingTransaction": [
            "Apstrādā maksājumu...", 
            ""
        ], 
        "CompletingTransaction.REFUND": [
            "Apstrādā atmaksu...", 
            ""
        ], 
        "CompletingTransaction.VERIFICATION": [
            "Processing verification...", 
            ""
        ], 
        "GenericError": [
            "Kļūda", 
            ""
        ], 
        "Idle": [
            "Lūdzu, uzgaidiet...", 
            ""
        ], 
        "InsertCard": [
            "$amount$", 
            "Ievietojiet karti"
        ], 
        "InsertOrSwipeCard": [
            "$amount$", 
            "Ievietojiet vai novelciet karti"
        ], 
        "InsertOrSwipeCardActivateNfc": [
            "$summa$ Ievietojiet vai novelciet karti", 
            "[OK] NFC"
        ], 
        "PINIncorrect": [
            "Ievadiet PIN (nepareizs)", 
            "$digits$"
        ], 
        "PINLastTry": [
            "Ievadiet PIN (pēdējais mēģinājums)", 
            "$digits$"
        ], 
        "PINOk": [
            "PIN OK", 
            ""
        ], 
        "PINStatus": [
            "Ievadiet PIN", 
            "$digits$"
        ], 
        "PresentCard": [
            "$amount$", 
            "Dodiet karti"
        ], 
        "Processing": [
            "Processing...", 
            ""
        ], 
        "ProcessingTransaction": [
            "Apstrādā maksājumu...", 
            ""
        ], 
        "ProcessingTransaction.REFUND": [
            "Apstrādā atmaksu...", 
            ""
        ], 
        "ProcessingTransaction.VERIFICATION": [
            "Processing verification...", 
            ""
        ], 
        "ProvideIdentification": [
            "Nepieciešama identifikācija", 
            ""
        ], 
        "ProvideSignature": [
            "Nepieciešams paraksts", 
            ""
        ], 
        "ProvideSignatureWithStatus": [
            "$reason1$", 
            "Nepieciešams paraksts"
        ], 
        "ProviderAccessoryCheckingForUpdate": [
            "Pieslēdzas", 
            "karšu lasītājam"
        ], 
        "ProviderAccessoryConnecting": [
            "Pieslēdzas", 
            "karšu lasītājam"
        ], 
        "ProviderAccessoryDisconnecting": [
            "Atvienojas no", 
            "karšu lasītāja"
        ], 
        "ProviderAccessoryUpdating": [
            "Lieto", 
            "atjauninājumus"
        ], 
        "ProviderAccessoryWaitingForReader": [
            "Meklē lasītāju", 
            "Lūdzu, ieslēdziet lasītāju"
        ], 
        "ProviderAccessoryConnectingPrinter": [
            "Pieslēdzas", 
            "printerim"
        ], 
        "ProviderAccessoryWaitingForPrinter": [
            "Meklē printeri", 
            "Lūdzu, ieslēdziet printeri"
        ], 
        "ProviderAborted": [
            "Maksājums pārtraukts", 
            ""
        ], 
        "ProviderAborted.REFUND": [
            "Atmaksa pārtraukta", 
            ""
        ], 
        "ProviderAborted.VERIFICATION": [
            "Verification aborted", 
            ""
        ], 
        "ProviderApproved": [
            "Maksājums apstiprināts", 
            ""
        ], 
        "ProviderApproved.REFUND": [
            "Atmaksa apstiprināta", 
            ""
        ], 
        "ProviderApproved.VERIFICATION": [
            "Verification successful", 
            ""
        ], 
        "ProviderAccepted": [
            "Maksājums pieņemts", 
            ""
        ], 
        "ProviderAccepted.REFUND": [
            "Atmaksa pieņemta", 
            ""
        ], 
        "ProviderDeclined": [
            "Maksājums noraidīts", 
            "$reason1$"
        ], 
        "ProviderDeclined.REFUND": [
            "Atmaksa noraidīta", 
            "$reason1$"
        ], 
        "ProviderDeclined.VERIFICATION": [
            "Cannot validate", 
            ""
        ], 
        "ProviderFailed": [
            "Maksājums neizdevās", 
            "$error$"
        ], 
        "ProviderFailed.REFUND": [
            "Atmaksa neizdevās", 
            "$error$"
        ], 
        "ProviderFailed.VERIFICATION": [
            "Verification failed", 
            "$error$"
        ], 
        "ProviderInconclusive": [
            "Maksājums nav pārliecinošs", 
            "$error$"
        ], 
        "ProviderInconclusive.REFUND": [
            "Atmaksa nav pārliecinoša", 
            "$error$"
        ], 
        "ProviderInconclusive.VERIFICATION": [
            "Verification inconclusive", 
            "$error$"
        ], 
        "Completed": [
            "Pabeigts", 
            ""
        ], 
        "Aborted": [
            "Pārtraukts", 
            ""
        ], 
        "Failed": [
            "Neizdevās", 
            ""
        ], 
        "ProviderNotRefundable": [
            "Maksājums", 
            "nav atmaksājams"
        ], 
        "ProviderTransactionQuerying": [
            "Vaicā", 
            "darījumu"
        ], 
        "ProviderTransactionRegistering": [
            "Reģistrē", 
            "darījumu"
        ], 
        "ProviderAccessoryConfiguringConnectionLink": [
            "Konfigurē savienojumu", 
            "Lūdzu, uzgaidiet..."
        ], 
        "ProviderComponentPrinterSending": [
            "Drukā...", 
            ""
        ], 
        "ProviderComponentPrinterSent": [
            "Drukā...", 
            ""
        ], 
        "ProviderComponentPrinterAborted": [
            "Drukāšana pārtraukta", 
            ""
        ], 
        "ProviderComponentPrinterFailed": [
            "Drukāšana neizdevās", 
            "$error$"
        ], 
        "ReadingEmvCard": [
            "Nolasa karti...", 
            ""
        ], 
        "RemoveCardWithStatus": [
            "$reason1$", 
            "Izņemiet karti"
        ], 
        "RemoveCard": [
            "Izņemiet karti", 
            ""
        ], 
        "SwipeCard": [
            "$amount$", 
            "Novelciet karti"
        ], 
        "SwipeCardWithoutAmount": [
            "Novelciet karti", 
            ""
        ], 
        "TransactionAborting": [
            "Pārtrauc maksājumu...", 
            ""
        ], 
        "TransactionAborting.REFUND": [
            "Pārtrauc atmaksu...", 
            ""
        ], 
        "TransactionAborting.VERIFICATION": [
            "Aborting verification...", 
            ""
        ], 
        "UpdatingDevice": [
            "Atjaunina...", 
            ""
        ], 
        "UpdatingDeviceConfigurationUpdate": [
            "Atjaunina konfig.", 
            "Lūdzu, uzgaidiet..."
        ], 
        "UpdatingDeviceFirmwareUpdate": [
            "Atjaunina aparātprogrammatūru", 
            "Lūdzu, uzgaidiet..."
        ], 
        "UpdatingDeviceSoftwareUpdate": [
            "Atjaunina programmatūru", 
            "Lūdzu, uzgaidiet..."
        ], 
        "UpdatingDeviceKeyInjection": [
            "Ģenerē atslēgas", 
            "Lūdzu, uzgaidiet..."
        ], 
        "CardNotSupported": [
            "Karte netiek atbalstīta!", 
            "Mēģiniet citu vai nospiediet atcelt"
        ], 
        "AskingForTipConfirmation": [
            "$amount$", 
            "Vai pievienot dzeramnaudu?"
        ], 
        "ProviderComponentTippingAskingForTip": [
            "Vaicā dzeramnaudu...", 
            ""
        ], 
        "PresentOneCardOnly": [
            "Dodiet tikai vienu karti", 
            ""
        ], 
        "RemoveCardWithSignature": [
            "Nepieciešams paraksts", 
            "Izņemiet karti"
        ], 
        "RemoveCardWithIdentification": [
            "Nepieciešama identifikācija", 
            "Izņemiet karti"
        ], 
        "RemoveCardWithProcessing": [
            "Apstrādā maksājumu...", 
            "Izņemiet karti"
        ], 
        "RemoveCardWithProcessing.REFUND": [
            "Apstrādā atmaksu...", 
            "Izņemiet karti"
        ], 
        "RemoveCardWithProcessing.VERIFICATION": [
            "Processing verification...", 
            "Remove card"
        ], 
        "IdleKeepAlive": [
            "Laipni lūdzam", 
            ""
        ], 
        "WaitingForProcessorApproval": [
            "Gaida apstiprinājumu...", 
            ""
        ], 
        "AskForMotoResultConfirmationAllMatch": [
            "All match", 
            "Approve?"
        ], 
        "AskForMotoResultConfirmationCvvMatchOnly": [
            "CVV match only", 
            "Approve?"
        ], 
        "AskForMotoResultConfirmationAddressMatchOnly": [
            "Address match only", 
            "Approve?"
        ], 
        "AskForMotoResultConfirmationDataNotChecked": [
            "Data not checked", 
            "Approve?"
        ], 
        "AskForMotoResultConfirmationNoDataMatches": [
            "No data matches", 
            "Approve?"
        ], 
        "ProviderComponentMotoEnteringCardDetails": [
            "Entering card details...", 
            ""
        ], 
        "AskingForTotalAmountConfirmation": [
            "$amount$", 
            "Confirm Amount"
        ], 
        "CreditDebitSelectionTitle": [
            ""
        ], 
        "CreditDebitSelectionCredit": [
            ""
        ], 
        "CreditDebitSelectionDebit": [
            ""
        ]
    }
}