{
    "info": {
        "columns": 40, 
        "locale": "fr_FR", 
        "rows": 2
    }, 
    "localization": {
        "ApplicationSelection": [
            "Sélectionner carte", 
            ""
        ], 
        "AuthorizingTransaction": [
            "Traitement en cours...", 
            ""
        ], 
        "AuthorizingTransaction.REFUND": [
            "Traitement en cours...", 
            ""
        ], 
        "AuthorizingTransaction.VERIFICATION": [
            "Processing verification...", 
            ""
        ], 
        "BarcodeScannerActive": [
            "Lecteur", 
            "de code-barres actif"
        ], 
        "ScanCode": [
            "$amount$", 
            "Scan code"
        ], 
        "DccCurrencySelectionTitle": [
            "Select currency", 
            ""
        ], 
        "ActivationSuccessful": [
            "Activation Successful", 
            "$balance$"
        ], 
        "CardBalanceInquiry": [
            "Card balance", 
            "$balance$"
        ], 
        "CardNotSupportedMagstripe": [
            "Utiliser une", 
            "autre carte"
        ], 
        "CardNotSupportedIccMagstripe": [
            "Utiliser une", 
            "autre carte"
        ], 
        "CardNotSupportedNfc": [
            "Insérer, faire glisser ou", 
            "autre carte"
        ], 
        "CompletedWithStatus": [
            "$reason1$", 
            ""
        ], 
        "CompletingTransaction": [
            "Traitement en cours...", 
            ""
        ], 
        "CompletingTransaction.REFUND": [
            "Traitement en cours...", 
            ""
        ], 
        "CompletingTransaction.VERIFICATION": [
            "Processing verification...", 
            ""
        ], 
        "GenericError": [
            "Erreur", 
            ""
        ], 
        "Idle": [
            "Patientez SVP...", 
            ""
        ], 
        "InsertCard": [
            "$amount$", 
            "Insérer la carte"
        ], 
        "InsertOrSwipeCard": [
            "$amount$", 
            "Insérer ou faire glisser la carte"
        ], 
        "InsertOrSwipeCardActivateNfc": [
            "$amount$ Insérer ou faire", 
            "glisser la carte, [OK] pour NFC"
        ], 
        "PINIncorrect": [
            "Saisir le PIN (PIN incorrect)", 
            "$digits$"
        ], 
        "PINLastTry": [
            "Saisir le code PIN (dernier essai)", 
            "$digits$"
        ], 
        "PINOk": [
            "PIN OK", 
            ""
        ], 
        "PINStatus": [
            "Saisir le PIN", 
            "$digits$"
        ], 
        "PresentCard": [
            "$amount$", 
            "Carte SVP"
        ], 
        "Processing": [
            "Processing...", 
            ""
        ], 
        "ProcessingTransaction": [
            "Traitement en cours...", 
            ""
        ], 
        "ProcessingTransaction.REFUND": [
            "Traitement en cours...", 
            ""
        ], 
        "ProcessingTransaction.VERIFICATION": [
            "Processing verification...", 
            ""
        ], 
        "ProvideIdentification": [
            "Identification requise", 
            ""
        ], 
        "ProvideSignature": [
            "Signature requise", 
            ""
        ], 
        "ProvideSignatureWithStatus": [
            "$reason1$", 
            "Signature requise"
        ], 
        "ProviderAccessoryCheckingForUpdate": [
            "Connexion au lecteur ", 
            "de cartes en cours"
        ], 
        "ProviderAccessoryConnecting": [
            "Connexion au lecteur ", 
            "de cartes en cours"
        ], 
        "ProviderAccessoryDisconnecting": [
            "Disconnecting from", 
            "card reader"
        ], 
        "ProviderAccessoryUpdating": [
            "Mise à jour ", 
            "en cours"
        ], 
        "ProviderAccessoryWaitingForReader": [
            "Recherche de lecteur", 
            "Allumer le lecteur"
        ], 
        "ProviderAccessoryConnectingPrinter": [
            "Connexion à l'imprimante", 
            "en cours"
        ], 
        "ProviderAccessoryWaitingForPrinter": [
            "Recherche d'imprimante", 
            "Allumer l'imprimante"
        ], 
        "ProviderAborted": [
            "Paiement interrompu", 
            ""
        ], 
        "ProviderAborted.REFUND": [
            "Remboursement interrompu", 
            ""
        ], 
        "ProviderAborted.VERIFICATION": [
            "Verification aborted", 
            ""
        ], 
        "ProviderApproved": [
            "Paiement accepté", 
            ""
        ], 
        "ProviderApproved.REFUND": [
            "Remboursement accepté", 
            ""
        ], 
        "ProviderApproved.VERIFICATION": [
            "Verification successful", 
            ""
        ], 
        "ProviderAccepted": [
            "Payment accepted", 
            ""
        ], 
        "ProviderAccepted.REFUND": [
            "Refund accepted", 
            ""
        ], 
        "ProviderDeclined": [
            "Paiement refusé", 
            "$reason1$"
        ], 
        "ProviderDeclined.REFUND": [
            "Remboursement refusé", 
            "$reason1$"
        ], 
        "ProviderDeclined.VERIFICATION": [
            "Cannot validate", 
            ""
        ], 
        "ProviderFailed": [
            "Paiement échoué", 
            "$error$"
        ], 
        "ProviderFailed.REFUND": [
            "Remboursement échoué", 
            "$error$"
        ], 
        "ProviderFailed.VERIFICATION": [
            "Verification failed", 
            "$error$"
        ], 
        "ProviderInconclusive": [
            "Paiement sans résultat", 
            " $error$"
        ], 
        "ProviderInconclusive.REFUND": [
            "Remboursement sans résultat", 
            " $error$"
        ], 
        "ProviderInconclusive.VERIFICATION": [
            "Verification inconclusive", 
            "$error$"
        ], 
        "Completed": [
            "Terminé", 
            ""
        ], 
        "Aborted": [
            "Avorté", 
            ""
        ], 
        "Failed": [
            "Echec", 
            ""
        ], 
        "ProviderNotRefundable": [
            "Remboursement", 
            "impossibile"
        ], 
        "ProviderTransactionQuerying": [
            "Contrôle ", 
            "du paiement "
        ], 
        "ProviderTransactionRegistering": [
            "Paiement en cours", 
            "d'enregistrement"
        ], 
        "ProviderAccessoryConfiguringConnectionLink": [
            "Configuration", 
            "du lecteur..."
        ], 
        "ProviderComponentPrinterSending": [
            "Imprimant...", 
            ""
        ], 
        "ProviderComponentPrinterSent": [
            "Imprimant...", 
            ""
        ], 
        "ProviderComponentPrinterAborted": [
            "Impression interrompue", 
            ""
        ], 
        "ProviderComponentPrinterFailed": [
            "Impression échouée", 
            "$error$"
        ], 
        "ReadingEmvCard": [
            "Carte en cours de lecture...", 
            ""
        ], 
        "RemoveCardWithStatus": [
            "$reason1$", 
            "Retirer la carte"
        ], 
        "RemoveCard": [
            "", 
            "Retirer la carte"
        ], 
        "SwipeCard": [
            "$amount$", 
            "Faire glisser la carte"
        ], 
        "SwipeCardWithoutAmount": [
            "Faire glisser la carte", 
            ""
        ], 
        "TransactionAborting": [
            "Paiement interrompu...", 
            ""
        ], 
        "TransactionAborting.REFUND": [
            "Remboursement interrompu...", 
            ""
        ], 
        "TransactionAborting.VERIFICATION": [
            "Aborting verification...", 
            ""
        ], 
        "UpdatingDevice": [
            "Mise à jour...", 
            ""
        ], 
        "UpdatingDeviceConfigurationUpdate": [
            "Mise à jour config.", 
            "Cela peut prendre quelques instants..."
        ], 
        "UpdatingDeviceFirmwareUpdate": [
            "Mise à jour firmware", 
            "Patientez SVP..."
        ], 
        "UpdatingDeviceSoftwareUpdate": [
            "Mise à jour du logiciel. ", 
            "Patientez SVP"
        ], 
        "UpdatingDeviceKeyInjection": [
            "Génération de clé.", 
            "Patientez SVP"
        ], 
        "CardNotSupported": [
            "Carte non reconnue!", 
            "Autre carte ou annuler"
        ], 
        "AskingForTipConfirmation": [
            "$amount$", 
            "Ajouter un pour-boire?"
        ], 
        "ProviderComponentTippingAskingForTip": [
            "Demande de pour-boire en cours...", 
            ""
        ], 
        "PresentOneCardOnly": [
            "Present one card only", 
            ""
        ], 
        "RemoveCardWithSignature": [
            "Signature requise", 
            "Retirer la carte"
        ], 
        "RemoveCardWithIdentification": [
            "Identification requise", 
            "Retirer la carte"
        ], 
        "RemoveCardWithProcessing": [
            "Traitement en cours...", 
            "Retirer la carte"
        ], 
        "RemoveCardWithProcessing.REFUND": [
            "Traitement en cours...", 
            "Retirer la carte"
        ], 
        "RemoveCardWithProcessing.VERIFICATION": [
            "Processing verification...", 
            "Remove card"
        ], 
        "IdleKeepAlive": [
            "Bienvenue", 
            ""
        ], 
        "WaitingForProcessorApproval": [
            "Waiting for approval...", 
            ""
        ], 
        "AskForMotoResultConfirmationAllMatch": [
            "All match", 
            "Approve?"
        ], 
        "AskForMotoResultConfirmationCvvMatchOnly": [
            "CVV match only", 
            "Approve?"
        ], 
        "AskForMotoResultConfirmationAddressMatchOnly": [
            "Address match only", 
            "Approve?"
        ], 
        "AskForMotoResultConfirmationDataNotChecked": [
            "Data not checked", 
            "Approve?"
        ], 
        "AskForMotoResultConfirmationNoDataMatches": [
            "No data matches", 
            "Approve?"
        ], 
        "ProviderComponentMotoEnteringCardDetails": [
            "Entering card details...", 
            ""
        ], 
        "AskingForTotalAmountConfirmation": [
            "$amount$", 
            "Confirmer le montant"
        ], 
        "CreditDebitSelectionTitle": [
            ""
        ], 
        "CreditDebitSelectionCredit": [
            ""
        ], 
        "CreditDebitSelectionDebit": [
            ""
        ]
    }
}