{
    "info": {
        "columns": 20, 
        "locale": "en_US", 
        "rows": 4
    }, 
    "localization": {
        "ApplicationSelection": [
            "", 
            "Prašome pasirinkti", 
            "savo paskyrą", 
            ""
        ], 
        "AuthorizingTransaction": [
            "", 
            "Apdorojamas", 
            "mokėjimas...", 
            ""
        ], 
        "AuthorizingTransaction.REFUND": [
            "", 
            "Apdorojamas", 
            "grąžinimas", 
            ""
        ], 
        "AuthorizingTransaction.VERIFICATION": [
            "", 
            "Processing", 
            "verification...", 
            ""
        ], 
        "BarcodeScannerActive": [
            "", 
            "Brūkšninio kodo", 
            "skaitytuvas", 
            "aktyvus"
        ], 
        "ScanCode": [
            "", 
            "$amount$", 
            "Scan code", 
            ""
        ], 
        "DccCurrencySelectionTitle": [
            "", 
            "Select", 
            "currency", 
            ""
        ], 
        "ActivationSuccessful": [
            "Activation", 
            "Successful", 
            "", 
            "$balance$"
        ], 
        "CardBalanceInquiry": [
            "", 
            "Card balance", 
            "$balance$", 
            ""
        ], 
        "CardNotSupportedMagstripe": [
            "", 
            "Bandykite kitą", 
            "kortelę"
        ], 
        "CardNotSupportedIccMagstripe": [
            "", 
            "Bandykite kitą", 
            "kortelę"
        ], 
        "CardNotSupportedNfc": [
            "Įstatykite, ", 
            "perbraukite arba", 
            "bandykite", 
            "kitą kortelę"
        ], 
        "CompletedWithStatus": [
            "", 
            "$reason1$", 
            "$reason2$", 
            ""
        ], 
        "CompletingTransaction": [
            "", 
            "Apdorojamas", 
            "mokėjimas...", 
            ""
        ], 
        "CompletingTransaction.REFUND": [
            "", 
            "Apdorojamas", 
            "grąžinimas", 
            ""
        ], 
        "CompletingTransaction.VERIFICATION": [
            "", 
            "Processing", 
            "verification...", 
            ""
        ], 
        "GenericError": [
            "", 
            "", 
            "Klaida", 
            ""
        ], 
        "Idle": [
            "", 
            "", 
            "Prašome palaukti...", 
            ""
        ], 
        "InsertCard": [
            "$amount$", 
            "", 
            "Įdėkite kortelę", 
            ""
        ], 
        "InsertOrSwipeCard": [
            "$amount$", 
            "", 
            "Įstatykite arba", 
            "perbraukite kortelę"
        ], 
        "InsertOrSwipeCardActivateNfc": [
            "$amount$", 
            "Įstatykite arba", 
            "perbraukite kortelę", 
            "[OK] NFC"
        ], 
        "PINIncorrect": [
            "", 
            "Įveskite PIN kodą", 
            "$digits$", 
            "(PIN kodas neteisingas)"
        ], 
        "PINLastTry": [
            "", 
            "Įveskite PIN kodą", 
            "$digits$", 
            "(paskutinis bandymas)"
        ], 
        "PINOk": [
            "", 
            "", 
            "PIN KODAS GERAS", 
            ""
        ], 
        "PINStatus": [
            "", 
            "Įveskite PIN kodą", 
            "$digits$", 
            ""
        ], 
        "PresentCard": [
            "$amount$", 
            "", 
            "Pateikite kortelę", 
            ""
        ], 
        "Processing": [
            "", 
            "", 
            "Processing...", 
            ""
        ], 
        "ProcessingTransaction": [
            "", 
            "Apdorojamas", 
            "mokėjimas...", 
            ""
        ], 
        "ProcessingTransaction.REFUND": [
            "", 
            "Apdorojamas", 
            "grąžinimas", 
            ""
        ], 
        "ProcessingTransaction.VERIFICATION": [
            "", 
            "Processing", 
            "verification...", 
            ""
        ], 
        "ProvideIdentification": [
            "", 
            "Identifikacija", 
            "reikalinga", 
            ""
        ], 
        "ProvideSignature": [
            "", 
            "Parašas", 
            "reikalingas", 
            ""
        ], 
        "ProvideSignatureWithStatus": [
            "$reason1$", 
            "$reason2$", 
            "Parašas", 
            "reikalingas"
        ], 
        "ProviderAccessoryCheckingForUpdate": [
            ""
        ], 
        "ProviderAccessoryConnecting": [
            ""
        ], 
        "ProviderAccessoryDisconnecting": [
            ""
        ], 
        "ProviderAccessoryUpdating": [
            ""
        ], 
        "ProviderAccessoryWaitingForReader": [
            ""
        ], 
        "ProviderAccessoryConnectingPrinter": [
            ""
        ], 
        "ProviderAccessoryWaitingForPrinter": [
            ""
        ], 
        "ProviderAborted": [
            ""
        ], 
        "ProviderAborted.REFUND": [
            ""
        ], 
        "ProviderAborted.VERIFICATION": [
            ""
        ], 
        "ProviderApproved": [
            ""
        ], 
        "ProviderApproved.REFUND": [
            ""
        ], 
        "ProviderApproved.VERIFICATION": [
            ""
        ], 
        "ProviderAccepted": [
            ""
        ], 
        "ProviderAccepted.REFUND": [
            ""
        ], 
        "ProviderDeclined": [
            ""
        ], 
        "ProviderDeclined.REFUND": [
            ""
        ], 
        "ProviderDeclined.VERIFICATION": [
            ""
        ], 
        "ProviderFailed": [
            ""
        ], 
        "ProviderFailed.REFUND": [
            ""
        ], 
        "ProviderFailed.VERIFICATION": [
            ""
        ], 
        "ProviderInconclusive": [
            ""
        ], 
        "ProviderInconclusive.REFUND": [
            ""
        ], 
        "ProviderInconclusive.VERIFICATION": [
            ""
        ], 
        "Completed": [
            ""
        ], 
        "Aborted": [
            ""
        ], 
        "Failed": [
            ""
        ], 
        "ProviderNotRefundable": [
            ""
        ], 
        "ProviderTransactionQuerying": [
            ""
        ], 
        "ProviderTransactionRegistering": [
            ""
        ], 
        "ProviderAccessoryConfiguringConnectionLink": [
            ""
        ], 
        "ProviderComponentPrinterSending": [
            ""
        ], 
        "ProviderComponentPrinterSent": [
            ""
        ], 
        "ProviderComponentPrinterAborted": [
            ""
        ], 
        "ProviderComponentPrinterFailed": [
            ""
        ], 
        "ReadingEmvCard": [
            "", 
            "", 
            "Nuskaitoma kortelė..", 
            ""
        ], 
        "RemoveCardWithStatus": [
            "$reason1$", 
            "$reason2$", 
            "", 
            "Išimkite kortelę"
        ], 
        "RemoveCard": [
            "", 
            "", 
            "Išimkite kortelę", 
            ""
        ], 
        "SwipeCard": [
            "$amount$", 
            "", 
            "Perbraukite kortelę", 
            ""
        ], 
        "SwipeCardWithoutAmount": [
            "", 
            "", 
            "Perbraukite kortelę", 
            ""
        ], 
        "TransactionAborting": [
            "", 
            "Nutraukiamas", 
            "mokėjimas...", 
            ""
        ], 
        "TransactionAborting.REFUND": [
            "", 
            "Nutraukiamas", 
            "grąžinimas", 
            ""
        ], 
        "TransactionAborting.VERIFICATION": [
            "", 
            "Aborting", 
            "verification...", 
            ""
        ], 
        "UpdatingDevice": [
            "", 
            "", 
            "Atnaujinama...", 
            ""
        ], 
        "UpdatingDeviceConfigurationUpdate": [
            "Atnaujinama", 
            "konfigūracija", 
            "", 
            "Prašome palaukti..."
        ], 
        "UpdatingDeviceFirmwareUpdate": [
            "Atnaujinama", 
            "gamintojo", 
            "programinė įranga", 
            "Prašome palaukti..."
        ], 
        "UpdatingDeviceKeyInjection": [
            "Generuojami raktai", 
            "", 
            "", 
            "Prašome palaukti..."
        ], 
        "UpdatingDeviceSoftwareUpdate": [
            "Atnaujinama", 
            "programinė įranga", 
            "", 
            "Prašome palaukti..."
        ], 
        "CardNotSupported": [
            "Kortelė nėra", 
            "palaikoma!", 
            "Bandykite kitą arba", 
            "spauskite atšaukti"
        ], 
        "AskingForTipConfirmation": [
            "$amount$", 
            "", 
            "Pridėti ARBATPINIGIŲ", 
            " [X] Ne     [OK] Taip"
        ], 
        "ProviderComponentTippingAskingForTip": [
            ""
        ], 
        "PresentOneCardOnly": [
            "", 
            "Pateikite tik", 
            "vieną kortelę", 
            ""
        ], 
        "RemoveCardWithSignature": [
            "Parašas", 
            "reikalingas", 
            "", 
            "Išimkite kortelę"
        ], 
        "RemoveCardWithIdentification": [
            "Identifikacija", 
            "reikalinga", 
            "", 
            "Išimkite kortelę"
        ], 
        "RemoveCardWithProcessing": [
            "Apdorojamas", 
            "mokėjimas...", 
            "", 
            "Išimkite kortelę"
        ], 
        "RemoveCardWithProcessing.REFUND": [
            "Apdorojamas", 
            "grąžinimas", 
            "", 
            "Išimkite kortelę"
        ], 
        "RemoveCardWithProcessing.VERIFICATION": [
            "Processing", 
            "verification...", 
            "", 
            "Remove card"
        ], 
        "IdleKeepAlive": [
            "", 
            "", 
            "Sveiki atvykę", 
            ""
        ], 
        "WaitingForProcessorApproval": [
            ""
        ], 
        "AskForMotoResultConfirmationAllMatch": [
            "All match", 
            "Approve?", 
            "", 
            " [X] No     [OK] Yes"
        ], 
        "AskForMotoResultConfirmationCvvMatchOnly": [
            "CVV match only", 
            "Approve?", 
            "", 
            " [X] No     [OK] Yes"
        ], 
        "AskForMotoResultConfirmationAddressMatchOnly": [
            "Address match only", 
            "Approve?", 
            "", 
            " [X] No     [OK] Yes"
        ], 
        "AskForMotoResultConfirmationDataNotChecked": [
            "Data not checked", 
            "Approve?", 
            "", 
            " [X] No     [OK] Yes"
        ], 
        "AskForMotoResultConfirmationNoDataMatches": [
            "No data matches", 
            "Approve?", 
            "", 
            " [X] No     [OK] Yes"
        ], 
        "ProviderComponentMotoEnteringCardDetails": [
            ""
        ], 
        "AskingForTotalAmountConfirmation": [
            "$amount$", 
            "Confirm Amount", 
            "", 
            "[X] No     [OK] Yes"
        ], 
        "CreditDebitSelectionTitle": [
            ""
        ], 
        "CreditDebitSelectionCredit": [
            ""
        ], 
        "CreditDebitSelectionDebit": [
            ""
        ]
    }
}