{
    "info": {
        "columns": 20, 
        "locale": "it_IT", 
        "rows": 4
    }, 
    "localization": {
        "ApplicationSelection": [
            "", 
            "Selezionare", 
            "il conto", 
            ""
        ], 
        "AuthorizingTransaction": [
            "", 
            "Elaborazione", 
            "pagamento...", 
            ""
        ], 
        "AuthorizingTransaction.REFUND": [
            "", 
            "Elaborazione", 
            "rimborso...", 
            ""
        ], 
        "AuthorizingTransaction.VERIFICATION": [
            "", 
            "Processing", 
            "verification...", 
            ""
        ], 
        "BarcodeScannerActive": [
            "", 
            "Scanner codice a ", 
            "barre attivo", 
            ""
        ], 
        "ScanCode": [
            "", 
            "$amount$", 
            "Scan code", 
            ""
        ], 
        "DccCurrencySelectionTitle": [
            "", 
            "Select", 
            "currency", 
            ""
        ], 
        "ActivationSuccessful": [
            "Activation", 
            "Successful", 
            "", 
            "$balance$"
        ], 
        "CardBalanceInquiry": [
            "", 
            "Card balance", 
            "$balance$", 
            ""
        ], 
        "CardNotSupportedMagstripe": [
            "", 
            "", 
            "Utilizzare", 
            "altra carta"
        ], 
        "CardNotSupportedIccMagstripe": [
            "", 
            "", 
            "Utilizzare", 
            "altra carta"
        ], 
        "CardNotSupportedNfc": [
            "", 
            "Inserire,", 
            "strisciare o", 
            "altra carta"
        ], 
        "CompletedWithStatus": [
            "", 
            "$reason1$", 
            "$reason2$", 
            ""
        ], 
        "CompletingTransaction": [
            "", 
            "Elaborazione", 
            "pagamento...", 
            ""
        ], 
        "CompletingTransaction.REFUND": [
            "", 
            "Elaborazione", 
            "rimborso...", 
            ""
        ], 
        "CompletingTransaction.VERIFICATION": [
            "", 
            "Processing", 
            "verification...", 
            ""
        ], 
        "GenericError": [
            "", 
            "", 
            "Errore", 
            ""
        ], 
        "Idle": [
            "", 
            "Pazientare ", 
            "qualche istante...", 
            ""
        ], 
        "InsertCard": [
            "$amount$", 
            " ", 
            "Inserire la carta", 
            ""
        ], 
        "InsertOrSwipeCard": [
            "$amount$", 
            "", 
            "Inserire o", 
            "strisciare la carta"
        ], 
        "InsertOrSwipeCardActivateNfc": [
            "$amount$", 
            "Inserire o", 
            "strisciare la carta", 
            "[OK] per NFC"
        ], 
        "PINIncorrect": [
            "", 
            "Inserire il PIN", 
            "$digits$", 
            "(PIN errato)"
        ], 
        "PINLastTry": [
            "", 
            "Inserire il PIN", 
            "$digits$", 
            "(ultimo tentativo)"
        ], 
        "PINOk": [
            "", 
            "", 
            "PIN OK", 
            ""
        ], 
        "PINStatus": [
            "", 
            "Inserire il PIN", 
            "$digits$", 
            ""
        ], 
        "PresentCard": [
            "$amount$", 
            "", 
            "Carta per favore", 
            ""
        ], 
        "Processing": [
            "", 
            "", 
            "Processing...", 
            ""
        ], 
        "ProcessingTransaction": [
            "", 
            "Elaborazione", 
            "pagamento...", 
            ""
        ], 
        "ProcessingTransaction.REFUND": [
            "", 
            "Elaborazione", 
            "rimborso...", 
            ""
        ], 
        "ProcessingTransaction.VERIFICATION": [
            "", 
            "Processing", 
            "verification...", 
            ""
        ], 
        "ProvideIdentification": [
            "", 
            "Identificazione", 
            "necessaria", 
            ""
        ], 
        "ProvideSignature": [
            "", 
            "Necessaria", 
            "firma", 
            ""
        ], 
        "ProvideSignatureWithStatus": [
            "$reason1$", 
            "$reason2$", 
            "Necessaria", 
            "firma"
        ], 
        "ProviderAccessoryCheckingForUpdate": [
            ""
        ], 
        "ProviderAccessoryConnecting": [
            ""
        ], 
        "ProviderAccessoryDisconnecting": [
            ""
        ], 
        "ProviderAccessoryUpdating": [
            ""
        ], 
        "ProviderAccessoryWaitingForReader": [
            ""
        ], 
        "ProviderAccessoryConnectingPrinter": [
            ""
        ], 
        "ProviderAccessoryWaitingForPrinter": [
            ""
        ], 
        "ProviderAborted": [
            ""
        ], 
        "ProviderAborted.REFUND": [
            ""
        ], 
        "ProviderAborted.VERIFICATION": [
            ""
        ], 
        "ProviderApproved": [
            ""
        ], 
        "ProviderApproved.REFUND": [
            ""
        ], 
        "ProviderApproved.VERIFICATION": [
            ""
        ], 
        "ProviderAccepted": [
            ""
        ], 
        "ProviderAccepted.REFUND": [
            ""
        ], 
        "ProviderDeclined": [
            ""
        ], 
        "ProviderDeclined.REFUND": [
            ""
        ], 
        "ProviderDeclined.VERIFICATION": [
            ""
        ], 
        "ProviderFailed": [
            ""
        ], 
        "ProviderFailed.REFUND": [
            ""
        ], 
        "ProviderFailed.VERIFICATION": [
            ""
        ], 
        "ProviderInconclusive": [
            ""
        ], 
        "ProviderInconclusive.REFUND": [
            ""
        ], 
        "ProviderInconclusive.VERIFICATION": [
            ""
        ], 
        "Completed": [
            ""
        ], 
        "Aborted": [
            ""
        ], 
        "Failed": [
            ""
        ], 
        "ProviderNotRefundable": [
            ""
        ], 
        "ProviderTransactionQuerying": [
            ""
        ], 
        "ProviderTransactionRegistering": [
            ""
        ], 
        "ProviderAccessoryConfiguringConnectionLink": [
            ""
        ], 
        "ProviderComponentPrinterSending": [
            ""
        ], 
        "ProviderComponentPrinterSent": [
            ""
        ], 
        "ProviderComponentPrinterAborted": [
            ""
        ], 
        "ProviderComponentPrinterFailed": [
            ""
        ], 
        "ReadingEmvCard": [
            "", 
            "Lettura", 
            "della carta...", 
            ""
        ], 
        "RemoveCardWithStatus": [
            "$reason1$", 
            "$reason2$", 
            "", 
            "Prendere la carta"
        ], 
        "RemoveCard": [
            "", 
            "", 
            "Prendere la carta", 
            ""
        ], 
        "SwipeCard": [
            "$amount$ ", 
            " ", 
            "Strisciare la carta", 
            ""
        ], 
        "SwipeCardWithoutAmount": [
            " ", 
            " ", 
            "Strisciare la carta", 
            ""
        ], 
        "TransactionAborting": [
            "", 
            "Il pagamento", 
            "viene interrotto...", 
            ""
        ], 
        "TransactionAborting.REFUND": [
            "", 
            "Rimborso", 
            "viene interrotto...", 
            ""
        ], 
        "TransactionAborting.VERIFICATION": [
            "", 
            "Aborting", 
            "verification...", 
            ""
        ], 
        "UpdatingDevice": [
            "", 
            "Il dispositivo viene", 
            "aggiornato...", 
            ""
        ], 
        "UpdatingDeviceConfigurationUpdate": [
            "Update config", 
            "", 
            "Può richiedere", 
            "alcuni istanti..."
        ], 
        "UpdatingDeviceFirmwareUpdate": [
            "Firmware-Update", 
            "", 
            "Può richiedere", 
            "più tempo..."
        ], 
        "UpdatingDeviceKeyInjection": [
            "Generazione chiave", 
            "", 
            "Può richiedere", 
            "alcuni istanti..."
        ], 
        "UpdatingDeviceSoftwareUpdate": [
            "Aggiornamento", 
            "software", 
            "", 
            "Attendere prego..."
        ], 
        "CardNotSupported": [
            "Carta non", 
            "supportata! Inserire", 
            "un’altra carta o", 
            "interrompere"
        ], 
        "AskingForTipConfirmation": [
            "$amount$", 
            " ", 
            " Aggiungere MANCIA?", 
            " [X] No      [OK] Sì"
        ], 
        "ProviderComponentTippingAskingForTip": [
            ""
        ], 
        "PresentOneCardOnly": [
            "", 
            "Present one", 
            "card only", 
            ""
        ], 
        "RemoveCardWithSignature": [
            "Necessaria", 
            "firma", 
            "", 
            "Prendere la carta"
        ], 
        "RemoveCardWithIdentification": [
            "Identificazione", 
            "necessaria", 
            "", 
            "Prendere la carta"
        ], 
        "RemoveCardWithProcessing": [
            "Elaborazione", 
            "pagamento...", 
            "", 
            "Prendere la carta"
        ], 
        "RemoveCardWithProcessing.REFUND": [
            "Elaborazione", 
            "rimborso...", 
            "", 
            "Prendere la carta"
        ], 
        "RemoveCardWithProcessing.VERIFICATION": [
            "Processing", 
            "verification...", 
            "", 
            "Remove card"
        ], 
        "IdleKeepAlive": [
            "", 
            "", 
            "Benvenuto", 
            ""
        ], 
        "WaitingForProcessorApproval": [
            ""
        ], 
        "AskForMotoResultConfirmationAllMatch": [
            "All match", 
            "Approve?", 
            "", 
            " [X] No     [OK] Yes"
        ], 
        "AskForMotoResultConfirmationCvvMatchOnly": [
            "CVV match only", 
            "Approve?", 
            "", 
            " [X] No     [OK] Yes"
        ], 
        "AskForMotoResultConfirmationAddressMatchOnly": [
            "Address match only", 
            "Approve?", 
            "", 
            " [X] No     [OK] Yes"
        ], 
        "AskForMotoResultConfirmationDataNotChecked": [
            "Data not checked", 
            "Approve?", 
            "", 
            " [X] No     [OK] Yes"
        ], 
        "AskForMotoResultConfirmationNoDataMatches": [
            "No data matches", 
            "Approve?", 
            "", 
            " [X] No     [OK] Yes"
        ], 
        "ProviderComponentMotoEnteringCardDetails": [
            ""
        ], 
        "AskingForTotalAmountConfirmation": [
            "$amount$", 
            "Confermare ammontare", 
            "", 
            "[X] No      [OK] Si"
        ], 
        "CreditDebitSelectionTitle": [
            ""
        ], 
        "CreditDebitSelectionCredit": [
            ""
        ], 
        "CreditDebitSelectionDebit": [
            ""
        ]
    }
}