{
    "info": {
        "columns": 40, 
        "locale": "pt_PT", 
        "rows": 2
    }, 
    "localization": {
        "ApplicationSelection": [
            "Por favor selecione a sua conta", 
            ""
        ], 
        "AuthorizingTransaction": [
            "A processar pagamento...", 
            ""
        ], 
        "AuthorizingTransaction.REFUND": [
            "A processar reembolso...", 
            ""
        ], 
        "AuthorizingTransaction.VERIFICATION": [
            "Processing verification...", 
            ""
        ], 
        "BarcodeScannerActive": [
            "Leitor de código de barras", 
            "ativo"
        ], 
        "ScanCode": [
            "$amount$", 
            "Scan code"
        ], 
        "DccCurrencySelectionTitle": [
            "Select currency", 
            ""
        ], 
        "ActivationSuccessful": [
            "Activation Successful", 
            "$balance$"
        ], 
        "CardBalanceInquiry": [
            "Card balance", 
            "$balance$"
        ], 
        "CardNotSupportedMagstripe": [
            "", 
            "Tente outro cartão"
        ], 
        "CardNotSupportedIccMagstripe": [
            "", 
            "Tente outro cartão"
        ], 
        "CardNotSupportedNfc": [
            "Insira, passe ou", 
            "outro cartão"
        ], 
        "CompletedWithStatus": [
            "$reason1$", 
            ""
        ], 
        "CompletingTransaction": [
            "A processar pagamento...", 
            ""
        ], 
        "CompletingTransaction.REFUND": [
            "A processar reembolso...", 
            ""
        ], 
        "CompletingTransaction.VERIFICATION": [
            "Processing verification...", 
            ""
        ], 
        "GenericError": [
            "Erro", 
            ""
        ], 
        "Idle": [
            "Por favor aguarde...", 
            ""
        ], 
        "InsertCard": [
            "$amount$", 
            "Insira cartão"
        ], 
        "InsertOrSwipeCard": [
            "$amount$", 
            "Insira ou passe cartão"
        ], 
        "InsertOrSwipeCardActivateNfc": [
            "$amount$ Insira ou passe", 
            "cartão, [OK] para NFC"
        ], 
        "PINIncorrect": [
            "Insira o PIN (incorreto)", 
            "$digits$"
        ], 
        "PINLastTry": [
            "Insira o PIN (última tentativa)", 
            "$digits$"
        ], 
        "PINOk": [
            "PIN OK", 
            ""
        ], 
        "PINStatus": [
            "Insira o PIN", 
            "$digits$"
        ], 
        "PresentCard": [
            "$amount$", 
            "Cartão por favor"
        ], 
        "Processing": [
            "Processing...", 
            ""
        ], 
        "ProcessingTransaction": [
            "A processar pagamento...", 
            ""
        ], 
        "ProcessingTransaction.REFUND": [
            "A processar reembolso...", 
            ""
        ], 
        "ProcessingTransaction.VERIFICATION": [
            "Processing verification...", 
            ""
        ], 
        "ProvideIdentification": [
            "Identificação necessária", 
            ""
        ], 
        "ProvideSignature": [
            "Assinatura necessária", 
            ""
        ], 
        "ProvideSignatureWithStatus": [
            "$reason1$", 
            "Assinatura necessária"
        ], 
        "ProviderAccessoryCheckingForUpdate": [
            "A conectar ao", 
            "leitor de cartões"
        ], 
        "ProviderAccessoryConnecting": [
            "A conectar ao", 
            "leitor de cartões"
        ], 
        "ProviderAccessoryDisconnecting": [
            "Disconnecting from", 
            "card reader"
        ], 
        "ProviderAccessoryUpdating": [
            "Atualização", 
            "a decorrer"
        ], 
        "ProviderAccessoryWaitingForReader": [
            "Procurando o leitor", 
            "Por favor ligue o leitor"
        ], 
        "ProviderAccessoryConnectingPrinter": [
            "A conectar à", 
            "impressora"
        ], 
        "ProviderAccessoryWaitingForPrinter": [
            "Procurando o impressora", 
            "Por favor ligue o impressora"
        ], 
        "ProviderAborted": [
            "Pagamento abortado", 
            ""
        ], 
        "ProviderAborted.REFUND": [
            "Restituição abortado", 
            ""
        ], 
        "ProviderAborted.VERIFICATION": [
            "Verification aborted", 
            ""
        ], 
        "ProviderApproved": [
            "Pagamento aprovado", 
            ""
        ], 
        "ProviderApproved.REFUND": [
            "Restituição aprovado", 
            ""
        ], 
        "ProviderApproved.VERIFICATION": [
            "Verification successful", 
            ""
        ], 
        "ProviderAccepted": [
            "Payment accepted", 
            ""
        ], 
        "ProviderAccepted.REFUND": [
            "Refund accepted", 
            ""
        ], 
        "ProviderDeclined": [
            "Pagamento recusado", 
            "$reason1$"
        ], 
        "ProviderDeclined.REFUND": [
            "Restituição recusado", 
            "$reason1$"
        ], 
        "ProviderDeclined.VERIFICATION": [
            "Cannot validate", 
            ""
        ], 
        "ProviderFailed": [
            "Pagamento falhou", 
            "$error$"
        ], 
        "ProviderFailed.REFUND": [
            "Restituição falhou", 
            "$error$"
        ], 
        "ProviderFailed.VERIFICATION": [
            "Verification failed", 
            "$error$"
        ], 
        "ProviderInconclusive": [
            "Pagamento inconclusivo", 
            " $error$"
        ], 
        "ProviderInconclusive.REFUND": [
            "Restituição inconclusivo", 
            " $error$"
        ], 
        "ProviderInconclusive.VERIFICATION": [
            "Verification inconclusive", 
            "$error$"
        ], 
        "Completed": [
            "Terminado", 
            ""
        ], 
        "Aborted": [
            "Abortado", 
            ""
        ], 
        "Failed": [
            "Falhou", 
            ""
        ], 
        "ProviderNotRefundable": [
            "Reembolso", 
            "não é possivel"
        ], 
        "ProviderTransactionQuerying": [
            "Verificação do", 
            "pagamento"
        ], 
        "ProviderTransactionRegistering": [
            "A registar transação", 
            ""
        ], 
        "ProviderAccessoryConfiguringConnectionLink": [
            "A configurar", 
            "o leitor..."
        ], 
        "ProviderComponentPrinterSending": [
            "A imprimir...", 
            ""
        ], 
        "ProviderComponentPrinterSent": [
            "A imprimir...", 
            ""
        ], 
        "ProviderComponentPrinterAborted": [
            "Impressão abortada", 
            ""
        ], 
        "ProviderComponentPrinterFailed": [
            "Impressão falhou", 
            "$error$"
        ], 
        "ReadingEmvCard": [
            "A ler cartão...", 
            ""
        ], 
        "RemoveCardWithStatus": [
            "$reason1$", 
            "Remova o cartão"
        ], 
        "RemoveCard": [
            "", 
            "Remova cartão"
        ], 
        "SwipeCard": [
            "$amount$", 
            "Passe cartão"
        ], 
        "SwipeCardWithoutAmount": [
            "Passe cartão", 
            ""
        ], 
        "TransactionAborting": [
            "A abortar pagamento...", 
            ""
        ], 
        "TransactionAborting.REFUND": [
            "A abortar restituição...", 
            ""
        ], 
        "TransactionAborting.VERIFICATION": [
            "Aborting verification...", 
            ""
        ], 
        "UpdatingDevice": [
            "A atualizar...", 
            ""
        ], 
        "UpdatingDeviceConfigurationUpdate": [
            "Config-update", 
            "A operação pode levar algum tempo..."
        ], 
        "UpdatingDeviceFirmwareUpdate": [
            "A atualizar o Firmware", 
            "A operação pode levar algum tempo"
        ], 
        "UpdatingDeviceSoftwareUpdate": [
            "A atualizar software", 
            "A operação pode levar algum tempo"
        ], 
        "UpdatingDeviceKeyInjection": [
            "A gerar chaves", 
            "A operação pode levar algum tempo"
        ], 
        "CardNotSupported": [
            "Cartão não suportado!", 
            "Tente outro cartão ou anule a operação"
        ], 
        "AskingForTipConfirmation": [
            "$amount$", 
            "Adicionar GORJETA?"
        ], 
        "ProviderComponentTippingAskingForTip": [
            "A pedir GORJETA...", 
            ""
        ], 
        "PresentOneCardOnly": [
            "Present one card only", 
            ""
        ], 
        "RemoveCardWithSignature": [
            "Assinatura necessária", 
            "Remova o cartão"
        ], 
        "RemoveCardWithIdentification": [
            "Identificação necessária", 
            "Remova o cartão"
        ], 
        "RemoveCardWithProcessing": [
            "A processar pagamento...", 
            "Remova o cartão"
        ], 
        "RemoveCardWithProcessing.REFUND": [
            "A processar reembolso...", 
            "Remova o cartão"
        ], 
        "RemoveCardWithProcessing.VERIFICATION": [
            "Processing verification...", 
            "Remove card"
        ], 
        "IdleKeepAlive": [
            "Bem-vindo", 
            ""
        ], 
        "WaitingForProcessorApproval": [
            "Waiting for approval...", 
            ""
        ], 
        "AskForMotoResultConfirmationAllMatch": [
            "All match", 
            "Approve?"
        ], 
        "AskForMotoResultConfirmationCvvMatchOnly": [
            "CVV match only", 
            "Approve?"
        ], 
        "AskForMotoResultConfirmationAddressMatchOnly": [
            "Address match only", 
            "Approve?"
        ], 
        "AskForMotoResultConfirmationDataNotChecked": [
            "Data not checked", 
            "Approve?"
        ], 
        "AskForMotoResultConfirmationNoDataMatches": [
            "No data matches", 
            "Approve?"
        ], 
        "ProviderComponentMotoEnteringCardDetails": [
            "Entering card details...", 
            ""
        ], 
        "AskingForTotalAmountConfirmation": [
            "$amount$", 
            "Confirmar o valor"
        ], 
        "CreditDebitSelectionTitle": [
            ""
        ], 
        "CreditDebitSelectionCredit": [
            ""
        ], 
        "CreditDebitSelectionDebit": [
            ""
        ]
    }
}