{
    "info": {
        "columns": 20, 
        "locale": "pt_PT", 
        "rows": 4
    }, 
    "localization": {
        "ApplicationSelection": [
            "", 
            "Por favor", 
            "selecione conta", 
            ""
        ], 
        "AuthorizingTransaction": [
            "", 
            "A processar", 
            "pagamento...", 
            ""
        ], 
        "AuthorizingTransaction.REFUND": [
            "", 
            "A processar", 
            "reembolso...", 
            ""
        ], 
        "AuthorizingTransaction.VERIFICATION": [
            "", 
            "Processing", 
            "verification...", 
            ""
        ], 
        "BarcodeScannerActive": [
            "", 
            "Leitor de", 
            "códigos de barra", 
            "ativo"
        ], 
        "ScanCode": [
            "", 
            "$amount$", 
            "Scan code", 
            ""
        ], 
        "DccCurrencySelectionTitle": [
            "", 
            "Select", 
            "currency", 
            ""
        ], 
        "ActivationSuccessful": [
            "Activation", 
            "Successful", 
            "", 
            "$balance$"
        ], 
        "CardBalanceInquiry": [
            "", 
            "Card balance", 
            "$balance$", 
            ""
        ], 
        "CardNotSupportedMagstripe": [
            "", 
            "", 
            "Tente outro cartão", 
            ""
        ], 
        "CardNotSupportedIccMagstripe": [
            "", 
            "", 
            "Tente outro cartão", 
            ""
        ], 
        "CardNotSupportedNfc": [
            "", 
            "Insira,", 
            "passe ou", 
            "outro cartão"
        ], 
        "CompletedWithStatus": [
            "", 
            "$reason1$", 
            "$reason2$", 
            ""
        ], 
        "CompletingTransaction": [
            "", 
            "A processar", 
            "pagamento...", 
            ""
        ], 
        "CompletingTransaction.REFUND": [
            "", 
            "A processar", 
            "reembolso...", 
            ""
        ], 
        "CompletingTransaction.VERIFICATION": [
            "", 
            "Processing", 
            "verification...", 
            ""
        ], 
        "GenericError": [
            "", 
            "", 
            "Erro", 
            ""
        ], 
        "Idle": [
            "", 
            "Por favor ", 
            "aguarde...", 
            ""
        ], 
        "InsertCard": [
            "$amount$", 
            "", 
            "Insira cartão", 
            ""
        ], 
        "InsertOrSwipeCard": [
            "$amount$", 
            "", 
            "Insira ou", 
            "passe cartão"
        ], 
        "InsertOrSwipeCardActivateNfc": [
            "$amount$", 
            "Insira ou", 
            "passe cartão", 
            "[OK] para NFC"
        ], 
        "PINIncorrect": [
            "", 
            "Inserir PIN", 
            "$digits$", 
            "(PIN incorreto)"
        ], 
        "PINLastTry": [
            "", 
            "Inserir PIN", 
            "$digits$", 
            "(última tentativa)"
        ], 
        "PINOk": [
            "", 
            "", 
            "PIN OK", 
            ""
        ], 
        "PINStatus": [
            "", 
            "Inserir PIN", 
            "$digits$", 
            ""
        ], 
        "PresentCard": [
            "$amount$", 
            "", 
            "Cartão por favor", 
            ""
        ], 
        "Processing": [
            "", 
            "", 
            "Processing...", 
            ""
        ], 
        "ProcessingTransaction": [
            "", 
            "A processar", 
            "pagamento...", 
            ""
        ], 
        "ProcessingTransaction.REFUND": [
            "", 
            "A processar", 
            "reembolso...", 
            ""
        ], 
        "ProcessingTransaction.VERIFICATION": [
            "", 
            "Processing", 
            "verification...", 
            ""
        ], 
        "ProvideIdentification": [
            "", 
            "Identificação", 
            "necessária", 
            ""
        ], 
        "ProvideSignature": [
            "", 
            "Assinatura", 
            "necessária", 
            ""
        ], 
        "ProvideSignatureWithStatus": [
            "$reason1$", 
            "$reason2$", 
            "Assinatura", 
            "necessária"
        ], 
        "ProviderAccessoryCheckingForUpdate": [
            ""
        ], 
        "ProviderAccessoryConnecting": [
            ""
        ], 
        "ProviderAccessoryDisconnecting": [
            ""
        ], 
        "ProviderAccessoryUpdating": [
            ""
        ], 
        "ProviderAccessoryWaitingForReader": [
            ""
        ], 
        "ProviderAccessoryConnectingPrinter": [
            ""
        ], 
        "ProviderAccessoryWaitingForPrinter": [
            ""
        ], 
        "ProviderAborted": [
            ""
        ], 
        "ProviderAborted.REFUND": [
            ""
        ], 
        "ProviderAborted.VERIFICATION": [
            ""
        ], 
        "ProviderApproved": [
            ""
        ], 
        "ProviderApproved.REFUND": [
            ""
        ], 
        "ProviderApproved.VERIFICATION": [
            ""
        ], 
        "ProviderAccepted": [
            ""
        ], 
        "ProviderAccepted.REFUND": [
            ""
        ], 
        "ProviderDeclined": [
            ""
        ], 
        "ProviderDeclined.REFUND": [
            ""
        ], 
        "ProviderDeclined.VERIFICATION": [
            ""
        ], 
        "ProviderFailed": [
            ""
        ], 
        "ProviderFailed.REFUND": [
            ""
        ], 
        "ProviderFailed.VERIFICATION": [
            ""
        ], 
        "ProviderInconclusive": [
            ""
        ], 
        "ProviderInconclusive.REFUND": [
            ""
        ], 
        "ProviderInconclusive.VERIFICATION": [
            ""
        ], 
        "Completed": [
            ""
        ], 
        "Aborted": [
            ""
        ], 
        "Failed": [
            ""
        ], 
        "ProviderNotRefundable": [
            ""
        ], 
        "ProviderTransactionQuerying": [
            ""
        ], 
        "ProviderTransactionRegistering": [
            ""
        ], 
        "ProviderAccessoryConfiguringConnectionLink": [
            ""
        ], 
        "ProviderComponentPrinterSending": [
            ""
        ], 
        "ProviderComponentPrinterSent": [
            ""
        ], 
        "ProviderComponentPrinterAborted": [
            ""
        ], 
        "ProviderComponentPrinterFailed": [
            ""
        ], 
        "ReadingEmvCard": [
            "", 
            "A ler", 
            "cartão...", 
            ""
        ], 
        "RemoveCardWithStatus": [
            "$reason1$", 
            "$reason2$", 
            "", 
            "Remova cartão"
        ], 
        "RemoveCard": [
            "", 
            "", 
            "Remova cartão", 
            ""
        ], 
        "SwipeCard": [
            "$amount$", 
            "", 
            "Passar cartão", 
            ""
        ], 
        "SwipeCardWithoutAmount": [
            "", 
            "", 
            "Passar cartão", 
            ""
        ], 
        "TransactionAborting": [
            "", 
            "A abortar", 
            "pagamento...", 
            ""
        ], 
        "TransactionAborting.REFUND": [
            "", 
            "A abortar", 
            "restituição...", 
            ""
        ], 
        "TransactionAborting.VERIFICATION": [
            "", 
            "Aborting", 
            "verification...", 
            ""
        ], 
        "UpdatingDevice": [
            "", 
            "", 
            "A atualizar...", 
            ""
        ], 
        "UpdatingDeviceConfigurationUpdate": [
            "Config-update", 
            "A operação", 
            "pode levar", 
            "algum tempo..."
        ], 
        "UpdatingDeviceFirmwareUpdate": [
            "Firmware-Update", 
            "A operação", 
            "pode levar", 
            "algum tempo..."
        ], 
        "UpdatingDeviceKeyInjection": [
            "A gerar chaves", 
            "A operação", 
            "pode levar", 
            "algum tempo..."
        ], 
        "UpdatingDeviceSoftwareUpdate": [
            "Software-Update", 
            "A operação", 
            "pode levar", 
            "algum tempo..."
        ], 
        "CardNotSupported": [
            "Cartão não", 
            "suportado!", 
            "Tente outro", 
            "ou cancele"
        ], 
        "AskingForTipConfirmation": [
            "$amount$", 
            " ", 
            " Adicionar GORJETA?", 
            " [X] Não    [OK] Sim"
        ], 
        "ProviderComponentTippingAskingForTip": [
            ""
        ], 
        "PresentOneCardOnly": [
            "", 
            "Present one", 
            "card only", 
            ""
        ], 
        "RemoveCardWithSignature": [
            "Assinatura", 
            "necessária", 
            "", 
            "Remova cartão"
        ], 
        "RemoveCardWithIdentification": [
            "Identificação", 
            "necessária", 
            "", 
            "Remova cartão"
        ], 
        "RemoveCardWithProcessing": [
            "A processar", 
            "pagamento...", 
            "", 
            "Remova cartão"
        ], 
        "RemoveCardWithProcessing.REFUND": [
            "A processar", 
            "reembolso...", 
            "", 
            "Remova cartão"
        ], 
        "RemoveCardWithProcessing.VERIFICATION": [
            "Processing", 
            "verification...", 
            "", 
            "Remove card"
        ], 
        "IdleKeepAlive": [
            "", 
            "", 
            "Bem-vindo", 
            ""
        ], 
        "WaitingForProcessorApproval": [
            ""
        ], 
        "AskForMotoResultConfirmationAllMatch": [
            "All match", 
            "Approve?", 
            "", 
            " [X] No     [OK] Yes"
        ], 
        "AskForMotoResultConfirmationCvvMatchOnly": [
            "CVV match only", 
            "Approve?", 
            "", 
            " [X] No     [OK] Yes"
        ], 
        "AskForMotoResultConfirmationAddressMatchOnly": [
            "Address match only", 
            "Approve?", 
            "", 
            " [X] No     [OK] Yes"
        ], 
        "AskForMotoResultConfirmationDataNotChecked": [
            "Data not checked", 
            "Approve?", 
            "", 
            " [X] No     [OK] Yes"
        ], 
        "AskForMotoResultConfirmationNoDataMatches": [
            "No data matches", 
            "Approve?", 
            "", 
            " [X] No     [OK] Yes"
        ], 
        "ProviderComponentMotoEnteringCardDetails": [
            ""
        ], 
        "AskingForTotalAmountConfirmation": [
            "$amount$", 
            "Confirmar o valor", 
            "", 
            "[X] Não    [OK] Sim"
        ], 
        "CreditDebitSelectionTitle": [
            ""
        ], 
        "CreditDebitSelectionCredit": [
            ""
        ], 
        "CreditDebitSelectionDebit": [
            ""
        ]
    }
}