{
    "info": {
        "columns": 40, 
        "locale": "pl_PL", 
        "rows": 2
    }, 
    "localization": {
        "ApplicationSelection": [
            "Wybierz ", 
            "swoje konto"
        ], 
        "AuthorizingTransaction": [
            "Przetwarzanie płatności...", 
            ""
        ], 
        "AuthorizingTransaction.REFUND": [
            "Przetwarzanie spłata...", 
            ""
        ], 
        "AuthorizingTransaction.VERIFICATION": [
            "Processing verification...", 
            ""
        ], 
        "BarcodeScannerActive": [
            "Włączony skaner", 
            "kodów kreskowych"
        ], 
        "ScanCode": [
            "$amount$", 
            "Scan code"
        ], 
        "DccCurrencySelectionTitle": [
            "Select currency", 
            ""
        ], 
        "ActivationSuccessful": [
            "Activation Successful", 
            "$balance$"
        ], 
        "CardBalanceInquiry": [
            "Card balance", 
            "$balance$"
        ], 
        "CardNotSupportedMagstripe": [
            "Spróbuj inną kartę", 
            ""
        ], 
        "CardNotSupportedIccMagstripe": [
            "Spróbuj inną kartę", 
            ""
        ], 
        "CardNotSupportedNfc": [
            "Włóż, przeciągnij", 
            "lub spróbuj inną kartę"
        ], 
        "CompletedWithStatus": [
            "$reason1$", 
            ""
        ], 
        "CompletingTransaction": [
            "Przetwarzanie płatności...", 
            ""
        ], 
        "CompletingTransaction.REFUND": [
            "Przetwarzanie spłata...", 
            ""
        ], 
        "CompletingTransaction.VERIFICATION": [
            "Processing verification...", 
            ""
        ], 
        "GenericError": [
            "Błąd", 
            ""
        ], 
        "Idle": [
            "Proszę czekać...", 
            ""
        ], 
        "InsertCard": [
            "$amount$", 
            "Włóż kartę"
        ], 
        "InsertOrSwipeCard": [
            "$amount$", 
            "Włóż lub przeciągnij kartę"
        ], 
        "InsertOrSwipeCardActivateNfc": [
            "$amount$ Włóż lub przeciągnij kartę", 
            "[OK] dla NFC"
        ], 
        "PINIncorrect": [
            "Wprowadź PIN (niepoprawny)", 
            "$digits$"
        ], 
        "PINLastTry": [
            "Wprowadź PIN (ostatnia próba)", 
            "$digits$"
        ], 
        "PINOk": [
            "PIN OK", 
            ""
        ], 
        "PINStatus": [
            "Wprowadź PIN", 
            "$digits$"
        ], 
        "PresentCard": [
            "$amount$", 
            "Prezentuj kartę"
        ], 
        "Processing": [
            "Processing...", 
            ""
        ], 
        "ProcessingTransaction": [
            "Przetwarzanie płatności...", 
            ""
        ], 
        "ProcessingTransaction.REFUND": [
            "Przetwarzanie spłata...", 
            ""
        ], 
        "ProcessingTransaction.VERIFICATION": [
            "Processing verification...", 
            ""
        ], 
        "ProvideIdentification": [
            "Wymagana identyfikacja", 
            ""
        ], 
        "ProvideSignature": [
            "Wymagany podpis", 
            ""
        ], 
        "ProvideSignatureWithStatus": [
            "$reason1$", 
            "Wymagany podpis"
        ], 
        "ProviderAccessoryCheckingForUpdate": [
            "Łączenie", 
            "z czytnikiem kart..."
        ], 
        "ProviderAccessoryConnecting": [
            "Łączenie", 
            "z czytnikiem kart..."
        ], 
        "ProviderAccessoryDisconnecting": [
            "Disconnecting from", 
            "card reader"
        ], 
        "ProviderAccessoryUpdating": [
            "Aktualizowanie", 
            ""
        ], 
        "ProviderAccessoryWaitingForReader": [
            "Szukam czytnika", 
            "Prosimy włączyć czytnik"
        ], 
        "ProviderAccessoryConnectingPrinter": [
            "Łączenie z", 
            "drukarką"
        ], 
        "ProviderAccessoryWaitingForPrinter": [
            "Szukam drukarki", 
            "Prosimy włączyć drukarkę"
        ], 
        "ProviderAborted": [
            "Płatność anulowano", 
            ""
        ], 
        "ProviderAborted.REFUND": [
            "Spłata anulowano", 
            ""
        ], 
        "ProviderAborted.VERIFICATION": [
            "Verification aborted", 
            ""
        ], 
        "ProviderApproved": [
            "Płatność zatwierdzono", 
            ""
        ], 
        "ProviderApproved.REFUND": [
            "Spłata zatwierdzono", 
            ""
        ], 
        "ProviderApproved.VERIFICATION": [
            "Verification successful", 
            ""
        ], 
        "ProviderAccepted": [
            "Payment accepted", 
            ""
        ], 
        "ProviderAccepted.REFUND": [
            "Refund accepted", 
            ""
        ], 
        "ProviderDeclined": [
            "Płatność odrzucono", 
            "$reason1$"
        ], 
        "ProviderDeclined.REFUND": [
            "Spłata odrzucono", 
            "$reason1$"
        ], 
        "ProviderDeclined.VERIFICATION": [
            "Cannot validate", 
            ""
        ], 
        "ProviderFailed": [
            "Płatności nie wykonano", 
            "$error$"
        ], 
        "ProviderFailed.REFUND": [
            "Spłata nie wykonano", 
            "$error$"
        ], 
        "ProviderFailed.VERIFICATION": [
            "Verification failed", 
            "$error$"
        ], 
        "ProviderInconclusive": [
            "Płatność nierozstrzygnięta", 
            " $error$"
        ], 
        "ProviderInconclusive.REFUND": [
            "Spłata nierozstrzygnięta", 
            " $error$"
        ], 
        "ProviderInconclusive.VERIFICATION": [
            "Verification inconclusive", 
            "$error$"
        ], 
        "Completed": [
            "Zrealizowano", 
            ""
        ], 
        "Aborted": [
            "Przerwano", 
            ""
        ], 
        "Failed": [
            "Niepowodzenie", 
            ""
        ], 
        "ProviderNotRefundable": [
            "Płatność nie", 
            "podlega zwrotowi"
        ], 
        "ProviderTransactionQuerying": [
            "Zapytanie o", 
            "transakcję"
        ], 
        "ProviderTransactionRegistering": [
            "Rejestracja", 
            "transakcji"
        ], 
        "ProviderAccessoryConfiguringConnectionLink": [
            "Konfigurowanie połączenia", 
            "Proszę czekać..."
        ], 
        "ProviderComponentPrinterSending": [
            "Drukowanie...", 
            ""
        ], 
        "ProviderComponentPrinterSent": [
            "Drukowanie...", 
            ""
        ], 
        "ProviderComponentPrinterAborted": [
            "Drukowanie anulowano", 
            ""
        ], 
        "ProviderComponentPrinterFailed": [
            "Błąd drukowania", 
            "$error$"
        ], 
        "ReadingEmvCard": [
            "Wczytywanie karty...", 
            ""
        ], 
        "RemoveCardWithStatus": [
            "$reason1$", 
            "Usuń kartę"
        ], 
        "RemoveCard": [
            " ", 
            "Usuń kartę"
        ], 
        "SwipeCard": [
            "$amount$", 
            "Przeciągnij kartę"
        ], 
        "SwipeCardWithoutAmount": [
            "Przeciągnij kartę", 
            ""
        ], 
        "TransactionAborting": [
            "Anulowanie płatności...", 
            ""
        ], 
        "TransactionAborting.REFUND": [
            "Anulowanie spłata...", 
            ""
        ], 
        "TransactionAborting.VERIFICATION": [
            "Aborting verification...", 
            ""
        ], 
        "UpdatingDevice": [
            "Aktualizacja...", 
            ""
        ], 
        "UpdatingDeviceConfigurationUpdate": [
            "Aktualizacja  konfiguracji", 
            "Proszę czekać..."
        ], 
        "UpdatingDeviceFirmwareUpdate": [
            "Aktualizacja  oprogramowania firmowego", 
            "Proszę czekać..."
        ], 
        "UpdatingDeviceSoftwareUpdate": [
            "Aktualizacja  oprogramowania", 
            "Proszę czekać..."
        ], 
        "UpdatingDeviceKeyInjection": [
            "Generowanie kluczy", 
            "Proszę czekać..."
        ], 
        "CardNotSupported": [
            "Nieobsługiwana karta! Spróbuj", 
            "innej karty lub naciśnij \"anuluj\""
        ], 
        "AskingForTipConfirmation": [
            "$amount$", 
            "Dodać NAPIWEK?"
        ], 
        "ProviderComponentTippingAskingForTip": [
            "Prośba o NAPIWEK...", 
            ""
        ], 
        "PresentOneCardOnly": [
            "Present one card only", 
            ""
        ], 
        "RemoveCardWithSignature": [
            "Wymagany podpis", 
            "Usuń kartę"
        ], 
        "RemoveCardWithIdentification": [
            "Wymagana identyfikacja", 
            "Usuń kartę"
        ], 
        "RemoveCardWithProcessing": [
            "Przetwarzanie płatności...", 
            "Usuń kartę"
        ], 
        "RemoveCardWithProcessing.REFUND": [
            "Przetwarzanie spłata...", 
            "Usuń kartę"
        ], 
        "RemoveCardWithProcessing.VERIFICATION": [
            "Processing verification...", 
            "Remove card"
        ], 
        "IdleKeepAlive": [
            "Powitanie", 
            ""
        ], 
        "WaitingForProcessorApproval": [
            "Waiting for approval...", 
            ""
        ], 
        "AskForMotoResultConfirmationAllMatch": [
            "All match", 
            "Approve?"
        ], 
        "AskForMotoResultConfirmationCvvMatchOnly": [
            "CVV match only", 
            "Approve?"
        ], 
        "AskForMotoResultConfirmationAddressMatchOnly": [
            "Address match only", 
            "Approve?"
        ], 
        "AskForMotoResultConfirmationDataNotChecked": [
            "Data not checked", 
            "Approve?"
        ], 
        "AskForMotoResultConfirmationNoDataMatches": [
            "No data matches", 
            "Approve?"
        ], 
        "ProviderComponentMotoEnteringCardDetails": [
            "Entering card details...", 
            ""
        ], 
        "AskingForTotalAmountConfirmation": [
            "$amount$", 
            "Potwierdź kwotę"
        ], 
        "CreditDebitSelectionTitle": [
            ""
        ], 
        "CreditDebitSelectionCredit": [
            ""
        ], 
        "CreditDebitSelectionDebit": [
            ""
        ]
    }
}