{
    "info": {
        "columns": 40, 
        "locale": "de_DE", 
        "rows": 3
    }, 
    "localization": {
        "ApplicationSelection": [
            ""
        ], 
        "AuthorizingTransaction": [
            "Zahlung wird\nverarbeitet", 
            "", 
            "processing"
        ], 
        "AuthorizingTransaction.REFUND": [
            "Rückerstattung wird\nverarbeitet", 
            "", 
            "processing"
        ], 
        "AuthorizingTransaction.VERIFICATION": [
            "Verifizierung wird\nverarbeitet", 
            "", 
            "processing"
        ], 
        "BarcodeScannerActive": [
            "Scanner\naktiv", 
            "", 
            "processing"
        ], 
        "ScanCode": [
            "$amount$", 
            "Scan Code", 
            "scan"
        ], 
        "DccCurrencySelectionTitle": [
            "Währung auswählen", 
            "", 
            ""
        ], 
        "ActivationSuccessful": [
            "Activation\nSuccessful\n$balance$", 
            "", 
            ""
        ], 
        "CardBalanceInquiry": [
            "Card Balance\n$balance$", 
            "", 
            ""
        ], 
        "CardNotSupportedIccMagstripe": [
            "$amount$", 
            "Andere Karte verwenden", 
            "insert|swipe"
        ], 
        "CardNotSupportedMagstripe": [
            "$amount$", 
            "Try another card", 
            "swipe"
        ], 
        "CardNotSupportedNfc": [
            "$amount$", 
            "Einstecken, durchziehen oder andere Karte benutzen", 
            "insert|swipe|present"
        ], 
        "CompletedWithStatus": [
            "$reason1$", 
            "$reason2$", 
            ""
        ], 
        "CompletingTransaction": [
            "Zahlung wird\nverarbeitet", 
            "", 
            "processing"
        ], 
        "CompletingTransaction.REFUND": [
            "Rückerstattung wird\nverarbeitet", 
            "", 
            "processing"
        ], 
        "CompletingTransaction.VERIFICATION": [
            "Processing\nVerification", 
            "", 
            "processing"
        ], 
        "GenericError": [
            "Fehler", 
            "", 
            ""
        ], 
        "Idle": [
            ""
        ], 
        "InsertCard": [
            "$amount$", 
            "Karte einstecken", 
            "insert"
        ], 
        "InsertOrSwipeCard": [
            "$amount$", 
            "Karte einstecken oder durchziehen", 
            "insert|swipe"
        ], 
        "InsertOrSwipeCardActivateNfc": [
            ""
        ], 
        "PINIncorrect": [
            ""
        ], 
        "PINLastTry": [
            ""
        ], 
        "PINOk": [
            ""
        ], 
        "PINStatus": [
            ""
        ], 
        "PresentCard": [
            "$amount$", 
            "Bitte Karte", 
            "insert|swipe|present"
        ], 
        "Processing": [
            "Processing\n", 
            "", 
            "processing"
        ], 
        "ProcessingTransaction": [
            "Zahlung wird\nverarbeitet", 
            "", 
            "processing"
        ], 
        "ProcessingTransaction.REFUND": [
            "Rückerstattung wird\nverarbeitet", 
            "", 
            "processing"
        ], 
        "ProcessingTransaction.VERIFICATION": [
            "Processing\nVerification", 
            "", 
            "processing"
        ], 
        "ProvideIdentification": [
            "Zahlung wird\nverarbeitet", 
            "", 
            "processing"
        ], 
        "ProvideSignature": [
            "Zahlung wird\nverarbeitet", 
            "", 
            "processing"
        ], 
        "ProvideSignatureWithStatus": [
            "$reason1$", 
            "Unterschrift benötigt", 
            ""
        ], 
        "ProviderAccessoryCheckingForUpdate": [
            ""
        ], 
        "ProviderAccessoryConnecting": [
            ""
        ], 
        "ProviderAccessoryDisconnecting": [
            ""
        ], 
        "ProviderAccessoryUpdating": [
            ""
        ], 
        "ProviderAccessoryWaitingForReader": [
            ""
        ], 
        "ProviderAccessoryConnectingPrinter": [
            ""
        ], 
        "ProviderAccessoryWaitingForPrinter": [
            ""
        ], 
        "ProviderAborted": [
            ""
        ], 
        "ProviderAborted.REFUND": [
            ""
        ], 
        "ProviderAborted.VERIFICATION": [
            ""
        ], 
        "ProviderApproved": [
            ""
        ], 
        "ProviderApproved.REFUND": [
            ""
        ], 
        "ProviderApproved.VERIFICATION": [
            ""
        ], 
        "ProviderAccepted": [
            ""
        ], 
        "ProviderAccepted.REFUND": [
            ""
        ], 
        "ProviderDeclined": [
            ""
        ], 
        "ProviderDeclined.REFUND": [
            ""
        ], 
        "ProviderDeclined.VERIFICATION": [
            ""
        ], 
        "ProviderFailed": [
            ""
        ], 
        "ProviderFailed.REFUND": [
            ""
        ], 
        "ProviderFailed.VERIFICATION": [
            ""
        ], 
        "ProviderInconclusive": [
            ""
        ], 
        "ProviderInconclusive.REFUND": [
            ""
        ], 
        "ProviderInconclusive.VERIFICATION": [
            ""
        ], 
        "Completed": [
            ""
        ], 
        "Aborted": [
            ""
        ], 
        "Failed": [
            ""
        ], 
        "ProviderNotRefundable": [
            ""
        ], 
        "ProviderTransactionQuerying": [
            ""
        ], 
        "ProviderTransactionRegistering": [
            ""
        ], 
        "ProviderAccessoryConfiguringConnectionLink": [
            ""
        ], 
        "ProviderComponentPrinterSending": [
            ""
        ], 
        "ProviderComponentPrinterSent": [
            ""
        ], 
        "ProviderComponentPrinterAborted": [
            ""
        ], 
        "ProviderComponentPrinterFailed": [
            ""
        ], 
        "ReadingEmvCard": [
            "Karte wird\ngelesen", 
            "", 
            "processing"
        ], 
        "RemoveCardWithStatus": [
            "$reason1$", 
            "Karte entnehmen", 
            ""
        ], 
        "RemoveCard": [
            "Karte entnehmen", 
            "", 
            ""
        ], 
        "SwipeCard": [
            "$amount$", 
            "Karte durchziehen", 
            "swipe"
        ], 
        "SwipeCardWithoutAmount": [
            "Karte durchziehen", 
            "", 
            "swipe"
        ], 
        "TransactionAborting": [
            "Zahlung wird\nabgebrochen", 
            "", 
            "processing"
        ], 
        "TransactionAborting.REFUND": [
            "Rückerstattung wird\nabgebrochen", 
            "", 
            "processing"
        ], 
        "TransactionAborting.VERIFICATION": [
            "Verifizierung wird\nabgebrochen", 
            "", 
            "processing"
        ], 
        "UpdatingDevice": [
            "Aktualisiere System", 
            "", 
            "updating"
        ], 
        "UpdatingDeviceConfigurationUpdate": [
            "Aktualisiere System", 
            "Konfiguration", 
            "updating"
        ], 
        "UpdatingDeviceFirmwareUpdate": [
            "Aktualisiere System", 
            "Firmware", 
            "updating"
        ], 
        "UpdatingDeviceKeyInjection": [
            "Aktualisiere System", 
            "Schlüsselerzeugung", 
            "updating"
        ], 
        "UpdatingDeviceSoftwareUpdate": [
            "Aktualisiere System", 
            "Software", 
            "updating"
        ], 
        "CardNotSupported": [
            ""
        ], 
        "AskingForTipConfirmation": [
            "$amount$\nTrinkgeld ", 
            "hinzufügen?", 
            ""
        ], 
        "ProviderComponentTippingAskingForTip": [
            ""
        ], 
        "PresentOneCardOnly": [
            "Bitte nur\neine Karte", 
            "", 
            ""
        ], 
        "RemoveCardWithSignature": [
            "Unterschrift\nbenötigt", 
            "Karte entnehmen", 
            ""
        ], 
        "RemoveCardWithIdentification": [
            "Identifikation\nbenötigt", 
            "Karte entnehmen", 
            ""
        ], 
        "RemoveCardWithProcessing": [
            "Zahlung wird\nverarbeitet", 
            "Karte entnehmen", 
            ""
        ], 
        "RemoveCardWithProcessing.REFUND": [
            "Rückerstattung wird\nverarbeitet", 
            "Karte entnehmen", 
            ""
        ], 
        "RemoveCardWithProcessing.VERIFICATION": [
            "Verifizierung wird\nverarbeitet", 
            "Karte entnehmen", 
            ""
        ], 
        "IdleKeepAlive": [
            "Willkommen", 
            ""
        ], 
        "WaitingForProcessorApproval": [
            ""
        ], 
        "AskForMotoResultConfirmationAllMatch": [
            "Alle Daten stimmen\nAkzeptieren?", 
            "", 
            ""
        ], 
        "AskForMotoResultConfirmationCvvMatchOnly": [
            "Nur CVV stimmt\nAkzeptieren?", 
            "", 
            ""
        ], 
        "AskForMotoResultConfirmationAddressMatchOnly": [
            "Nur Adresse stimmt\nAkzeptieren?", 
            "", 
            ""
        ], 
        "AskForMotoResultConfirmationDataNotChecked": [
            "Keine Daten geprüft\nAkzeptieren?", 
            "", 
            ""
        ], 
        "AskForMotoResultConfirmationNoDataMatches": [
            "Keine Daten stimmen\nAkzeptieren?", 
            "", 
            ""
        ], 
        "ProviderComponentMotoEnteringCardDetails": [
            ""
        ], 
        "AskingForTotalAmountConfirmation": [
            "$amount$\nBetrag bestätigen", 
            "", 
            ""
        ], 
        "CreditDebitSelectionTitle": [
            "Typ auswählen"
        ], 
        "CreditDebitSelectionCredit": [
            "Kredit"
        ], 
        "CreditDebitSelectionDebit": [
            "Debit"
        ]
    }
}