{
    "info": {
        "columns": 40, 
        "locale": "nl_BE", 
        "rows": 2
    }, 
    "localization": {
        "ApplicationSelection": [
            "Kaart selecteren", 
            ""
        ], 
        "AuthorizingTransaction": [
            "Betaling wordt verwerkt...", 
            ""
        ], 
        "AuthorizingTransaction.REFUND": [
            "Terugbetaling wordt verwerkt...", 
            ""
        ], 
        "AuthorizingTransaction.VERIFICATION": [
            "Processing verification...", 
            ""
        ], 
        "BarcodeScannerActive": [
            "Barcodescanner", 
            "actief"
        ], 
        "ScanCode": [
            "$amount$", 
            "Scan code"
        ], 
        "DccCurrencySelectionTitle": [
            "Select currency", 
            ""
        ], 
        "ActivationSuccessful": [
            "Activation Successful", 
            "$balance$"
        ], 
        "CardBalanceInquiry": [
            "Card balance", 
            "$balance$"
        ], 
        "CardNotSupportedMagstripe": [
            "", 
            "Gebruik andere kaart"
        ], 
        "CardNotSupportedIccMagstripe": [
            "", 
            "Gebruik andere kaart"
        ], 
        "CardNotSupportedNfc": [
            "Ingeven, schuiven of", 
            "andere kaart"
        ], 
        "CompletedWithStatus": [
            "$reason1$", 
            ""
        ], 
        "CompletingTransaction": [
            "Betaling wordt verwerkt...", 
            ""
        ], 
        "CompletingTransaction.REFUND": [
            "Terugbetaling wordt verwerkt...", 
            ""
        ], 
        "CompletingTransaction.VERIFICATION": [
            "Processing verification...", 
            ""
        ], 
        "GenericError": [
            "Fout", 
            ""
        ], 
        "Idle": [
            "Wacht alsjeblieft...", 
            ""
        ], 
        "InsertCard": [
            "$amount$", 
            "Kaart insteken"
        ], 
        "InsertOrSwipeCard": [
            "$amount$", 
            "Kaart ingeven of schuiven"
        ], 
        "InsertOrSwipeCardActivateNfc": [
            "$amount$ Kaart ingeven of", 
            "schuiven, [OK] voor NFC"
        ], 
        "PINIncorrect": [
            "PIN invoeren (verkeerde PIN)", 
            "$digits$"
        ], 
        "PINLastTry": [
            "PIN invoeren (laatste poging)", 
            "$digits$"
        ], 
        "PINOk": [
            "PIN OK", 
            ""
        ], 
        "PINStatus": [
            "PIN-code invoeren", 
            "$digits$"
        ], 
        "PresentCard": [
            "$amount$", 
            "Kaart AUB"
        ], 
        "Processing": [
            "Processing...", 
            ""
        ], 
        "ProcessingTransaction": [
            "Betaling wordt verwerkt...", 
            ""
        ], 
        "ProcessingTransaction.REFUND": [
            "Terugbetaling wordt verwerkt...", 
            ""
        ], 
        "ProcessingTransaction.VERIFICATION": [
            "Processing verification...", 
            ""
        ], 
        "ProvideIdentification": [
            "Identificatie vereist", 
            ""
        ], 
        "ProvideSignature": [
            "Handtekening vereist", 
            ""
        ], 
        "ProvideSignatureWithStatus": [
            "$reason1$", 
            "Handtekening vereist"
        ], 
        "ProviderAccessoryCheckingForUpdate": [
            "Verbind met ", 
            "kaartlezer"
        ], 
        "ProviderAccessoryConnecting": [
            "Verbind met ", 
            "kaartlezer"
        ], 
        "ProviderAccessoryDisconnecting": [
            "Disconnecting from", 
            "card reader"
        ], 
        "ProviderAccessoryUpdating": [
            "Update wordt ", 
            "uitgevoerd"
        ], 
        "ProviderAccessoryWaitingForReader": [
            "Kaartlezer zoeken", 
            "Kaartlezer inschakelen"
        ], 
        "ProviderAccessoryConnectingPrinter": [
            "Verbind met", 
            "printer"
        ], 
        "ProviderAccessoryWaitingForPrinter": [
            "Printer zoeken", 
            "Printer inschakelen"
        ], 
        "ProviderAborted": [
            "Betaling afgebroken", 
            ""
        ], 
        "ProviderAborted.REFUND": [
            "Terugbetaling afgebroken", 
            ""
        ], 
        "ProviderAborted.VERIFICATION": [
            "Verification aborted", 
            ""
        ], 
        "ProviderApproved": [
            "Betaling geslaagd", 
            ""
        ], 
        "ProviderApproved.REFUND": [
            "Terugbetaling geslaagd", 
            ""
        ], 
        "ProviderApproved.VERIFICATION": [
            "Verification successful", 
            ""
        ], 
        "ProviderAccepted": [
            "Payment accepted", 
            ""
        ], 
        "ProviderAccepted.REFUND": [
            "Refund accepted", 
            ""
        ], 
        "ProviderDeclined": [
            "Betaling geweigerd", 
            "$reason1$"
        ], 
        "ProviderDeclined.REFUND": [
            "Terugbetaling geweigerd", 
            "$reason1$"
        ], 
        "ProviderDeclined.VERIFICATION": [
            "Cannot validate", 
            ""
        ], 
        "ProviderFailed": [
            "Betaling mislukt", 
            "$error$"
        ], 
        "ProviderFailed.REFUND": [
            "Terugbetaling mislukt", 
            "$error$"
        ], 
        "ProviderFailed.VERIFICATION": [
            "Verification failed", 
            "$error$"
        ], 
        "ProviderInconclusive": [
            "Betalingsstatus onbekend ", 
            "$error$"
        ], 
        "ProviderInconclusive.REFUND": [
            "Terugbetaling onbekend ", 
            "$error$"
        ], 
        "ProviderInconclusive.VERIFICATION": [
            "Verification inconclusive", 
            "$error$"
        ], 
        "Completed": [
            "Voltooid", 
            ""
        ], 
        "Aborted": [
            "Afgebroken", 
            ""
        ], 
        "Failed": [
            "Mislukt", 
            ""
        ], 
        "ProviderNotRefundable": [
            "Terugbetaling", 
            "niet mogelijk"
        ], 
        "ProviderTransactionQuerying": [
            "Controleer", 
            "betaling"
        ], 
        "ProviderTransactionRegistering": [
            "Registreer", 
            "betaling"
        ], 
        "ProviderAccessoryConfiguringConnectionLink": [
            "Configuratie van", 
            "de kaartlezer..."
        ], 
        "ProviderComponentPrinterSending": [
            "Afdrukken...", 
            ""
        ], 
        "ProviderComponentPrinterSent": [
            "Afdrukken...", 
            ""
        ], 
        "ProviderComponentPrinterAborted": [
            "Afdrukken afgebroken", 
            ""
        ], 
        "ProviderComponentPrinterFailed": [
            "Afdrukken mislukt", 
            "$error$"
        ], 
        "ReadingEmvCard": [
            "Kaart wordt gelezen...", 
            ""
        ], 
        "RemoveCardWithStatus": [
            "$reason1$", 
            "Kaart terugnemen"
        ], 
        "RemoveCard": [
            "", 
            "Kaart terugnemen"
        ], 
        "SwipeCard": [
            "$amount$", 
            "Kaart doorschuiven"
        ], 
        "SwipeCardWithoutAmount": [
            "Kaart doorschuiven", 
            ""
        ], 
        "TransactionAborting": [
            "Betaling wordt afgebroken...", 
            ""
        ], 
        "TransactionAborting.REFUND": [
            "Terugbetaling wordt afgebroken...", 
            ""
        ], 
        "TransactionAborting.VERIFICATION": [
            "Aborting verification...", 
            ""
        ], 
        "UpdatingDevice": [
            "Update...", 
            ""
        ], 
        "UpdatingDeviceConfigurationUpdate": [
            "Config-update", 
            "Een ogenblikje a.u.b. ..."
        ], 
        "UpdatingDeviceFirmwareUpdate": [
            "Firmware-update", 
            "Dit kan even duren..."
        ], 
        "UpdatingDeviceSoftwareUpdate": [
            "Software-update", 
            "Dit kan even duren..."
        ], 
        "UpdatingDeviceKeyInjection": [
            "Aanmaak sleutel", 
            "Dit kan even duren..."
        ], 
        "CardNotSupported": [
            "Kaart niet ondersteund!", 
            "Andere kaart of afbreken"
        ], 
        "AskingForTipConfirmation": [
            "$amount$", 
            "FOOI toevoegen?"
        ], 
        "ProviderComponentTippingAskingForTip": [
            "Vraagt om FOOI...", 
            ""
        ], 
        "PresentOneCardOnly": [
            "Present one card only", 
            ""
        ], 
        "RemoveCardWithSignature": [
            "Handtekening vereist", 
            "Kaart terugnemen"
        ], 
        "RemoveCardWithIdentification": [
            "Identificatie vereist", 
            "Kaart terugnemen"
        ], 
        "RemoveCardWithProcessing": [
            "Betaling wordt verwerkt...", 
            "Kaart terugnemen"
        ], 
        "RemoveCardWithProcessing.REFUND": [
            "Terugbetaling wordt verwerkt...", 
            "Kaart terugnemen"
        ], 
        "RemoveCardWithProcessing.VERIFICATION": [
            "Processing verification...", 
            "Remove card"
        ], 
        "IdleKeepAlive": [
            "Welkom", 
            ""
        ], 
        "WaitingForProcessorApproval": [
            "Waiting for approval...", 
            ""
        ], 
        "AskForMotoResultConfirmationAllMatch": [
            "All match", 
            "Approve?"
        ], 
        "AskForMotoResultConfirmationCvvMatchOnly": [
            "CVV match only", 
            "Approve?"
        ], 
        "AskForMotoResultConfirmationAddressMatchOnly": [
            "Address match only", 
            "Approve?"
        ], 
        "AskForMotoResultConfirmationDataNotChecked": [
            "Data not checked", 
            "Approve?"
        ], 
        "AskForMotoResultConfirmationNoDataMatches": [
            "No data matches", 
            "Approve?"
        ], 
        "ProviderComponentMotoEnteringCardDetails": [
            "Entering card details...", 
            ""
        ], 
        "AskingForTotalAmountConfirmation": [
            "$amount$", 
            "Bevestig bedrag"
        ], 
        "CreditDebitSelectionTitle": [
            ""
        ], 
        "CreditDebitSelectionCredit": [
            ""
        ], 
        "CreditDebitSelectionDebit": [
            ""
        ]
    }
}