{
    "info": {
        "columns": 20, 
        "locale": "de_DE", 
        "rows": 4
    }, 
    "localization": {
        "ApplicationSelection": [
            "", 
            "Bitte Karte", 
            "auswählen", 
            ""
        ], 
        "AuthorizingTransaction": [
            "", 
            "Zahlung wird", 
            "verarbeitet...", 
            ""
        ], 
        "AuthorizingTransaction.REFUND": [
            "", 
            "Rückerstattung wird", 
            "verarbeitet...", 
            ""
        ], 
        "AuthorizingTransaction.VERIFICATION": [
            "", 
            "Processing", 
            "verification...", 
            ""
        ], 
        "BarcodeScannerActive": [
            "", 
            "Barcode scanner", 
            "active", 
            ""
        ], 
        "ScanCode": [
            "", 
            "$amount$", 
            "Scan code", 
            ""
        ], 
        "DccCurrencySelectionTitle": [
            "", 
            "Select", 
            "currency", 
            ""
        ], 
        "ActivationSuccessful": [
            "Activation", 
            "Successful", 
            "", 
            "$balance$"
        ], 
        "CardBalanceInquiry": [
            "", 
            "Card balance", 
            "$balance$", 
            ""
        ], 
        "CardNotSupportedMagstripe": [
            "", 
            "Andere Karte", 
            "benutzen", 
            ""
        ], 
        "CardNotSupportedIccMagstripe": [
            "", 
            "Andere Karte", 
            "benutzen", 
            ""
        ], 
        "CardNotSupportedNfc": [
            "Einstecken,", 
            "durchziehen oder", 
            "andere Karte", 
            "benutzen"
        ], 
        "CompletedWithStatus": [
            "", 
            "$reason1$", 
            "$reason2$", 
            ""
        ], 
        "CompletingTransaction": [
            "", 
            "Zahlung wird", 
            "verarbeitet...", 
            ""
        ], 
        "CompletingTransaction.REFUND": [
            "", 
            "Rückerstattung wird", 
            "verarbeitet...", 
            ""
        ], 
        "CompletingTransaction.VERIFICATION": [
            "", 
            "Processing", 
            "verification...", 
            ""
        ], 
        "GenericError": [
            "", 
            "", 
            "Fehler", 
            ""
        ], 
        "Idle": [
            "", 
            "", 
            "Bitte warten...", 
            ""
        ], 
        "InsertCard": [
            "$amount$", 
            "", 
            "Karte einstecken", 
            ""
        ], 
        "InsertOrSwipeCard": [
            "$amount$", 
            "", 
            "Karte einstecken", 
            "oder durchziehen"
        ], 
        "InsertOrSwipeCardActivateNfc": [
            "$amount$", 
            "Karte einstecken", 
            "oder durchziehen", 
            "[OK] für NFC"
        ], 
        "PINIncorrect": [
            "", 
            "Enter PIN", 
            "$digits$", 
            "(PIN falsch)"
        ], 
        "PINLastTry": [
            "", 
            "PIN eingeben", 
            "$digits$", 
            "(letzter Versuch)"
        ], 
        "PINOk": [
            "", 
            "", 
            "PIN OK", 
            ""
        ], 
        "PINStatus": [
            "", 
            "PIN eingeben", 
            "$digits$", 
            ""
        ], 
        "PresentCard": [
            "$amount$", 
            "", 
            "Bitte Karte", 
            ""
        ], 
        "Processing": [
            "", 
            "", 
            "Processing...", 
            ""
        ], 
        "ProcessingTransaction": [
            "", 
            "Zahlung wird", 
            "verarbeitet...", 
            ""
        ], 
        "ProcessingTransaction.REFUND": [
            "", 
            "Rückerstattung wird", 
            "verarbeitet...", 
            ""
        ], 
        "ProcessingTransaction.VERIFICATION": [
            "", 
            "Processing", 
            "verification...", 
            ""
        ], 
        "ProvideIdentification": [
            "", 
            "Identifikation", 
            "benötigt", 
            ""
        ], 
        "ProvideSignature": [
            "", 
            "Unterschrift", 
            "benötigt", 
            ""
        ], 
        "ProvideSignatureWithStatus": [
            "$reason1$", 
            "$reason2$", 
            "Unterschrift", 
            "benötigt"
        ], 
        "ProviderAccessoryCheckingForUpdate": [
            ""
        ], 
        "ProviderAccessoryConnecting": [
            ""
        ], 
        "ProviderAccessoryDisconnecting": [
            ""
        ], 
        "ProviderAccessoryUpdating": [
            ""
        ], 
        "ProviderAccessoryWaitingForReader": [
            ""
        ], 
        "ProviderAccessoryConnectingPrinter": [
            ""
        ], 
        "ProviderAccessoryWaitingForPrinter": [
            ""
        ], 
        "ProviderAborted": [
            ""
        ], 
        "ProviderAborted.REFUND": [
            ""
        ], 
        "ProviderAborted.VERIFICATION": [
            ""
        ], 
        "ProviderApproved": [
            ""
        ], 
        "ProviderApproved.REFUND": [
            ""
        ], 
        "ProviderApproved.VERIFICATION": [
            ""
        ], 
        "ProviderAccepted": [
            ""
        ], 
        "ProviderAccepted.REFUND": [
            ""
        ], 
        "ProviderDeclined": [
            ""
        ], 
        "ProviderDeclined.REFUND": [
            ""
        ], 
        "ProviderDeclined.VERIFICATION": [
            ""
        ], 
        "ProviderFailed": [
            ""
        ], 
        "ProviderFailed.REFUND": [
            ""
        ], 
        "ProviderFailed.VERIFICATION": [
            ""
        ], 
        "ProviderInconclusive": [
            ""
        ], 
        "ProviderInconclusive.REFUND": [
            ""
        ], 
        "ProviderInconclusive.VERIFICATION": [
            ""
        ], 
        "Completed": [
            ""
        ], 
        "Aborted": [
            ""
        ], 
        "Failed": [
            ""
        ], 
        "ProviderNotRefundable": [
            ""
        ], 
        "ProviderTransactionQuerying": [
            ""
        ], 
        "ProviderTransactionRegistering": [
            ""
        ], 
        "ProviderAccessoryConfiguringConnectionLink": [
            ""
        ], 
        "ProviderComponentPrinterSending": [
            ""
        ], 
        "ProviderComponentPrinterSent": [
            ""
        ], 
        "ProviderComponentPrinterAborted": [
            ""
        ], 
        "ProviderComponentPrinterFailed": [
            ""
        ], 
        "ReadingEmvCard": [
            "", 
            "Karte wird", 
            "gelesen...", 
            ""
        ], 
        "RemoveCardWithStatus": [
            "$reason1$", 
            "$reason2$", 
            "", 
            "Karte entnehmen"
        ], 
        "RemoveCard": [
            "", 
            "", 
            "Karte entnehmen", 
            ""
        ], 
        "SwipeCard": [
            "$amount$", 
            "", 
            "Karte durchziehen", 
            ""
        ], 
        "SwipeCardWithoutAmount": [
            "", 
            "", 
            "Karte durchziehen", 
            ""
        ], 
        "TransactionAborting": [
            "", 
            "Zahlung wird", 
            "abgebrochen...", 
            ""
        ], 
        "TransactionAborting.REFUND": [
            "", 
            "Rückerstattung wird", 
            "abgebrochen...", 
            ""
        ], 
        "TransactionAborting.VERIFICATION": [
            "", 
            "Aborting", 
            "verification...", 
            ""
        ], 
        "UpdatingDevice": [
            "", 
            "Gerät wird", 
            "aktualisiert...", 
            ""
        ], 
        "UpdatingDeviceConfigurationUpdate": [
            "Aktualisiere", 
            "Konfiguration", 
            "", 
            "Bitte warten..."
        ], 
        "UpdatingDeviceFirmwareUpdate": [
            "Aktualisiere", 
            "Firmware", 
            "", 
            "Bitte warten..."
        ], 
        "UpdatingDeviceKeyInjection": [
            "Schlüsselerzeugung", 
            "", 
            "", 
            "Bitte warten..."
        ], 
        "UpdatingDeviceSoftwareUpdate": [
            "Aktualisiere", 
            "Software", 
            "", 
            "Bitte warten..."
        ], 
        "CardNotSupported": [
            "Karte nicht", 
            "unterstützt!", 
            "Andere Karte", 
            "oder abbrechen"
        ], 
        "AskingForTipConfirmation": [
            "$amount$ ", 
            "Trinkgeld ", 
            "hinzufügen?", 
            " [X] Nein    [OK] Ja"
        ], 
        "ProviderComponentTippingAskingForTip": [
            ""
        ], 
        "PresentOneCardOnly": [
            "", 
            "Bitte nur", 
            "eine Karte", 
            ""
        ], 
        "RemoveCardWithSignature": [
            "Unterschrift", 
            "benötigt", 
            "", 
            "Karte entnehmen"
        ], 
        "RemoveCardWithIdentification": [
            "Identifikation", 
            "benötigt", 
            "", 
            "Karte entnehmen"
        ], 
        "RemoveCardWithProcessing": [
            "Zahlung wird", 
            "verarbeitet...", 
            "", 
            "Karte entnehmen"
        ], 
        "RemoveCardWithProcessing.REFUND": [
            "Rückerstattung wird", 
            "verarbeitet...", 
            "", 
            "Karte entnehmen"
        ], 
        "RemoveCardWithProcessing.VERIFICATION": [
            "Processing", 
            "verification...", 
            "", 
            "Remove card"
        ], 
        "IdleKeepAlive": [
            "", 
            "", 
            "Willkommen", 
            ""
        ], 
        "WaitingForProcessorApproval": [
            ""
        ], 
        "AskForMotoResultConfirmationAllMatch": [
            "Alle Daten stimmen", 
            "Akzeptieren?", 
            "", 
            "[X] Nein     [OK] Ja"
        ], 
        "AskForMotoResultConfirmationCvvMatchOnly": [
            "Nur CVV stimmt", 
            "Akzeptieren?", 
            "", 
            "[X] Nein     [OK] Ja"
        ], 
        "AskForMotoResultConfirmationAddressMatchOnly": [
            "Nur Adresse stimmt", 
            "Akzeptieren?", 
            "", 
            "[X] Nein     [OK] Ja"
        ], 
        "AskForMotoResultConfirmationDataNotChecked": [
            "Keine Daten geprüft", 
            "Akzeptieren?", 
            "", 
            "[X] Nein     [OK] Ja"
        ], 
        "AskForMotoResultConfirmationNoDataMatches": [
            "Keine Daten stimmen", 
            "Akzeptieren?", 
            "", 
            "[X] Nein     [OK] Ja"
        ], 
        "ProviderComponentMotoEnteringCardDetails": [
            ""
        ], 
        "AskingForTotalAmountConfirmation": [
            "$amount$", 
            "Betrag bestätigen", 
            "", 
            "[X] Nein    [OK] Ja"
        ], 
        "CreditDebitSelectionTitle": [
            ""
        ], 
        "CreditDebitSelectionCredit": [
            ""
        ], 
        "CreditDebitSelectionDebit": [
            ""
        ]
    }
}