{
    "info": {
        "columns": 40, 
        "locale": "it_IT", 
        "rows": 2
    }, 
    "localization": {
        "ApplicationSelection": [
            "Scegliere la carta", 
            ""
        ], 
        "AuthorizingTransaction": [
            "Elaborazione pagamento...", 
            ""
        ], 
        "AuthorizingTransaction.REFUND": [
            "Elaborazione rimborso...", 
            ""
        ], 
        "AuthorizingTransaction.VERIFICATION": [
            "Processing verification...", 
            ""
        ], 
        "BarcodeScannerActive": [
            "Scanner codice a barre", 
            "attivo"
        ], 
        "ScanCode": [
            "$amount$", 
            "Scan code"
        ], 
        "DccCurrencySelectionTitle": [
            "Select currency", 
            ""
        ], 
        "ActivationSuccessful": [
            "Activation Successful", 
            "$balance$"
        ], 
        "CardBalanceInquiry": [
            "Card balance", 
            "$balance$"
        ], 
        "CardNotSupportedMagstripe": [
            "", 
            "Utilizzare altra carta"
        ], 
        "CardNotSupportedIccMagstripe": [
            "", 
            "Utilizzare altra carta"
        ], 
        "CardNotSupportedNfc": [
            "Inserire, strisciare o", 
            "altra carta"
        ], 
        "CompletedWithStatus": [
            "$reason1$", 
            ""
        ], 
        "CompletingTransaction": [
            "Elaborazione pagamento...", 
            ""
        ], 
        "CompletingTransaction.REFUND": [
            "Elaborazione rimborso...", 
            ""
        ], 
        "CompletingTransaction.VERIFICATION": [
            "Processing verification...", 
            ""
        ], 
        "GenericError": [
            "Errore", 
            ""
        ], 
        "Idle": [
            "Pazientare qualche istante...", 
            ""
        ], 
        "InsertCard": [
            "$amount$", 
            "Inserire la carta"
        ], 
        "InsertOrSwipeCard": [
            "$amount$", 
            "Inserire o strisciare la carta"
        ], 
        "InsertOrSwipeCardActivateNfc": [
            "$amount$ Inserire o strisciare", 
            "la carta, [OK] per NFC"
        ], 
        "PINIncorrect": [
            "Inserire il PIN (PIN errato)", 
            "$digits$"
        ], 
        "PINLastTry": [
            "Inserire il PIN (ultimo tentativo)", 
            "$digits$"
        ], 
        "PINOk": [
            "PIN OK", 
            ""
        ], 
        "PINStatus": [
            "Inserire il PIN", 
            "$digits$"
        ], 
        "PresentCard": [
            "$amount$", 
            "Carta per favore"
        ], 
        "Processing": [
            "Processing...", 
            ""
        ], 
        "ProcessingTransaction": [
            "Elaborazione pagamento...", 
            ""
        ], 
        "ProcessingTransaction.REFUND": [
            "Elaborazione rimborso...", 
            ""
        ], 
        "ProcessingTransaction.VERIFICATION": [
            "Processing verification...", 
            ""
        ], 
        "ProvideIdentification": [
            "Necessaria identificazione", 
            ""
        ], 
        "ProvideSignature": [
            "Necessaria firma", 
            ""
        ], 
        "ProvideSignatureWithStatus": [
            "$reason1$", 
            "Necessaria firma"
        ], 
        "ProviderAccessoryCheckingForUpdate": [
            "Collegamento con il", 
            "lettore carte"
        ], 
        "ProviderAccessoryConnecting": [
            "Collegamento con il", 
            "lettore carte"
        ], 
        "ProviderAccessoryDisconnecting": [
            "Disconnecting from", 
            "card reader"
        ], 
        "ProviderAccessoryUpdating": [
            "Aggiornamento", 
            "in corso"
        ], 
        "ProviderAccessoryWaitingForReader": [
            "Cercando il lettore", 
            "Accenderlo per favore"
        ], 
        "ProviderAccessoryConnectingPrinter": [
            "Collegamento con la", 
            "stampante"
        ], 
        "ProviderAccessoryWaitingForPrinter": [
            "Cercando la stampante", 
            "Accenderla per favore"
        ], 
        "ProviderAborted": [
            "Pagamento annullato", 
            ""
        ], 
        "ProviderAborted.REFUND": [
            "Rimborso annullato", 
            ""
        ], 
        "ProviderAborted.VERIFICATION": [
            "Verification aborted", 
            ""
        ], 
        "ProviderApproved": [
            "Pagamento accettato", 
            ""
        ], 
        "ProviderApproved.REFUND": [
            "Rimborso accettato", 
            ""
        ], 
        "ProviderApproved.VERIFICATION": [
            "Verification successful", 
            ""
        ], 
        "ProviderAccepted": [
            "Payment accepted", 
            ""
        ], 
        "ProviderAccepted.REFUND": [
            "Refund accepted", 
            ""
        ], 
        "ProviderDeclined": [
            "Pagamento rifiutato", 
            "$reason1$"
        ], 
        "ProviderDeclined.REFUND": [
            "Rimborso rifiutato", 
            "$reason1$"
        ], 
        "ProviderDeclined.VERIFICATION": [
            "Cannot validate", 
            ""
        ], 
        "ProviderFailed": [
            "Pagamento non riuscito", 
            "$error$"
        ], 
        "ProviderFailed.REFUND": [
            "Rimborso non riuscito", 
            "$error$"
        ], 
        "ProviderFailed.VERIFICATION": [
            "Verification failed", 
            "$error$"
        ], 
        "ProviderInconclusive": [
            "Pagamento senza risultati", 
            " $error$"
        ], 
        "ProviderInconclusive.REFUND": [
            "Rimborso senza risultati", 
            " $error$"
        ], 
        "ProviderInconclusive.VERIFICATION": [
            "Verification inconclusive", 
            "$error$"
        ], 
        "Completed": [
            "Completato", 
            ""
        ], 
        "Aborted": [
            "Interrotto/Annullato", 
            ""
        ], 
        "Failed": [
            "Non riuscito", 
            ""
        ], 
        "ProviderNotRefundable": [
            "Rimborso", 
            "non possibile"
        ], 
        "ProviderTransactionQuerying": [
            "Verifica del", 
            "pagamento"
        ], 
        "ProviderTransactionRegistering": [
            "Registrazione del", 
            "pagamento"
        ], 
        "ProviderAccessoryConfiguringConnectionLink": [
            "Configurazione", 
            "del lettore..."
        ], 
        "ProviderComponentPrinterSending": [
            "Stampando...", 
            ""
        ], 
        "ProviderComponentPrinterSent": [
            "Stampando...", 
            ""
        ], 
        "ProviderComponentPrinterAborted": [
            "Impressione annullata", 
            ""
        ], 
        "ProviderComponentPrinterFailed": [
            "Impressione non risucita", 
            "$error$"
        ], 
        "ReadingEmvCard": [
            "Lettura della carta...", 
            ""
        ], 
        "RemoveCardWithStatus": [
            "$reason1$", 
            "Prendere la carta"
        ], 
        "RemoveCard": [
            "", 
            "Prendere la carta"
        ], 
        "SwipeCard": [
            "$amount$", 
            "Strisciare la carta"
        ], 
        "SwipeCardWithoutAmount": [
            "Strisciare la carta", 
            ""
        ], 
        "TransactionAborting": [
            "Il pagamento viene interrotto...", 
            ""
        ], 
        "TransactionAborting.REFUND": [
            "Rimborso viene interrotto...", 
            ""
        ], 
        "TransactionAborting.VERIFICATION": [
            "Aborting verification...", 
            ""
        ], 
        "UpdatingDevice": [
            "Aggiornamento", 
            ""
        ], 
        "UpdatingDeviceConfigurationUpdate": [
            "Update config", 
            "Può richiedere alcuni istanti..."
        ], 
        "UpdatingDeviceFirmwareUpdate": [
            "Aggiornamento firmware...", 
            "Pazientare qualche istante..."
        ], 
        "UpdatingDeviceSoftwareUpdate": [
            "Aggiornamento software", 
            "Pazientare qualche istante..."
        ], 
        "UpdatingDeviceKeyInjection": [
            "Generazione di chiavi", 
            "Pazientare qualche istante..."
        ], 
        "CardNotSupported": [
            "Carta non supportata!", 
            "Altra carta o annullamento"
        ], 
        "AskingForTipConfirmation": [
            "$amount$", 
            "Aggiungere MANCIA?"
        ], 
        "ProviderComponentTippingAskingForTip": [
            "Richiesta MANCIA...", 
            ""
        ], 
        "PresentOneCardOnly": [
            "Present one card only", 
            ""
        ], 
        "RemoveCardWithSignature": [
            "Necessaria firma", 
            "Prendere la carta"
        ], 
        "RemoveCardWithIdentification": [
            "Necessaria identificazione", 
            "Prendere la carta"
        ], 
        "RemoveCardWithProcessing": [
            "Elaborazione pagamento...", 
            "Prendere la carta"
        ], 
        "RemoveCardWithProcessing.REFUND": [
            "Elaborazione rimborso...", 
            "Prendere la carta"
        ], 
        "RemoveCardWithProcessing.VERIFICATION": [
            "Processing verification...", 
            "Remove card"
        ], 
        "IdleKeepAlive": [
            "Benvenuto", 
            ""
        ], 
        "WaitingForProcessorApproval": [
            "Waiting for approval...", 
            ""
        ], 
        "AskForMotoResultConfirmationAllMatch": [
            "All match", 
            "Approve?"
        ], 
        "AskForMotoResultConfirmationCvvMatchOnly": [
            "CVV match only", 
            "Approve?"
        ], 
        "AskForMotoResultConfirmationAddressMatchOnly": [
            "Address match only", 
            "Approve?"
        ], 
        "AskForMotoResultConfirmationDataNotChecked": [
            "Data not checked", 
            "Approve?"
        ], 
        "AskForMotoResultConfirmationNoDataMatches": [
            "No data matches", 
            "Approve?"
        ], 
        "ProviderComponentMotoEnteringCardDetails": [
            "Entering card details...", 
            ""
        ], 
        "AskingForTotalAmountConfirmation": [
            "$amount$", 
            "Conferma ammontare"
        ], 
        "CreditDebitSelectionTitle": [
            ""
        ], 
        "CreditDebitSelectionCredit": [
            ""
        ], 
        "CreditDebitSelectionDebit": [
            ""
        ]
    }
}