{
    "info": {
        "columns": 40, 
        "locale": "hu_HU", 
        "rows": 2
    }, 
    "localization": {
        "ApplicationSelection": [
            "Kérjük, válassza ki a számláját", 
            ""
        ], 
        "AuthorizingTransaction": [
            "Fizetés feldolgozása...", 
            ""
        ], 
        "AuthorizingTransaction.REFUND": [
            "Visszatérítés feldolgozása...", 
            ""
        ], 
        "AuthorizingTransaction.VERIFICATION": [
            "Processing verification...", 
            ""
        ], 
        "BarcodeScannerActive": [
            "A vonalkód olvasó", 
            "aktív"
        ], 
        "ScanCode": [
            "$amount$", 
            "Scan code"
        ], 
        "DccCurrencySelectionTitle": [
            "Select currency", 
            ""
        ], 
        "ActivationSuccessful": [
            "Activation Successful", 
            "$balance$"
        ], 
        "CardBalanceInquiry": [
            "Card balance", 
            "$balance$"
        ], 
        "CardNotSupportedMagstripe": [
            "Próbálkozzon másik kártyával", 
            ""
        ], 
        "CardNotSupportedIccMagstripe": [
            "Próbálkozzon másik kártyával", 
            ""
        ], 
        "CardNotSupportedNfc": [
            "Helyezze be, húzza végig, vagy", 
            "próbálkozzon másik kártyával"
        ], 
        "CompletedWithStatus": [
            "$reason1$", 
            ""
        ], 
        "CompletingTransaction": [
            "Fizetés feldolgozása...", 
            ""
        ], 
        "CompletingTransaction.REFUND": [
            "Visszatérítés feldolgozása...", 
            ""
        ], 
        "CompletingTransaction.VERIFICATION": [
            "Processing verification...", 
            ""
        ], 
        "GenericError": [
            "Hiba", 
            ""
        ], 
        "Idle": [
            "Kérjük, várjon...", 
            ""
        ], 
        "InsertCard": [
            "$amount$", 
            "Helyezze be a kártyát"
        ], 
        "InsertOrSwipeCard": [
            "$amount$", 
            "Helyezze be vagy húzza végig a kártyát"
        ], 
        "InsertOrSwipeCardActivateNfc": [
            "$amount$ Helyezze be vagy húzza ", 
            "végig a kártyát NFC [OK]"
        ], 
        "PINIncorrect": [
            "Adja meg a PIN-kódot (helytelen)", 
            "$digits$"
        ], 
        "PINLastTry": [
            "Adja meg a PIN-kódot (utolsó kísérlet)", 
            "$digits$"
        ], 
        "PINOk": [
            "PIN-kód rendben", 
            ""
        ], 
        "PINStatus": [
            "Adja meg a PIN-kódot", 
            "$digits$"
        ], 
        "PresentCard": [
            "$amount$", 
            "Készítse elő a kártyát"
        ], 
        "Processing": [
            "Processing...", 
            ""
        ], 
        "ProcessingTransaction": [
            "Fizetés feldolgozása...", 
            ""
        ], 
        "ProcessingTransaction.REFUND": [
            "Visszatérítés feldolgozása...", 
            ""
        ], 
        "ProcessingTransaction.VERIFICATION": [
            "Processing verification...", 
            ""
        ], 
        "ProvideIdentification": [
            "Azonosítás szükséges", 
            ""
        ], 
        "ProvideSignature": [
            "Aláírás szükséges", 
            ""
        ], 
        "ProvideSignatureWithStatus": [
            "$reason1$", 
            "Aláírás szükséges"
        ], 
        "ProviderAccessoryCheckingForUpdate": [
            "Csatlakozás a", 
            "kártyaolvasóhoz"
        ], 
        "ProviderAccessoryConnecting": [
            "Csatlakozás a", 
            "kártyaolvasóhoz"
        ], 
        "ProviderAccessoryDisconnecting": [
            "Leválasztás a", 
            "kártyaolvasóról"
        ], 
        "ProviderAccessoryUpdating": [
            "Frissítések", 
            "alkalmazása"
        ], 
        "ProviderAccessoryWaitingForReader": [
            "Kártyaolvasó keresése", 
            "Kérjük, kapcsolja be a kártyaolvasót"
        ], 
        "ProviderAccessoryConnectingPrinter": [
            "Csatlakozás a", 
            "nyomtatóhoz"
        ], 
        "ProviderAccessoryWaitingForPrinter": [
            "Nyomtató keresése", 
            "Kérjük, kapcsolja be a nyomtatót"
        ], 
        "ProviderAborted": [
            "A fizetés megszakadt", 
            ""
        ], 
        "ProviderAborted.REFUND": [
            "A visszatérítés megszakadt", 
            ""
        ], 
        "ProviderAborted.VERIFICATION": [
            "Verification aborted", 
            ""
        ], 
        "ProviderApproved": [
            "Fizetés jóváhagyva", 
            ""
        ], 
        "ProviderApproved.REFUND": [
            "Visszatérítés jóváhagyva", 
            ""
        ], 
        "ProviderApproved.VERIFICATION": [
            "Verification successful", 
            ""
        ], 
        "ProviderAccepted": [
            "Fizetés elfogadva", 
            ""
        ], 
        "ProviderAccepted.REFUND": [
            "Visszatérítés elfogadva", 
            ""
        ], 
        "ProviderDeclined": [
            "Fizetés elutasítva", 
            "$reason1$"
        ], 
        "ProviderDeclined.REFUND": [
            "Visszatérítés elutasítva", 
            "$reason1$"
        ], 
        "ProviderDeclined.VERIFICATION": [
            "Cannot validate", 
            ""
        ], 
        "ProviderFailed": [
            "Sikertelen fizetés", 
            "$error$"
        ], 
        "ProviderFailed.REFUND": [
            "Sikertelen visszatérítés", 
            "$error$"
        ], 
        "ProviderFailed.VERIFICATION": [
            "Verification failed", 
            "$error$"
        ], 
        "ProviderInconclusive": [
            "Befejezetlen fizetés", 
            "$error$"
        ], 
        "ProviderInconclusive.REFUND": [
            "Befejezetlen visszatérítés", 
            "$error$"
        ], 
        "ProviderInconclusive.VERIFICATION": [
            "Verification inconclusive", 
            "$error$"
        ], 
        "Completed": [
            "Befejezve", 
            ""
        ], 
        "Aborted": [
            "Megszakítva", 
            ""
        ], 
        "Failed": [
            "Sikertelen", 
            ""
        ], 
        "ProviderNotRefundable": [
            "A fizetés", 
            "nem visszatéríthető"
        ], 
        "ProviderTransactionQuerying": [
            "Tranzakció", 
            "lekérdezése"
        ], 
        "ProviderTransactionRegistering": [
            "Tranzakció", 
            "regisztrálása"
        ], 
        "ProviderAccessoryConfiguringConnectionLink": [
            "A kapcsolat létrehozása", 
            "Kérjük, várjon..."
        ], 
        "ProviderComponentPrinterSending": [
            "Nyomtatás...", 
            ""
        ], 
        "ProviderComponentPrinterSent": [
            "Nyomtatás...", 
            ""
        ], 
        "ProviderComponentPrinterAborted": [
            "A nyomtatás megszakadt", 
            ""
        ], 
        "ProviderComponentPrinterFailed": [
            "Sikertelen nyomtatás", 
            "$error$"
        ], 
        "ReadingEmvCard": [
            "Kártya beolvasása...", 
            ""
        ], 
        "RemoveCardWithStatus": [
            "$reason1$", 
            "Vegye el a kártyát"
        ], 
        "RemoveCard": [
            "Vegye el a kártyát", 
            ""
        ], 
        "SwipeCard": [
            "$amount$", 
            "Húzza végig a kártyát"
        ], 
        "SwipeCardWithoutAmount": [
            "Húzza végig a kártyát", 
            ""
        ], 
        "TransactionAborting": [
            "Fizetés megszakítása...", 
            ""
        ], 
        "TransactionAborting.REFUND": [
            "Visszatérítés megszakítása...", 
            ""
        ], 
        "TransactionAborting.VERIFICATION": [
            "Aborting verification...", 
            ""
        ], 
        "UpdatingDevice": [
            "Frissítés...", 
            ""
        ], 
        "UpdatingDeviceConfigurationUpdate": [
            "Beállítások frissítése folyamatban", 
            "Kérjük, várjon..."
        ], 
        "UpdatingDeviceFirmwareUpdate": [
            "Firmware frissítése folyamatban", 
            "Kérjük, várjon..."
        ], 
        "UpdatingDeviceSoftwareUpdate": [
            "Szoftver frissítése folyamatban", 
            "Kérjük, várjon..."
        ], 
        "UpdatingDeviceKeyInjection": [
            "Kulcsok létrehozása", 
            "Kérjük, várjon..."
        ], 
        "CardNotSupported": [
            "A kártya nem támogatott! Próbáljon egy", 
            "másikat, vagy nyomja meg a Mégse gombot"
        ], 
        "AskingForTipConfirmation": [
            "$amount$", 
            "Borravaló hozzáadása?"
        ], 
        "ProviderComponentTippingAskingForTip": [
            "Borravaló kérése...", 
            ""
        ], 
        "PresentOneCardOnly": [
            "Csak egy kártyát készítsen elő", 
            ""
        ], 
        "RemoveCardWithSignature": [
            "Aláírás szükséges", 
            "Vegye el a kártyát"
        ], 
        "RemoveCardWithIdentification": [
            "Azonosítás szükséges", 
            "Vegye el a kártyát"
        ], 
        "RemoveCardWithProcessing": [
            "Fizetés feldolgozása...", 
            "Vegye el a kártyát"
        ], 
        "RemoveCardWithProcessing.REFUND": [
            "Visszatérítés feldolgozása...", 
            "Vegye el a kártyát"
        ], 
        "RemoveCardWithProcessing.VERIFICATION": [
            "Processing verification...", 
            "Remove card"
        ], 
        "IdleKeepAlive": [
            "Üdvözöljük!", 
            ""
        ], 
        "WaitingForProcessorApproval": [
            "Várakozás a jóváhagyásra...", 
            ""
        ], 
        "AskForMotoResultConfirmationAllMatch": [
            "All match", 
            "Approve?"
        ], 
        "AskForMotoResultConfirmationCvvMatchOnly": [
            "CVV match only", 
            "Approve?"
        ], 
        "AskForMotoResultConfirmationAddressMatchOnly": [
            "Address match only", 
            "Approve?"
        ], 
        "AskForMotoResultConfirmationDataNotChecked": [
            "Data not checked", 
            "Approve?"
        ], 
        "AskForMotoResultConfirmationNoDataMatches": [
            "No data matches", 
            "Approve?"
        ], 
        "ProviderComponentMotoEnteringCardDetails": [
            "Entering card details...", 
            ""
        ], 
        "AskingForTotalAmountConfirmation": [
            "$amount$", 
            "Összeg megerősítése"
        ], 
        "CreditDebitSelectionTitle": [
            ""
        ], 
        "CreditDebitSelectionCredit": [
            ""
        ], 
        "CreditDebitSelectionDebit": [
            ""
        ]
    }
}