{
    "info": {
        "columns": 40, 
        "locale": "fr_FR", 
        "rows": 3
    }, 
    "localization": {
        "ApplicationSelection": [
            ""
        ], 
        "AuthorizingTransaction": [
            "Traitement\nEn Cours", 
            "", 
            "processing"
        ], 
        "AuthorizingTransaction.REFUND": [
            "Traitement\nEn Cours", 
            "", 
            "processing"
        ], 
        "AuthorizingTransaction.VERIFICATION": [
            "Processing\nVerification", 
            "", 
            "processing"
        ], 
        "BarcodeScannerActive": [
            "Barcode\nScanning", 
            "", 
            "processing"
        ], 
        "ScanCode": [
            "$amount$", 
            "Scan Code", 
            "scan"
        ], 
        "DccCurrencySelectionTitle": [
            "Select Currency", 
            "", 
            ""
        ], 
        "ActivationSuccessful": [
            "Activation\nSuccessful\n$balance$", 
            "", 
            ""
        ], 
        "CardBalanceInquiry": [
            "Card Balance\n$balance$", 
            "", 
            ""
        ], 
        "CardNotSupportedIccMagstripe": [
            "$amount$", 
            "Utiliser une autre carte", 
            "insert|swipe"
        ], 
        "CardNotSupportedMagstripe": [
            "$amount$", 
            "Try another card", 
            "swipe"
        ], 
        "CardNotSupportedNfc": [
            "$amount$", 
            "Insérer, faire glisser ou autre carte", 
            "insert|swipe|present"
        ], 
        "CompletedWithStatus": [
            "$reason1$", 
            "$reason2$", 
            ""
        ], 
        "CompletingTransaction": [
            "Traitement\nEn Cours", 
            "", 
            "processing"
        ], 
        "CompletingTransaction.REFUND": [
            "Traitement\nEn Cours", 
            "", 
            "processing"
        ], 
        "CompletingTransaction.VERIFICATION": [
            "Processing\nVerification", 
            "", 
            "processing"
        ], 
        "GenericError": [
            "Erreur", 
            "", 
            ""
        ], 
        "Idle": [
            ""
        ], 
        "InsertCard": [
            "$amount$", 
            "Introduire la carte", 
            "insert"
        ], 
        "InsertOrSwipeCard": [
            "$amount$", 
            "Insérer ou faire glisser la carte", 
            "insert|swipe"
        ], 
        "InsertOrSwipeCardActivateNfc": [
            ""
        ], 
        "PINIncorrect": [
            ""
        ], 
        "PINLastTry": [
            ""
        ], 
        "PINOk": [
            ""
        ], 
        "PINStatus": [
            ""
        ], 
        "PresentCard": [
            "$amount$", 
            "Carte SVP", 
            "insert|swipe|present"
        ], 
        "Processing": [
            "Processing\n", 
            "", 
            "processing"
        ], 
        "ProcessingTransaction": [
            "Traitement\nEn Cours", 
            "", 
            "processing"
        ], 
        "ProcessingTransaction.REFUND": [
            "Traitement\nEn Cours", 
            "", 
            "processing"
        ], 
        "ProcessingTransaction.VERIFICATION": [
            "Processing\nVerification", 
            "", 
            "processing"
        ], 
        "ProvideIdentification": [
            "Traitement\nEn Cours", 
            "", 
            "processing"
        ], 
        "ProvideSignature": [
            "Traitement\nEn Cours", 
            "", 
            "processing"
        ], 
        "ProvideSignatureWithStatus": [
            "$reason1$", 
            "Signature requise", 
            ""
        ], 
        "ProviderAccessoryCheckingForUpdate": [
            ""
        ], 
        "ProviderAccessoryConnecting": [
            ""
        ], 
        "ProviderAccessoryDisconnecting": [
            ""
        ], 
        "ProviderAccessoryUpdating": [
            ""
        ], 
        "ProviderAccessoryWaitingForReader": [
            ""
        ], 
        "ProviderAccessoryConnectingPrinter": [
            ""
        ], 
        "ProviderAccessoryWaitingForPrinter": [
            ""
        ], 
        "ProviderAborted": [
            ""
        ], 
        "ProviderAborted.REFUND": [
            ""
        ], 
        "ProviderAborted.VERIFICATION": [
            ""
        ], 
        "ProviderApproved": [
            ""
        ], 
        "ProviderApproved.REFUND": [
            ""
        ], 
        "ProviderApproved.VERIFICATION": [
            ""
        ], 
        "ProviderAccepted": [
            ""
        ], 
        "ProviderAccepted.REFUND": [
            ""
        ], 
        "ProviderDeclined": [
            ""
        ], 
        "ProviderDeclined.REFUND": [
            ""
        ], 
        "ProviderDeclined.VERIFICATION": [
            ""
        ], 
        "ProviderFailed": [
            ""
        ], 
        "ProviderFailed.REFUND": [
            ""
        ], 
        "ProviderFailed.VERIFICATION": [
            ""
        ], 
        "ProviderInconclusive": [
            ""
        ], 
        "ProviderInconclusive.REFUND": [
            ""
        ], 
        "ProviderInconclusive.VERIFICATION": [
            ""
        ], 
        "Completed": [
            ""
        ], 
        "Aborted": [
            ""
        ], 
        "Failed": [
            ""
        ], 
        "ProviderNotRefundable": [
            ""
        ], 
        "ProviderTransactionQuerying": [
            ""
        ], 
        "ProviderTransactionRegistering": [
            ""
        ], 
        "ProviderAccessoryConfiguringConnectionLink": [
            ""
        ], 
        "ProviderComponentPrinterSending": [
            ""
        ], 
        "ProviderComponentPrinterSent": [
            ""
        ], 
        "ProviderComponentPrinterAborted": [
            ""
        ], 
        "ProviderComponentPrinterFailed": [
            ""
        ], 
        "ReadingEmvCard": [
            "Carte En Cours\nDe Lecture", 
            "", 
            "processing"
        ], 
        "RemoveCardWithStatus": [
            "$reason1$", 
            "Retirer la carte", 
            ""
        ], 
        "RemoveCard": [
            "Retirer la carte", 
            "", 
            ""
        ], 
        "SwipeCard": [
            "$amount$", 
            "Passer La carte", 
            "swipe"
        ], 
        "SwipeCardWithoutAmount": [
            "Passer La Carte", 
            "", 
            "swipe"
        ], 
        "TransactionAborting": [
            "Paiement\nInterrompu", 
            "", 
            "processing"
        ], 
        "TransactionAborting.REFUND": [
            "Remboursement\nInterrompu", 
            "", 
            "processing"
        ], 
        "TransactionAborting.VERIFICATION": [
            "Aborting\nVerification", 
            "", 
            "processing"
        ], 
        "UpdatingDevice": [
            "Mise à Jour", 
            "", 
            "updating"
        ], 
        "UpdatingDeviceConfigurationUpdate": [
            "Mise à Jour", 
            "Configuration", 
            "updating"
        ], 
        "UpdatingDeviceFirmwareUpdate": [
            "Mise à Jour", 
            "Firmware", 
            "updating"
        ], 
        "UpdatingDeviceKeyInjection": [
            "Mise à Jour", 
            "Génération de la clé", 
            "updating"
        ], 
        "UpdatingDeviceSoftwareUpdate": [
            "Mise à Jour", 
            "Logiciel", 
            "updating"
        ], 
        "CardNotSupported": [
            ""
        ], 
        "AskingForTipConfirmation": [
            "$amount$\nAjouter un pour-boire?", 
            "", 
            ""
        ], 
        "ProviderComponentTippingAskingForTip": [
            ""
        ], 
        "PresentOneCardOnly": [
            "Present One\nCard Only", 
            ""
        ], 
        "RemoveCardWithSignature": [
            "Signature\nRequise", 
            "Retirer la carte", 
            ""
        ], 
        "RemoveCardWithIdentification": [
            "Identification\nRequise", 
            "Retirer la carte", 
            ""
        ], 
        "RemoveCardWithProcessing": [
            "Traitement\nEn Cours", 
            "Retirer la carte", 
            "processing"
        ], 
        "RemoveCardWithProcessing.REFUND": [
            "Traitement\nEn Cours", 
            "Retirer la carte", 
            "processing"
        ], 
        "RemoveCardWithProcessing.VERIFICATION": [
            "Processing\nVerification", 
            "Remove card", 
            "processing"
        ], 
        "IdleKeepAlive": [
            "Bienvenue", 
            "", 
            ""
        ], 
        "WaitingForProcessorApproval": [
            ""
        ], 
        "AskForMotoResultConfirmationAllMatch": [
            "All Match\nApprove?", 
            "", 
            ""
        ], 
        "AskForMotoResultConfirmationCvvMatchOnly": [
            "CVV Match Only\nApprove?", 
            "", 
            ""
        ], 
        "AskForMotoResultConfirmationAddressMatchOnly": [
            "Address Match Only\nApprove?", 
            "", 
            ""
        ], 
        "AskForMotoResultConfirmationDataNotChecked": [
            "Data Not Checked\nApprove?", 
            "", 
            ""
        ], 
        "AskForMotoResultConfirmationNoDataMatches": [
            "No Data Matches\nApprove?", 
            "", 
            ""
        ], 
        "ProviderComponentMotoEnteringCardDetails": [
            ""
        ], 
        "AskingForTotalAmountConfirmation": [
            "$amount$\nConfirm Amount", 
            "", 
            ""
        ], 
        "CreditDebitSelectionTitle": [
            "Select Type"
        ], 
        "CreditDebitSelectionCredit": [
            "Credit"
        ], 
        "CreditDebitSelectionDebit": [
            "Debit"
        ]
    }
}