{
    "info": {
        "columns": 40, 
        "locale": "fi_FI", 
        "rows": 2
    }, 
    "localization": {
        "ApplicationSelection": [
            "Valitse oma tilisi", 
            ""
        ], 
        "AuthorizingTransaction": [
            "Käsitellään maksua…", 
            ""
        ], 
        "AuthorizingTransaction.REFUND": [
            "Käsitellään palauttaa…", 
            ""
        ], 
        "AuthorizingTransaction.VERIFICATION": [
            "Processing verification...", 
            ""
        ], 
        "BarcodeScannerActive": [
            "Viivakoodinlukija", 
            "käytössä"
        ], 
        "ScanCode": [
            "$amount$", 
            "Scan code"
        ], 
        "DccCurrencySelectionTitle": [
            "Select currency", 
            ""
        ], 
        "ActivationSuccessful": [
            "Activation Successful", 
            "$balance$"
        ], 
        "CardBalanceInquiry": [
            "Card balance", 
            "$balance$"
        ], 
        "CardNotSupportedMagstripe": [
            "Kokeile toista korttia", 
            ""
        ], 
        "CardNotSupportedIccMagstripe": [
            "Kokeile toista korttia", 
            ""
        ], 
        "CardNotSupportedNfc": [
            "Syötä kortti, pyyhkäise tai", 
            "kokeile toista korttia"
        ], 
        "CompletedWithStatus": [
            "$reason1$", 
            ""
        ], 
        "CompletingTransaction": [
            "Käsitellään maksua…", 
            ""
        ], 
        "CompletingTransaction.REFUND": [
            "Käsitellään palauttaa…", 
            ""
        ], 
        "CompletingTransaction.VERIFICATION": [
            "Processing verification...", 
            ""
        ], 
        "GenericError": [
            "Virhe", 
            ""
        ], 
        "Idle": [
            "Odota...", 
            ""
        ], 
        "InsertCard": [
            "$amount$ ", 
            "Syötä kortti"
        ], 
        "InsertOrSwipeCard": [
            "$amount$", 
            "Syötä kortti tai pyyhkäise"
        ], 
        "InsertOrSwipeCardActivateNfc": [
            "$amount$ Syötä kortti tai pyyhkäise", 
            "[OK] lähimaksaminen"
        ], 
        "PINIncorrect": [
            "Syötä PIN-koodi (väärä) ", 
            "$digits$"
        ], 
        "PINLastTry": [
            "Syötä PIN-koodi (viimeinen yritys) ", 
            "$digits$"
        ], 
        "PINOk": [
            "PIN-koodi OK", 
            ""
        ], 
        "PINStatus": [
            "Syötä PIN-koodi", 
            "$digits$"
        ], 
        "PresentCard": [
            "$amount$", 
            "Esitä kortti"
        ], 
        "Processing": [
            "Processing...", 
            ""
        ], 
        "ProcessingTransaction": [
            "Käsitellään maksua…", 
            ""
        ], 
        "ProcessingTransaction.REFUND": [
            "Käsitellään palauttaa…", 
            ""
        ], 
        "ProcessingTransaction.VERIFICATION": [
            "Processing verification...", 
            ""
        ], 
        "ProvideIdentification": [
            "Tunnistus vaaditaan", 
            ""
        ], 
        "ProvideSignature": [
            "Allekirjoitus vaaditaan", 
            ""
        ], 
        "ProvideSignatureWithStatus": [
            "$reason1$", 
            "Allekirjoitus vaaditaan"
        ], 
        "ProviderAccessoryCheckingForUpdate": [
            "Yhdistetään", 
            "kortinlukijaan"
        ], 
        "ProviderAccessoryConnecting": [
            "Yhdistetään", 
            "kortinlukijaan"
        ], 
        "ProviderAccessoryDisconnecting": [
            "Disconnecting from", 
            "card reader"
        ], 
        "ProviderAccessoryUpdating": [
            "Suoritetaan", 
            "päivityksiä"
        ], 
        "ProviderAccessoryWaitingForReader": [
            "Haetaan lukijaa", 
            "Kytke lukija päälle"
        ], 
        "ProviderAccessoryConnectingPrinter": [
            "Yhdistetään", 
            "tulostimeen"
        ], 
        "ProviderAccessoryWaitingForPrinter": [
            "Haetaan tulostinta", 
            "Kytke tulostin päälle"
        ], 
        "ProviderAborted": [
            "Maksu keskeytetty", 
            ""
        ], 
        "ProviderAborted.REFUND": [
            "Palautus keskeytetty", 
            ""
        ], 
        "ProviderAborted.VERIFICATION": [
            "Verification aborted", 
            ""
        ], 
        "ProviderApproved": [
            "Maksu hyväksytty", 
            ""
        ], 
        "ProviderApproved.REFUND": [
            "Palautus hyväksytty", 
            ""
        ], 
        "ProviderApproved.VERIFICATION": [
            "Verification successful", 
            ""
        ], 
        "ProviderAccepted": [
            "Payment accepted", 
            ""
        ], 
        "ProviderAccepted.REFUND": [
            "Refund accepted", 
            ""
        ], 
        "ProviderDeclined": [
            "Maksu hylätty", 
            "$reason1$"
        ], 
        "ProviderDeclined.REFUND": [
            "Palautus hylätty", 
            "$reason1$"
        ], 
        "ProviderDeclined.VERIFICATION": [
            "Cannot validate", 
            ""
        ], 
        "ProviderFailed": [
            "Maksu epäonnistui", 
            "$error$"
        ], 
        "ProviderFailed.REFUND": [
            "Palautus epäonnistui", 
            "$error$"
        ], 
        "ProviderFailed.VERIFICATION": [
            "Verification failed", 
            "$error$"
        ], 
        "ProviderInconclusive": [
            "Maksu epäonnistui", 
            "$error$"
        ], 
        "ProviderInconclusive.REFUND": [
            "Palautus epäonnistui", 
            "$error$"
        ], 
        "ProviderInconclusive.VERIFICATION": [
            "Verification inconclusive", 
            "$error$"
        ], 
        "Completed": [
            "Valmis", 
            ""
        ], 
        "Aborted": [
            "Keskeytetty", 
            ""
        ], 
        "Failed": [
            "Epäonnistui", 
            ""
        ], 
        "ProviderNotRefundable": [
            "Maksua ei voi", 
            "palauttaa"
        ], 
        "ProviderTransactionQuerying": [
            "Tiedustellaan", 
            "tapahtumaa"
        ], 
        "ProviderTransactionRegistering": [
            "Rekisteröidään", 
            "tapahtumaa"
        ], 
        "ProviderAccessoryConfiguringConnectionLink": [
            "Yhteyden konfigurointi", 
            "Odota..."
        ], 
        "ProviderComponentPrinterSending": [
            "Tulostetaan...", 
            ""
        ], 
        "ProviderComponentPrinterSent": [
            "Tulostetaan...", 
            ""
        ], 
        "ProviderComponentPrinterAborted": [
            "Tulostus keskeytetty", 
            ""
        ], 
        "ProviderComponentPrinterFailed": [
            "Tulostus epäonnistui", 
            "$error$"
        ], 
        "ReadingEmvCard": [
            "Luetaan korttia...", 
            ""
        ], 
        "RemoveCardWithStatus": [
            "$reason1$", 
            "Poista kortti"
        ], 
        "RemoveCard": [
            "", 
            "Poista kortti"
        ], 
        "SwipeCard": [
            "$amount$", 
            "Pyyhkäise kortti"
        ], 
        "SwipeCardWithoutAmount": [
            "Pyyhkäise kortti", 
            ""
        ], 
        "TransactionAborting": [
            "Keskeytetään maksu...", 
            ""
        ], 
        "TransactionAborting.REFUND": [
            "Keskeytetään palautus...", 
            ""
        ], 
        "TransactionAborting.VERIFICATION": [
            "Aborting verification...", 
            ""
        ], 
        "UpdatingDevice": [
            "Päivitetään...", 
            ""
        ], 
        "UpdatingDeviceConfigurationUpdate": [
            "Päivitetään asetuksia", 
            "Odota..."
        ], 
        "UpdatingDeviceFirmwareUpdate": [
            "Päivitetään laitteistoa", 
            "Odota..."
        ], 
        "UpdatingDeviceSoftwareUpdate": [
            "Päivitetään ohjelmistoa", 
            "Odota..."
        ], 
        "UpdatingDeviceKeyInjection": [
            "Luodaan avaimia", 
            "Odota..."
        ], 
        "CardNotSupported": [
            "Korttia ei tueta! Kokeile toista ", 
            "korttia tai paina Peruuta"
        ], 
        "AskingForTipConfirmation": [
            "$amount$", 
            "Lisää TIPPI?"
        ], 
        "ProviderComponentTippingAskingForTip": [
            "Kysytään TIPPIÄ...", 
            ""
        ], 
        "PresentOneCardOnly": [
            "Present one card only", 
            ""
        ], 
        "RemoveCardWithSignature": [
            "Allekirjoitus vaaditaan", 
            "Poista kortti"
        ], 
        "RemoveCardWithIdentification": [
            "Tunnistus vaaditaan", 
            "Poista kortti"
        ], 
        "RemoveCardWithProcessing": [
            "Käsitellään maksua…", 
            "Poista kortti"
        ], 
        "RemoveCardWithProcessing.REFUND": [
            "Käsitellään palauttaa…", 
            "Poista kortti"
        ], 
        "RemoveCardWithProcessing.VERIFICATION": [
            "Processing verification...", 
            "Remove card"
        ], 
        "IdleKeepAlive": [
            "Tervetuloa", 
            ""
        ], 
        "WaitingForProcessorApproval": [
            "Waiting for approval...", 
            ""
        ], 
        "AskForMotoResultConfirmationAllMatch": [
            "All match", 
            "Approve?"
        ], 
        "AskForMotoResultConfirmationCvvMatchOnly": [
            "CVV match only", 
            "Approve?"
        ], 
        "AskForMotoResultConfirmationAddressMatchOnly": [
            "Address match only", 
            "Approve?"
        ], 
        "AskForMotoResultConfirmationDataNotChecked": [
            "Data not checked", 
            "Approve?"
        ], 
        "AskForMotoResultConfirmationNoDataMatches": [
            "No data matches", 
            "Approve?"
        ], 
        "ProviderComponentMotoEnteringCardDetails": [
            "Entering card details...", 
            ""
        ], 
        "AskingForTotalAmountConfirmation": [
            "$amount$", 
            "Vahvista summa"
        ], 
        "CreditDebitSelectionTitle": [
            ""
        ], 
        "CreditDebitSelectionCredit": [
            ""
        ], 
        "CreditDebitSelectionDebit": [
            ""
        ]
    }
}