{
    "info": {
        "columns": 40, 
        "locale": "de_DE", 
        "rows": 2
    }, 
    "localization": {
        "ApplicationSelection": [
            "Karte auswählen", 
            ""
        ], 
        "AuthorizingTransaction": [
            "Zahlung wird verarbeitet...", 
            ""
        ], 
        "AuthorizingTransaction.REFUND": [
            "Rückerstattung wird verarbeitet...", 
            ""
        ], 
        "AuthorizingTransaction.VERIFICATION": [
            "Processing verification...", 
            ""
        ], 
        "BarcodeScannerActive": [
            "Barcodescanner", 
            "aktiv"
        ], 
        "ScanCode": [
            "$amount$", 
            "Scan code"
        ], 
        "DccCurrencySelectionTitle": [
            "Select currency", 
            ""
        ], 
        "ActivationSuccessful": [
            "Activation Successful", 
            "$balance$"
        ], 
        "CardBalanceInquiry": [
            "Card balance", 
            "$balance$"
        ], 
        "CardNotSupportedMagstripe": [
            "Andere Karte benutzen", 
            ""
        ], 
        "CardNotSupportedIccMagstripe": [
            "Andere Karte benutzen", 
            ""
        ], 
        "CardNotSupportedNfc": [
            "Einstecken, durchziehen oder", 
            "andere Karte benutzen"
        ], 
        "CompletedWithStatus": [
            "$reason1$", 
            ""
        ], 
        "CompletingTransaction": [
            "Zahlung wird verarbeitet...", 
            ""
        ], 
        "CompletingTransaction.REFUND": [
            "Rückerstattung wird verarbeitet...", 
            ""
        ], 
        "CompletingTransaction.VERIFICATION": [
            "Processing verification...", 
            ""
        ], 
        "GenericError": [
            "Fehler", 
            ""
        ], 
        "Idle": [
            "Bitte warten...", 
            ""
        ], 
        "InsertCard": [
            "$amount$", 
            "Karte einstecken"
        ], 
        "InsertOrSwipeCard": [
            "$amount$", 
            "Karte einstecken oder durchziehen"
        ], 
        "InsertOrSwipeCardActivateNfc": [
            "$amount$ Karte einstecken oder", 
            "durchziehen, [OK] für NFC"
        ], 
        "PINIncorrect": [
            "PIN eingeben (PIN falsch)", 
            "$digits$"
        ], 
        "PINLastTry": [
            "PIN eingeben (letzter Versuch)", 
            "$digits$"
        ], 
        "PINOk": [
            "PIN OK", 
            ""
        ], 
        "PINStatus": [
            "PIN eingeben", 
            "$digits$"
        ], 
        "PresentCard": [
            "$amount$", 
            "Bitte Karte"
        ], 
        "Processing": [
            "Processing...", 
            ""
        ], 
        "ProcessingTransaction": [
            "Zahlung wird verarbeitet...", 
            ""
        ], 
        "ProcessingTransaction.REFUND": [
            "Rückerstattung wird verarbeitet...", 
            ""
        ], 
        "ProcessingTransaction.VERIFICATION": [
            "Processing verification...", 
            ""
        ], 
        "ProvideIdentification": [
            "Identifikation benötigt", 
            ""
        ], 
        "ProvideSignature": [
            "Unterschrift benötigt", 
            ""
        ], 
        "ProvideSignatureWithStatus": [
            "$reason1$", 
            "Unterschrift benötigt"
        ], 
        "ProviderAccessoryCheckingForUpdate": [
            "Verbinde mit", 
            "Kartenleser"
        ], 
        "ProviderAccessoryConnecting": [
            "Verbinde mit", 
            "Kartenleser"
        ], 
        "ProviderAccessoryDisconnecting": [
            "Trenne von", 
            "Kartenleser"
        ], 
        "ProviderAccessoryUpdating": [
            "Update wird", 
            "durchgeführt"
        ], 
        "ProviderAccessoryWaitingForReader": [
            "Suche nach Kartenleser", 
            "Bitte Kartenleser einschalten"
        ], 
        "ProviderAccessoryConnectingPrinter": [
            "Verbinde mit", 
            "Drucker"
        ], 
        "ProviderAccessoryWaitingForPrinter": [
            "Suche nach Drucker", 
            "Bitte Drucker einschalten"
        ], 
        "ProviderAborted": [
            "Zahlung abgebrochen", 
            ""
        ], 
        "ProviderAborted.REFUND": [
            "Rückerstattung abgebrochen", 
            ""
        ], 
        "ProviderAborted.VERIFICATION": [
            "Verification aborted", 
            ""
        ], 
        "ProviderApproved": [
            "Zahlung erfolgreich", 
            ""
        ], 
        "ProviderApproved.REFUND": [
            "Rückerstattung erfolgreich", 
            ""
        ], 
        "ProviderApproved.VERIFICATION": [
            "Verification successful", 
            ""
        ], 
        "ProviderAccepted": [
            "Zahlung akzeptiert", 
            ""
        ], 
        "ProviderAccepted.REFUND": [
            "Rückerstattung akzeptiert", 
            ""
        ], 
        "ProviderDeclined": [
            "Zahlung abgelehnt", 
            "$reason1$"
        ], 
        "ProviderDeclined.REFUND": [
            "Rückerstattung abgelehnt", 
            "$reason1$"
        ], 
        "ProviderDeclined.VERIFICATION": [
            "Verifizierung fehlgeschlagen", 
            ""
        ], 
        "ProviderFailed": [
            "Zahlung fehlgeschlagen", 
            "$error$"
        ], 
        "ProviderFailed.REFUND": [
            "Rückerstattung fehlgeschlagen", 
            "$error$"
        ], 
        "ProviderFailed.VERIFICATION": [
            "Verification failed", 
            "$error$"
        ], 
        "ProviderInconclusive": [
            "Zahlung nicht eindeutig", 
            " $error$"
        ], 
        "ProviderInconclusive.REFUND": [
            "Rückerstattung nicht eindeutig", 
            " $error$"
        ], 
        "ProviderInconclusive.VERIFICATION": [
            "Verification inconclusive", 
            "$error$"
        ], 
        "Completed": [
            "Abgeschlossen", 
            ""
        ], 
        "Aborted": [
            "Abgebrochen", 
            ""
        ], 
        "Failed": [
            "Fehlgeschlagen", 
            ""
        ], 
        "ProviderNotRefundable": [
            "Rückerstattung", 
            "nicht möglich"
        ], 
        "ProviderTransactionQuerying": [
            "Überprüfe", 
            "Zahlung"
        ], 
        "ProviderTransactionRegistering": [
            "Registriere", 
            "Zahlung"
        ], 
        "ProviderAccessoryConfiguringConnectionLink": [
            "Konfiguriere Kartenleser", 
            "Bitte warten..."
        ], 
        "ProviderComponentPrinterSending": [
            "Drucken...", 
            ""
        ], 
        "ProviderComponentPrinterSent": [
            "Drucken...", 
            ""
        ], 
        "ProviderComponentPrinterAborted": [
            "Drucken abgebrochen", 
            ""
        ], 
        "ProviderComponentPrinterFailed": [
            "Drucken fehlgeschlagen", 
            "$error$"
        ], 
        "ReadingEmvCard": [
            "Karte wird gelesen...", 
            ""
        ], 
        "RemoveCardWithStatus": [
            "$reason1$", 
            "Karte entnehmen"
        ], 
        "RemoveCard": [
            "", 
            "Karte entnehmen"
        ], 
        "SwipeCard": [
            "$amount$", 
            "Karte durchziehen"
        ], 
        "SwipeCardWithoutAmount": [
            "Karte durchziehen", 
            ""
        ], 
        "TransactionAborting": [
            "Zahlung wird abgebrochen...", 
            ""
        ], 
        "TransactionAborting.REFUND": [
            "Rückerstattung wird abgebrochen...", 
            ""
        ], 
        "TransactionAborting.VERIFICATION": [
            "Aborting verification...", 
            ""
        ], 
        "UpdatingDevice": [
            "Update...", 
            ""
        ], 
        "UpdatingDeviceConfigurationUpdate": [
            "Aktualisiere Konfiguration", 
            "Bitte warten..."
        ], 
        "UpdatingDeviceFirmwareUpdate": [
            "Aktualisiere Firmware", 
            "Bitte warten..."
        ], 
        "UpdatingDeviceSoftwareUpdate": [
            "Aktualisiere Software", 
            "Bitte warten..."
        ], 
        "UpdatingDeviceKeyInjection": [
            "Schlüsselerzeugung", 
            "Bitte warten..."
        ], 
        "CardNotSupported": [
            "Karte nicht unterstützt!", 
            "Andere Karte oder abbrechen"
        ], 
        "AskingForTipConfirmation": [
            "$amount$", 
            "Trinkgeld hinzufügen?"
        ], 
        "ProviderComponentTippingAskingForTip": [
            "Trinkgeld wird abgefragt...", 
            ""
        ], 
        "PresentOneCardOnly": [
            "Bitte nur eine Karte", 
            ""
        ], 
        "RemoveCardWithSignature": [
            "Unterschrift benötigt", 
            "Karte entnehmen"
        ], 
        "RemoveCardWithIdentification": [
            "Identifikation benötigt", 
            "Karte entnehmen"
        ], 
        "RemoveCardWithProcessing": [
            "Zahlung wird verarbeitet...", 
            "Karte entnehmen"
        ], 
        "RemoveCardWithProcessing.REFUND": [
            "Rückerstattung wird verarbeitet...", 
            "Karte entnehmen"
        ], 
        "RemoveCardWithProcessing.VERIFICATION": [
            "Processing verification...", 
            "Remove card"
        ], 
        "IdleKeepAlive": [
            "Willkommen", 
            ""
        ], 
        "WaitingForProcessorApproval": [
            "Warte auf Bestätigung..."
        ], 
        "AskForMotoResultConfirmationAllMatch": [
            "All match", 
            "Approve?"
        ], 
        "AskForMotoResultConfirmationCvvMatchOnly": [
            "CVV match only", 
            "Approve?"
        ], 
        "AskForMotoResultConfirmationAddressMatchOnly": [
            "Address match only", 
            "Approve?"
        ], 
        "AskForMotoResultConfirmationDataNotChecked": [
            "Data not checked", 
            "Approve?"
        ], 
        "AskForMotoResultConfirmationNoDataMatches": [
            "No data matches", 
            "Approve?"
        ], 
        "ProviderComponentMotoEnteringCardDetails": [
            "Kartendaten eingeben...", 
            ""
        ], 
        "AskingForTotalAmountConfirmation": [
            "$amount$", 
            "Betrag bestätigen"
        ], 
        "CreditDebitSelectionTitle": [
            ""
        ], 
        "CreditDebitSelectionCredit": [
            ""
        ], 
        "CreditDebitSelectionDebit": [
            ""
        ]
    }
}