{
    "info": {
        "columns": 20, 
        "locale": "sv_SE", 
        "rows": 4
    }, 
    "localization": {
        "ApplicationSelection": [
            "", 
            "Välj", 
            "konto", 
            ""
        ], 
        "AuthorizingTransaction": [
            "", 
            "Bearbetar", 
            "betalning...", 
            ""
        ], 
        "AuthorizingTransaction.REFUND": [
            "", 
            "Bearbetar", 
            "retur...", 
            ""
        ], 
        "AuthorizingTransaction.VERIFICATION": [
            "", 
            "Processing", 
            "verification...", 
            ""
        ], 
        "BarcodeScannerActive": [
            "", 
            "Streckkodsläsare", 
            "aktiv", 
            ""
        ], 
        "ScanCode": [
            "", 
            "$amount$", 
            "Scan code", 
            ""
        ], 
        "DccCurrencySelectionTitle": [
            "", 
            "Select", 
            "currency", 
            ""
        ], 
        "ActivationSuccessful": [
            "Activation", 
            "Successful", 
            "", 
            "$balance$"
        ], 
        "CardBalanceInquiry": [
            "", 
            "Card balance", 
            "$balance$", 
            ""
        ], 
        "CardNotSupportedMagstripe": [
            "", 
            "", 
            "Prova ett annat kort", 
            ""
        ], 
        "CardNotSupportedIccMagstripe": [
            "", 
            "", 
            "Prova ett annat kort", 
            ""
        ], 
        "CardNotSupportedNfc": [
            "", 
            "Sätt i,", 
            "dra eller prova ett ", 
            "annant kort"
        ], 
        "CompletedWithStatus": [
            "", 
            "$reason1$", 
            "$reason2$", 
            ""
        ], 
        "CompletingTransaction": [
            "", 
            "Bearbetar", 
            "betalning...", 
            ""
        ], 
        "CompletingTransaction.REFUND": [
            "", 
            "Bearbetar", 
            "retur...", 
            ""
        ], 
        "CompletingTransaction.VERIFICATION": [
            "", 
            "Processing", 
            "verification...", 
            ""
        ], 
        "GenericError": [
            "", 
            "", 
            "Fel", 
            ""
        ], 
        "Idle": [
            "", 
            "", 
            "Vänta...", 
            ""
        ], 
        "InsertCard": [
            "$amount$", 
            "", 
            "Sätt i kort", 
            ""
        ], 
        "InsertOrSwipeCard": [
            "$amount$", 
            "", 
            "Sätt i eller ", 
            "dra kort"
        ], 
        "InsertOrSwipeCardActivateNfc": [
            "$amount$", 
            "Sätt i eller ", 
            "dra kort", 
            "[OK] för NFC"
        ], 
        "PINIncorrect": [
            "", 
            "Ange PIN", 
            "$digits$ ", 
            "(fel PIN)"
        ], 
        "PINLastTry": [
            "", 
            "Ange PIN", 
            "$digits$ ", 
            "(sista försöket)"
        ], 
        "PINOk": [
            "", 
            "", 
            "PIN OK", 
            ""
        ], 
        "PINStatus": [
            "", 
            "Ange PIN", 
            "$siffror$", 
            ""
        ], 
        "PresentCard": [
            "$amount$", 
            "", 
            "Presentera kort", 
            ""
        ], 
        "Processing": [
            "", 
            "", 
            "Processing...", 
            ""
        ], 
        "ProcessingTransaction": [
            "", 
            "Bearbetar", 
            "betalning...", 
            ""
        ], 
        "ProcessingTransaction.REFUND": [
            "", 
            "Bearbetar", 
            "retur...", 
            ""
        ], 
        "ProcessingTransaction.VERIFICATION": [
            "", 
            "Processing", 
            "verification...", 
            ""
        ], 
        "ProvideIdentification": [
            "", 
            "Identifikation ", 
            "krävs", 
            ""
        ], 
        "ProvideSignature": [
            "", 
            "Signatur ", 
            "krävs", 
            ""
        ], 
        "ProvideSignatureWithStatus": [
            "$reason1$", 
            "$reason2$", 
            "Signatur ", 
            "krävs"
        ], 
        "ProviderAccessoryCheckingForUpdate": [
            ""
        ], 
        "ProviderAccessoryConnecting": [
            ""
        ], 
        "ProviderAccessoryDisconnecting": [
            ""
        ], 
        "ProviderAccessoryUpdating": [
            ""
        ], 
        "ProviderAccessoryWaitingForReader": [
            ""
        ], 
        "ProviderAccessoryConnectingPrinter": [
            ""
        ], 
        "ProviderAccessoryWaitingForPrinter": [
            ""
        ], 
        "ProviderAborted": [
            ""
        ], 
        "ProviderAborted.REFUND": [
            ""
        ], 
        "ProviderAborted.VERIFICATION": [
            ""
        ], 
        "ProviderApproved": [
            ""
        ], 
        "ProviderApproved.REFUND": [
            ""
        ], 
        "ProviderApproved.VERIFICATION": [
            ""
        ], 
        "ProviderAccepted": [
            ""
        ], 
        "ProviderAccepted.REFUND": [
            ""
        ], 
        "ProviderDeclined": [
            ""
        ], 
        "ProviderDeclined.REFUND": [
            ""
        ], 
        "ProviderDeclined.VERIFICATION": [
            ""
        ], 
        "ProviderFailed": [
            ""
        ], 
        "ProviderFailed.REFUND": [
            ""
        ], 
        "ProviderFailed.VERIFICATION": [
            ""
        ], 
        "ProviderInconclusive": [
            ""
        ], 
        "ProviderInconclusive.REFUND": [
            ""
        ], 
        "ProviderInconclusive.VERIFICATION": [
            ""
        ], 
        "Completed": [
            ""
        ], 
        "Aborted": [
            ""
        ], 
        "Failed": [
            ""
        ], 
        "ProviderNotRefundable": [
            ""
        ], 
        "ProviderTransactionQuerying": [
            ""
        ], 
        "ProviderTransactionRegistering": [
            ""
        ], 
        "ProviderAccessoryConfiguringConnectionLink": [
            ""
        ], 
        "ProviderComponentPrinterSending": [
            ""
        ], 
        "ProviderComponentPrinterSent": [
            ""
        ], 
        "ProviderComponentPrinterAborted": [
            ""
        ], 
        "ProviderComponentPrinterFailed": [
            ""
        ], 
        "ReadingEmvCard": [
            "", 
            "", 
            "Läser kort...", 
            ""
        ], 
        "RemoveCardWithStatus": [
            "$reason1$", 
            "$reason2$", 
            "", 
            "Ta ut kort"
        ], 
        "RemoveCard": [
            "", 
            "", 
            "Ta ut kort", 
            ""
        ], 
        "SwipeCard": [
            "$belopp$", 
            "", 
            "Dra kort", 
            ""
        ], 
        "SwipeCardWithoutAmount": [
            "", 
            "", 
            "Dra kort", 
            ""
        ], 
        "TransactionAborting": [
            "", 
            "Avbryter ", 
            "betalning...", 
            ""
        ], 
        "TransactionAborting.REFUND": [
            "", 
            "Avbryter ", 
            "retur...", 
            ""
        ], 
        "TransactionAborting.VERIFICATION": [
            "", 
            "Aborting", 
            "verification...", 
            ""
        ], 
        "UpdatingDevice": [
            "", 
            "", 
            "Uppdaterar...", 
            ""
        ], 
        "UpdatingDeviceConfigurationUpdate": [
            "Uppdaterar konfig", 
            "", 
            " ", 
            "Vänta..."
        ], 
        "UpdatingDeviceFirmwareUpdate": [
            "Uppdaterar firmware", 
            " ", 
            "", 
            "Vänta..."
        ], 
        "UpdatingDeviceKeyInjection": [
            "Genererar nycklar", 
            "", 
            "", 
            "Vänta..."
        ], 
        "UpdatingDeviceSoftwareUpdate": [
            "Uppdaterar mjukvara", 
            "", 
            "", 
            "Vänta..."
        ], 
        "CardNotSupported": [
            "", 
            "Kort stöds inte!", 
            "Prova ett annat", 
            "eller tryck avbryt"
        ], 
        "AskingForTipConfirmation": [
            "$amount$", 
            "", 
            "Lägg till dricks?", 
            "[X] Nej [OK] Ja"
        ], 
        "ProviderComponentTippingAskingForTip": [
            ""
        ], 
        "PresentOneCardOnly": [
            "", 
            "Present one", 
            "card only", 
            ""
        ], 
        "RemoveCardWithSignature": [
            "Signatur ", 
            "krävs", 
            "", 
            "Ta ut kort"
        ], 
        "RemoveCardWithIdentification": [
            "Identifikation ", 
            "krävs", 
            "", 
            "Ta ut kort"
        ], 
        "RemoveCardWithProcessing": [
            "Bearbetar", 
            "betalning...", 
            "", 
            "Ta ut kort"
        ], 
        "RemoveCardWithProcessing.REFUND": [
            "Bearbetar", 
            "retur...", 
            "", 
            "Ta ut kort"
        ], 
        "RemoveCardWithProcessing.VERIFICATION": [
            "Processing", 
            "verification...", 
            "", 
            "Remove card"
        ], 
        "IdleKeepAlive": [
            "", 
            "", 
            "Välkommen", 
            ""
        ], 
        "WaitingForProcessorApproval": [
            ""
        ], 
        "AskForMotoResultConfirmationAllMatch": [
            "All match", 
            "Approve?", 
            "", 
            " [X] No     [OK] Yes"
        ], 
        "AskForMotoResultConfirmationCvvMatchOnly": [
            "CVV match only", 
            "Approve?", 
            "", 
            " [X] No     [OK] Yes"
        ], 
        "AskForMotoResultConfirmationAddressMatchOnly": [
            "Address match only", 
            "Approve?", 
            "", 
            " [X] No     [OK] Yes"
        ], 
        "AskForMotoResultConfirmationDataNotChecked": [
            "Data not checked", 
            "Approve?", 
            "", 
            " [X] No     [OK] Yes"
        ], 
        "AskForMotoResultConfirmationNoDataMatches": [
            "No data matches", 
            "Approve?", 
            "", 
            " [X] No     [OK] Yes"
        ], 
        "ProviderComponentMotoEnteringCardDetails": [
            ""
        ], 
        "AskingForTotalAmountConfirmation": [
            "$amount$", 
            "Bekräfta summa", 
            "", 
            "[X] Nej     [OK] Ja"
        ], 
        "CreditDebitSelectionTitle": [
            ""
        ], 
        "CreditDebitSelectionCredit": [
            ""
        ], 
        "CreditDebitSelectionDebit": [
            ""
        ]
    }
}