{
    "info": {
        "columns": 20, 
        "locale": "es_ES", 
        "rows": 4
    }, 
    "localization": {
        "ApplicationSelection": [
            "", 
            "Elija", 
            "su cuenta", 
            ""
        ], 
        "AuthorizingTransaction": [
            "", 
            "Procesando", 
            "pago...", 
            ""
        ], 
        "AuthorizingTransaction.REFUND": [
            "", 
            "Procesando", 
            "reembolso...", 
            ""
        ], 
        "AuthorizingTransaction.VERIFICATION": [
            "", 
            "Processing", 
            "verification...", 
            ""
        ], 
        "BarcodeScannerActive": [
            "", 
            "Lector de código", 
            "de barras activo", 
            ""
        ], 
        "ScanCode": [
            "", 
            "$amount$", 
            "Scan code", 
            ""
        ], 
        "DccCurrencySelectionTitle": [
            "", 
            "Select", 
            "currency", 
            ""
        ], 
        "ActivationSuccessful": [
            "Activation", 
            "Successful", 
            "", 
            "$balance$"
        ], 
        "CardBalanceInquiry": [
            "", 
            "Card balance", 
            "$balance$", 
            ""
        ], 
        "CardNotSupportedMagstripe": [
            "", 
            "Pruebe", 
            "con otra tarjeta", 
            ""
        ], 
        "CardNotSupportedIccMagstripe": [
            "", 
            "Pruebe", 
            "con otra tarjeta", 
            ""
        ], 
        "CardNotSupportedNfc": [
            "", 
            "Introduzca,", 
            "deslice o pruebe", 
            "con otra tarjeta"
        ], 
        "CompletedWithStatus": [
            "", 
            "$reason1$", 
            "$reason2$", 
            ""
        ], 
        "CompletingTransaction": [
            "", 
            "Procesando", 
            "pago...", 
            ""
        ], 
        "CompletingTransaction.REFUND": [
            "", 
            "Procesando", 
            "reembolso...", 
            ""
        ], 
        "CompletingTransaction.VERIFICATION": [
            "", 
            "Processing", 
            "verification...", 
            ""
        ], 
        "GenericError": [
            "", 
            "", 
            "Error", 
            ""
        ], 
        "Idle": [
            "", 
            "Por favor, ", 
            "espere...", 
            ""
        ], 
        "InsertCard": [
            "$amount$", 
            "", 
            "Introduzca tarjeta", 
            ""
        ], 
        "InsertOrSwipeCard": [
            "$amount$", 
            "", 
            "Introduzca o", 
            "deslice tarjeta"
        ], 
        "InsertOrSwipeCardActivateNfc": [
            "$amount$", 
            "Introduzca o", 
            "deslice tarjeta", 
            "[OK] para NFC"
        ], 
        "PINIncorrect": [
            "", 
            "Introduzca PIN", 
            "$digits$", 
            "(PIN incorrecto)"
        ], 
        "PINLastTry": [
            "", 
            "Introduzca PIN", 
            "$digits$", 
            "(último intento)"
        ], 
        "PINOk": [
            "", 
            "", 
            "PIN OK", 
            ""
        ], 
        "PINStatus": [
            "", 
            "Introduzca PIN", 
            "$digits$", 
            ""
        ], 
        "PresentCard": [
            "$amount$", 
            "", 
            "Tarjeta por favor", 
            ""
        ], 
        "Processing": [
            "", 
            "", 
            "Processing...", 
            ""
        ], 
        "ProcessingTransaction": [
            "", 
            "Procesando", 
            "pago...", 
            ""
        ], 
        "ProcessingTransaction.REFUND": [
            "", 
            "Procesando", 
            "reembolso...", 
            ""
        ], 
        "ProcessingTransaction.VERIFICATION": [
            "", 
            "Processing", 
            "verification...", 
            ""
        ], 
        "ProvideIdentification": [
            "", 
            "Identificación", 
            "necesaria", 
            ""
        ], 
        "ProvideSignature": [
            "", 
            "Firma", 
            "necesaria", 
            ""
        ], 
        "ProvideSignatureWithStatus": [
            "$reason1$", 
            "$reason2$", 
            "Firma", 
            "necesaria"
        ], 
        "ProviderAccessoryCheckingForUpdate": [
            ""
        ], 
        "ProviderAccessoryConnecting": [
            ""
        ], 
        "ProviderAccessoryDisconnecting": [
            ""
        ], 
        "ProviderAccessoryUpdating": [
            ""
        ], 
        "ProviderAccessoryWaitingForReader": [
            ""
        ], 
        "ProviderAccessoryConnectingPrinter": [
            ""
        ], 
        "ProviderAccessoryWaitingForPrinter": [
            ""
        ], 
        "ProviderAborted": [
            ""
        ], 
        "ProviderAborted.REFUND": [
            ""
        ], 
        "ProviderAborted.VERIFICATION": [
            ""
        ], 
        "ProviderApproved": [
            ""
        ], 
        "ProviderApproved.REFUND": [
            ""
        ], 
        "ProviderApproved.VERIFICATION": [
            ""
        ], 
        "ProviderAccepted": [
            ""
        ], 
        "ProviderAccepted.REFUND": [
            ""
        ], 
        "ProviderDeclined": [
            ""
        ], 
        "ProviderDeclined.REFUND": [
            ""
        ], 
        "ProviderDeclined.VERIFICATION": [
            ""
        ], 
        "ProviderFailed": [
            ""
        ], 
        "ProviderFailed.REFUND": [
            ""
        ], 
        "ProviderFailed.VERIFICATION": [
            ""
        ], 
        "ProviderInconclusive": [
            ""
        ], 
        "ProviderInconclusive.REFUND": [
            ""
        ], 
        "ProviderInconclusive.VERIFICATION": [
            ""
        ], 
        "Completed": [
            ""
        ], 
        "Aborted": [
            ""
        ], 
        "Failed": [
            ""
        ], 
        "ProviderNotRefundable": [
            ""
        ], 
        "ProviderTransactionQuerying": [
            ""
        ], 
        "ProviderTransactionRegistering": [
            ""
        ], 
        "ProviderAccessoryConfiguringConnectionLink": [
            ""
        ], 
        "ProviderComponentPrinterSending": [
            ""
        ], 
        "ProviderComponentPrinterSent": [
            ""
        ], 
        "ProviderComponentPrinterAborted": [
            ""
        ], 
        "ProviderComponentPrinterFailed": [
            ""
        ], 
        "ReadingEmvCard": [
            "", 
            "Leyendo", 
            "tarjeta...", 
            ""
        ], 
        "RemoveCardWithStatus": [
            "$reason1$", 
            "$reason2$", 
            "", 
            "Retire tarjeta"
        ], 
        "RemoveCard": [
            "", 
            "", 
            "Retire tarjeta", 
            ""
        ], 
        "SwipeCard": [
            "$amount$", 
            "", 
            "Deslice tarjeta", 
            ""
        ], 
        "SwipeCardWithoutAmount": [
            "", 
            "", 
            "Deslice tarjeta", 
            ""
        ], 
        "TransactionAborting": [
            "", 
            "Cancelar", 
            "pago...", 
            ""
        ], 
        "TransactionAborting.REFUND": [
            "", 
            "Cancelar", 
            "reembolso...", 
            ""
        ], 
        "TransactionAborting.VERIFICATION": [
            "", 
            "Aborting", 
            "verification...", 
            ""
        ], 
        "UpdatingDevice": [
            "", 
            "", 
            "Actualizando...", 
            ""
        ], 
        "UpdatingDeviceConfigurationUpdate": [
            "Actualizando ", 
            "Configuración", 
            "", 
            "Espere..."
        ], 
        "UpdatingDeviceFirmwareUpdate": [
            "Actualizando", 
            "Firmware", 
            "", 
            "Espere..."
        ], 
        "UpdatingDeviceKeyInjection": [
            "Generando", 
            "claves", 
            "", 
            "Espere..."
        ], 
        "UpdatingDeviceSoftwareUpdate": [
            "Actualizando", 
            "software", 
            "", 
            "Espere..."
        ], 
        "CardNotSupported": [
            "¡Tarjeta", 
            "no soportada!", 
            "Pruebe otra o", 
            " presione Cancelar"
        ], 
        "AskingForTipConfirmation": [
            "$amount$", 
            " ", 
            " AGREGAR TIP?", 
            " [X] No      [OK] Si"
        ], 
        "ProviderComponentTippingAskingForTip": [
            ""
        ], 
        "PresentOneCardOnly": [
            "", 
            "Present one", 
            "card only", 
            ""
        ], 
        "RemoveCardWithSignature": [
            "Firma", 
            "necesaria", 
            "", 
            "Retire tarjeta"
        ], 
        "RemoveCardWithIdentification": [
            "Identificación", 
            "necesaria", 
            "", 
            "Retire tarjeta"
        ], 
        "RemoveCardWithProcessing": [
            "Procesando", 
            "pago...", 
            "", 
            "Retire tarjeta"
        ], 
        "RemoveCardWithProcessing.REFUND": [
            "Procesando", 
            "reembolso...", 
            "", 
            "Retire tarjeta"
        ], 
        "RemoveCardWithProcessing.VERIFICATION": [
            "Processing", 
            "verification...", 
            "", 
            "Remove card"
        ], 
        "IdleKeepAlive": [
            "", 
            "", 
            "Bienvenida", 
            ""
        ], 
        "WaitingForProcessorApproval": [
            ""
        ], 
        "AskForMotoResultConfirmationAllMatch": [
            "All match", 
            "Approve?", 
            "", 
            " [X] No     [OK] Yes"
        ], 
        "AskForMotoResultConfirmationCvvMatchOnly": [
            "CVV match only", 
            "Approve?", 
            "", 
            " [X] No     [OK] Yes"
        ], 
        "AskForMotoResultConfirmationAddressMatchOnly": [
            "Address match only", 
            "Approve?", 
            "", 
            " [X] No     [OK] Yes"
        ], 
        "AskForMotoResultConfirmationDataNotChecked": [
            "Data not checked", 
            "Approve?", 
            "", 
            " [X] No     [OK] Yes"
        ], 
        "AskForMotoResultConfirmationNoDataMatches": [
            "No data matches", 
            "Approve?", 
            "", 
            " [X] No     [OK] Yes"
        ], 
        "ProviderComponentMotoEnteringCardDetails": [
            ""
        ], 
        "AskingForTotalAmountConfirmation": [
            "$amount$", 
            "Confirmar cantidad", 
            "", 
            "[X] No      [OK] Sí"
        ], 
        "CreditDebitSelectionTitle": [
            ""
        ], 
        "CreditDebitSelectionCredit": [
            ""
        ], 
        "CreditDebitSelectionDebit": [
            ""
        ]
    }
}