{
    "info": {
        "columns": 20, 
        "locale": "en_US", 
        "rows": 4
    }, 
    "localization": {
        "ApplicationSelection": [
            "", 
            "Select", 
            "your account", 
            ""
        ], 
        "AuthorizingTransaction": [
            "", 
            "Processing", 
            "payment...", 
            ""
        ], 
        "AuthorizingTransaction.REFUND": [
            "", 
            "Processing", 
            "refund...", 
            ""
        ], 
        "AuthorizingTransaction.VERIFICATION": [
            "", 
            "Processing", 
            "verification...", 
            ""
        ], 
        "BarcodeScannerActive": [
            "", 
            "Barcode scanner", 
            "active", 
            ""
        ], 
        "ScanCode": [
            "", 
            "$amount$", 
            "Scan code", 
            ""
        ], 
        "DccCurrencySelectionTitle": [
            "", 
            "Select", 
            "currency", 
            ""
        ], 
        "ActivationSuccessful": [
            "Activation", 
            "Successful", 
            "", 
            "$balance$"
        ], 
        "CardBalanceInquiry": [
            "", 
            "Card balance", 
            "$balance$", 
            ""
        ], 
        "CardNotSupportedMagstripe": [
            "", 
            "", 
            "Try another card", 
            ""
        ], 
        "CardNotSupportedIccMagstripe": [
            "", 
            "", 
            "Try another card", 
            ""
        ], 
        "CardNotSupportedNfc": [
            "", 
            "Insert, swipe or", 
            "try another card", 
            ""
        ], 
        "CompletedWithStatus": [
            "", 
            "$reason1$", 
            "$reason2$", 
            ""
        ], 
        "CompletingTransaction": [
            "", 
            "Processing", 
            "payment...", 
            ""
        ], 
        "CompletingTransaction.REFUND": [
            "", 
            "Processing", 
            "refund...", 
            ""
        ], 
        "CompletingTransaction.VERIFICATION": [
            "", 
            "Processing", 
            "verification...", 
            ""
        ], 
        "GenericError": [
            "", 
            "", 
            "Error", 
            ""
        ], 
        "Idle": [
            "", 
            "", 
            "Please wait...", 
            ""
        ], 
        "InsertCard": [
            "$amount$", 
            "", 
            "Insert card", 
            ""
        ], 
        "InsertOrSwipeCard": [
            "$amount$", 
            "", 
            "Insert or", 
            "swipe card"
        ], 
        "InsertOrSwipeCardActivateNfc": [
            "$amount$", 
            "Insert or", 
            "swipe card", 
            "[OK] for NFC"
        ], 
        "PINIncorrect": [
            "", 
            "Enter PIN", 
            "$digits$", 
            "(PIN incorrect)"
        ], 
        "PINLastTry": [
            "", 
            "Enter PIN", 
            "$digits$", 
            "(last try)"
        ], 
        "PINOk": [
            "", 
            "", 
            "PIN OK", 
            ""
        ], 
        "PINStatus": [
            "", 
            "Enter PIN", 
            "$digits$", 
            ""
        ], 
        "PresentCard": [
            "$amount$", 
            "", 
            "Present card", 
            ""
        ], 
        "Processing": [
            "", 
            "", 
            "Processing...", 
            ""
        ], 
        "ProcessingTransaction": [
            "", 
            "Processing", 
            "payment...", 
            ""
        ], 
        "ProcessingTransaction.REFUND": [
            "", 
            "Processing", 
            "refund...", 
            ""
        ], 
        "ProcessingTransaction.VERIFICATION": [
            "", 
            "Processing", 
            "verification...", 
            ""
        ], 
        "ProvideIdentification": [
            "", 
            "Identification", 
            "required", 
            ""
        ], 
        "ProvideSignature": [
            "", 
            "Signature", 
            "required", 
            ""
        ], 
        "ProvideSignatureWithStatus": [
            "$reason1$", 
            "$reason2$", 
            "Signature", 
            "required"
        ], 
        "ProviderAccessoryCheckingForUpdate": [
            ""
        ], 
        "ProviderAccessoryConnecting": [
            ""
        ], 
        "ProviderAccessoryDisconnecting": [
            ""
        ], 
        "ProviderAccessoryUpdating": [
            ""
        ], 
        "ProviderAccessoryWaitingForReader": [
            ""
        ], 
        "ProviderAccessoryConnectingPrinter": [
            ""
        ], 
        "ProviderAccessoryWaitingForPrinter": [
            ""
        ], 
        "ProviderAborted": [
            ""
        ], 
        "ProviderAborted.REFUND": [
            ""
        ], 
        "ProviderAborted.VERIFICATION": [
            ""
        ], 
        "ProviderApproved": [
            ""
        ], 
        "ProviderApproved.REFUND": [
            ""
        ], 
        "ProviderApproved.VERIFICATION": [
            ""
        ], 
        "ProviderAccepted": [
            ""
        ], 
        "ProviderAccepted.REFUND": [
            ""
        ], 
        "ProviderDeclined": [
            ""
        ], 
        "ProviderDeclined.REFUND": [
            ""
        ], 
        "ProviderDeclined.VERIFICATION": [
            ""
        ], 
        "ProviderFailed": [
            ""
        ], 
        "ProviderFailed.REFUND": [
            ""
        ], 
        "ProviderFailed.VERIFICATION": [
            ""
        ], 
        "ProviderInconclusive": [
            ""
        ], 
        "ProviderInconclusive.REFUND": [
            ""
        ], 
        "ProviderInconclusive.VERIFICATION": [
            ""
        ], 
        "Completed": [
            ""
        ], 
        "Aborted": [
            ""
        ], 
        "Failed": [
            ""
        ], 
        "ProviderNotRefundable": [
            ""
        ], 
        "ProviderTransactionQuerying": [
            ""
        ], 
        "ProviderTransactionRegistering": [
            ""
        ], 
        "ProviderAccessoryConfiguringConnectionLink": [
            ""
        ], 
        "ProviderComponentPrinterSending": [
            ""
        ], 
        "ProviderComponentPrinterSent": [
            ""
        ], 
        "ProviderComponentPrinterAborted": [
            ""
        ], 
        "ProviderComponentPrinterFailed": [
            ""
        ], 
        "ReadingEmvCard": [
            "", 
            "", 
            "Reading card...", 
            ""
        ], 
        "RemoveCardWithStatus": [
            "$reason1$", 
            "$reason2$", 
            "", 
            "Remove card"
        ], 
        "RemoveCard": [
            "", 
            "", 
            "Remove card", 
            ""
        ], 
        "SwipeCard": [
            "$amount$", 
            "", 
            "Swipe card", 
            ""
        ], 
        "SwipeCardWithoutAmount": [
            "", 
            "", 
            "Swipe card", 
            ""
        ], 
        "TransactionAborting": [
            "", 
            "Aborting", 
            "payment...", 
            ""
        ], 
        "TransactionAborting.REFUND": [
            "", 
            "Aborting", 
            "refund...", 
            ""
        ], 
        "TransactionAborting.VERIFICATION": [
            "", 
            "Aborting", 
            "verification...", 
            ""
        ], 
        "UpdatingDevice": [
            "", 
            "", 
            "Updating...", 
            ""
        ], 
        "UpdatingDeviceConfigurationUpdate": [
            "Updating Config", 
            "", 
            "", 
            "Please wait..."
        ], 
        "UpdatingDeviceFirmwareUpdate": [
            "Updating Firmware", 
            "", 
            "", 
            "Please wait..."
        ], 
        "UpdatingDeviceKeyInjection": [
            "Generating Keys", 
            "", 
            "", 
            "Please wait..."
        ], 
        "UpdatingDeviceSoftwareUpdate": [
            "Updating Software", 
            "", 
            "", 
            "Please wait..."
        ], 
        "CardNotSupported": [
            "Card not", 
            "supported!", 
            "Try another", 
            "or press cancel"
        ], 
        "AskingForTipConfirmation": [
            "$amount$", 
            "", 
            "Add TIP?", 
            " [X] No     [OK] Yes"
        ], 
        "ProviderComponentTippingAskingForTip": [
            ""
        ], 
        "PresentOneCardOnly": [
            "", 
            "Present one", 
            "card only", 
            ""
        ], 
        "RemoveCardWithSignature": [
            "Signature", 
            "required", 
            "", 
            "Remove card"
        ], 
        "RemoveCardWithIdentification": [
            "Identification", 
            "required", 
            "", 
            "Remove card"
        ], 
        "RemoveCardWithProcessing": [
            "Processing", 
            "payment...", 
            "", 
            "Remove card"
        ], 
        "RemoveCardWithProcessing.REFUND": [
            "Processing", 
            "refund...", 
            "", 
            "Remove card"
        ], 
        "RemoveCardWithProcessing.VERIFICATION": [
            "Processing", 
            "verification...", 
            "", 
            "Remove card"
        ], 
        "IdleKeepAlive": [
            "", 
            "", 
            "Welcome", 
            ""
        ], 
        "WaitingForProcessorApproval": [
            ""
        ], 
        "AskForMotoResultConfirmationAllMatch": [
            "All match", 
            "Approve?", 
            "", 
            " [X] No     [OK] Yes"
        ], 
        "AskForMotoResultConfirmationCvvMatchOnly": [
            "CVV match only", 
            "Approve?", 
            "", 
            " [X] No     [OK] Yes"
        ], 
        "AskForMotoResultConfirmationAddressMatchOnly": [
            "Address match only", 
            "Approve?", 
            "", 
            " [X] No     [OK] Yes"
        ], 
        "AskForMotoResultConfirmationDataNotChecked": [
            "Data not checked", 
            "Approve?", 
            "", 
            " [X] No     [OK] Yes"
        ], 
        "AskForMotoResultConfirmationNoDataMatches": [
            "No data matches", 
            "Approve?", 
            "", 
            " [X] No     [OK] Yes"
        ], 
        "ProviderComponentMotoEnteringCardDetails": [
            ""
        ], 
        "AskingForTotalAmountConfirmation": [
            "$amount$", 
            "Confirm Amount", 
            "", 
            "[X] No     [OK] Yes"
        ], 
        "CreditDebitSelectionTitle": [
            ""
        ], 
        "CreditDebitSelectionCredit": [
            ""
        ], 
        "CreditDebitSelectionDebit": [
            ""
        ]
    }
}