{
    "info": {
        "columns": 40, 
        "locale": "es_ES", 
        "rows": 2
    }, 
    "localization": {
        "ApplicationSelection": [
            "Por favor, elija su cuenta", 
            ""
        ], 
        "AuthorizingTransaction": [
            "Procesando pago...", 
            ""
        ], 
        "AuthorizingTransaction.REFUND": [
            "Procesando pago...", 
            ""
        ], 
        "AuthorizingTransaction.VERIFICATION": [
            "Processing verification...", 
            ""
        ], 
        "BarcodeScannerActive": [
            "Lector de código de barras activo", 
            ""
        ], 
        "ScanCode": [
            "$amount$", 
            "Scan code"
        ], 
        "DccCurrencySelectionTitle": [
            "Select currency", 
            ""
        ], 
        "ActivationSuccessful": [
            "Activation Successful", 
            "$balance$"
        ], 
        "CardBalanceInquiry": [
            "Card balance", 
            "$balance$"
        ], 
        "CardNotSupportedMagstripe": [
            "Pruebe con otra tarjeta", 
            ""
        ], 
        "CardNotSupportedIccMagstripe": [
            "Pruebe con otra tarjeta", 
            ""
        ], 
        "CardNotSupportedNfc": [
            "Introduzca, deslice", 
            "o pruebe con otra tarjeta"
        ], 
        "CompletedWithStatus": [
            "$reason1$", 
            ""
        ], 
        "CompletingTransaction": [
            "Procesando pago...", 
            ""
        ], 
        "CompletingTransaction.REFUND": [
            "Procesando pago...", 
            ""
        ], 
        "CompletingTransaction.VERIFICATION": [
            "Processing verification...", 
            ""
        ], 
        "GenericError": [
            "Error", 
            ""
        ], 
        "Idle": [
            "Por favor, espere...", 
            ""
        ], 
        "InsertCard": [
            "$amount$", 
            "Introduzca tarjeta"
        ], 
        "InsertOrSwipeCard": [
            "$amount$", 
            "Introduzca o deslice tarjeta"
        ], 
        "InsertOrSwipeCardActivateNfc": [
            "$amount$ Introduzca o deslice tarjeta ", 
            "[OK] para NFC"
        ], 
        "PINIncorrect": [
            "Introduzca PIN (PIN incorrecto)", 
            "$digits$"
        ], 
        "PINLastTry": [
            "Introduzca PIN (último intento)", 
            "$digits$"
        ], 
        "PINOk": [
            "PIN OK", 
            ""
        ], 
        "PINStatus": [
            "Introduzca PIN", 
            "$digits$"
        ], 
        "PresentCard": [
            "$amount$", 
            "Tarjeta por favor"
        ], 
        "Processing": [
            "Processing...", 
            ""
        ], 
        "ProcessingTransaction": [
            "Procesando pago...", 
            ""
        ], 
        "ProcessingTransaction.REFUND": [
            "Procesando pago...", 
            ""
        ], 
        "ProcessingTransaction.VERIFICATION": [
            "Processing verification...", 
            ""
        ], 
        "ProvideIdentification": [
            "Identificación necesaria", 
            ""
        ], 
        "ProvideSignature": [
            "Firma necesaria", 
            ""
        ], 
        "ProvideSignatureWithStatus": [
            "$reason1$", 
            "Firma necesaria"
        ], 
        "ProviderAccessoryCheckingForUpdate": [
            "Conectando con el", 
            "lector de tarjetas"
        ], 
        "ProviderAccessoryConnecting": [
            "Conectando con el", 
            "lector de tarjetas"
        ], 
        "ProviderAccessoryDisconnecting": [
            "Disconnecting from", 
            "card reader"
        ], 
        "ProviderAccessoryUpdating": [
            "Actualizando", 
            "lector"
        ], 
        "ProviderAccessoryWaitingForReader": [
            "Buscando el lector", 
            "Por favor, enciéndalo"
        ], 
        "ProviderAccessoryConnectingPrinter": [
            "Conectando con", 
            "la impresora"
        ], 
        "ProviderAccessoryWaitingForPrinter": [
            "Buscando la impresora", 
            "Por favor, enciéndala"
        ], 
        "ProviderAborted": [
            "Pago cancelado", 
            ""
        ], 
        "ProviderAborted.REFUND": [
            "Reembolso cancelado", 
            ""
        ], 
        "ProviderAborted.VERIFICATION": [
            "Verification aborted", 
            ""
        ], 
        "ProviderApproved": [
            "Pago aprobado", 
            ""
        ], 
        "ProviderApproved.REFUND": [
            "Reembolso aprobado", 
            ""
        ], 
        "ProviderApproved.VERIFICATION": [
            "Verification successful", 
            ""
        ], 
        "ProviderAccepted": [
            "Payment accepted", 
            ""
        ], 
        "ProviderAccepted.REFUND": [
            "Refund accepted", 
            ""
        ], 
        "ProviderDeclined": [
            "Pago rechazado", 
            "$reason1$"
        ], 
        "ProviderDeclined.REFUND": [
            "Reembolso rechazado", 
            "$reason1$"
        ], 
        "ProviderDeclined.VERIFICATION": [
            "Cannot validate", 
            ""
        ], 
        "ProviderFailed": [
            "Error en el pago", 
            "$error$"
        ], 
        "ProviderFailed.REFUND": [
            "Error en el reembolso", 
            "$error$"
        ], 
        "ProviderFailed.VERIFICATION": [
            "Verification failed", 
            "$error$"
        ], 
        "ProviderInconclusive": [
            "Pago inconcluso", 
            " $error$"
        ], 
        "ProviderInconclusive.REFUND": [
            "Reembolso inconcluso", 
            " $error$"
        ], 
        "ProviderInconclusive.VERIFICATION": [
            "Verification inconclusive", 
            "$error$"
        ], 
        "Completed": [
            "Completado", 
            ""
        ], 
        "Aborted": [
            "Cancelado", 
            ""
        ], 
        "Failed": [
            "Fallido", 
            ""
        ], 
        "ProviderNotRefundable": [
            "Pago no reembolsable", 
            ""
        ], 
        "ProviderTransactionQuerying": [
            "Buscando", 
            "transacción"
        ], 
        "ProviderTransactionRegistering": [
            "Guardando", 
            "transacción"
        ], 
        "ProviderAccessoryConfiguringConnectionLink": [
            "Configurando la conexión", 
            "Por favor, espere..."
        ], 
        "ProviderComponentPrinterSending": [
            "Imprimiendo...", 
            ""
        ], 
        "ProviderComponentPrinterSent": [
            "Imprimiendo...", 
            ""
        ], 
        "ProviderComponentPrinterAborted": [
            "Impresión cancelada", 
            ""
        ], 
        "ProviderComponentPrinterFailed": [
            "Error en el impresión", 
            "$error$"
        ], 
        "ReadingEmvCard": [
            "Leyendo tarjeta...", 
            ""
        ], 
        "RemoveCardWithStatus": [
            "$reason1$", 
            "Retire la tarjeta"
        ], 
        "RemoveCard": [
            "", 
            "Retire tarjeta"
        ], 
        "SwipeCard": [
            "$amount$", 
            "Deslice tarjeta"
        ], 
        "SwipeCardWithoutAmount": [
            "Deslice tarjeta", 
            ""
        ], 
        "TransactionAborting": [
            "Cancelando pago...", 
            ""
        ], 
        "TransactionAborting.REFUND": [
            "Cancelando reembolso...", 
            ""
        ], 
        "TransactionAborting.VERIFICATION": [
            "Aborting verification...", 
            ""
        ], 
        "UpdatingDevice": [
            "Actualizando...", 
            ""
        ], 
        "UpdatingDeviceConfigurationUpdate": [
            "Actualizando configuración", 
            "Por favor, espere..."
        ], 
        "UpdatingDeviceFirmwareUpdate": [
            "Actualizando Firmware", 
            "Por favor, espere..."
        ], 
        "UpdatingDeviceSoftwareUpdate": [
            "Actualizando software", 
            "Por favor, espere..."
        ], 
        "UpdatingDeviceKeyInjection": [
            "Generando claves", 
            "Por favor, espere..."
        ], 
        "CardNotSupported": [
            "¡Tarjeta no soportada!", 
            "Pruebe otra o presione Cancelar"
        ], 
        "AskingForTipConfirmation": [
            "$amount$", 
            "AGREGAR TIP?"
        ], 
        "ProviderComponentTippingAskingForTip": [
            "Solicitando TIP...", 
            ""
        ], 
        "PresentOneCardOnly": [
            "Present one card only", 
            ""
        ], 
        "RemoveCardWithSignature": [
            "Firma necesaria", 
            "Retire la tarjeta"
        ], 
        "RemoveCardWithIdentification": [
            "Identificación necesaria", 
            "Retire la tarjeta"
        ], 
        "RemoveCardWithProcessing": [
            "Procesando pago...", 
            "Retire la tarjeta"
        ], 
        "RemoveCardWithProcessing.REFUND": [
            "Procesando reembolso...", 
            "Retire la tarjeta"
        ], 
        "RemoveCardWithProcessing.VERIFICATION": [
            "Processing verification...", 
            "Remove card"
        ], 
        "IdleKeepAlive": [
            "Bienvenida", 
            ""
        ], 
        "WaitingForProcessorApproval": [
            "Waiting for approval...", 
            ""
        ], 
        "AskForMotoResultConfirmationAllMatch": [
            "All match", 
            "Approve?"
        ], 
        "AskForMotoResultConfirmationCvvMatchOnly": [
            "CVV match only", 
            "Approve?"
        ], 
        "AskForMotoResultConfirmationAddressMatchOnly": [
            "Address match only", 
            "Approve?"
        ], 
        "AskForMotoResultConfirmationDataNotChecked": [
            "Data not checked", 
            "Approve?"
        ], 
        "AskForMotoResultConfirmationNoDataMatches": [
            "No data matches", 
            "Approve?"
        ], 
        "ProviderComponentMotoEnteringCardDetails": [
            "Entering card details...", 
            ""
        ], 
        "AskingForTotalAmountConfirmation": [
            "$amount$", 
            "Confirmar cantidad"
        ], 
        "CreditDebitSelectionTitle": [
            ""
        ], 
        "CreditDebitSelectionCredit": [
            ""
        ], 
        "CreditDebitSelectionDebit": [
            ""
        ]
    }
}