{
    "info": {
        "columns": 20, 
        "locale": "nb_NO", 
        "rows": 4
    }, 
    "localization": {
        "ApplicationSelection": [
            "", 
            "Velg", 
            "din konto", 
            ""
        ], 
        "AuthorizingTransaction": [
            "", 
            "Prosesserer", 
            "betaling...", 
            ""
        ], 
        "AuthorizingTransaction.REFUND": [
            "", 
            "Prosesserer", 
            "refusjon...", 
            ""
        ], 
        "AuthorizingTransaction.VERIFICATION": [
            "", 
            "Processing", 
            "verification...", 
            ""
        ], 
        "BarcodeScannerActive": [
            "", 
            "Strekkodeskanner", 
            "aktiv", 
            ""
        ], 
        "ScanCode": [
            "", 
            "$amount$", 
            "Scan code", 
            ""
        ], 
        "DccCurrencySelectionTitle": [
            "", 
            "Select", 
            "currency", 
            ""
        ], 
        "ActivationSuccessful": [
            "Activation", 
            "Successful", 
            "", 
            "$balance$"
        ], 
        "CardBalanceInquiry": [
            "", 
            "Card balance", 
            "$balance$", 
            ""
        ], 
        "CardNotSupportedMagstripe": [
            "", 
            "", 
            "Forsøk et annet kort", 
            ""
        ], 
        "CardNotSupportedIccMagstripe": [
            "", 
            "", 
            "Forsøk et annet kort", 
            ""
        ], 
        "CardNotSupportedNfc": [
            "", 
            "Sett inn, dra eller", 
            "forsøk et annet kort", 
            ""
        ], 
        "CompletedWithStatus": [
            "", 
            "$reason1$", 
            "$reason2$", 
            ""
        ], 
        "CompletingTransaction": [
            "", 
            "Prosesserer", 
            "betaling...", 
            ""
        ], 
        "CompletingTransaction.REFUND": [
            "", 
            "Prosesserer", 
            "refusjon...", 
            ""
        ], 
        "CompletingTransaction.VERIFICATION": [
            "", 
            "Processing", 
            "verification...", 
            ""
        ], 
        "GenericError": [
            "", 
            "", 
            "Feil", 
            ""
        ], 
        "Idle": [
            "", 
            "", 
            "Vennligst vent...", 
            ""
        ], 
        "InsertCard": [
            "$amount$", 
            "", 
            "Sett inn kort", 
            ""
        ], 
        "InsertOrSwipeCard": [
            "$amount$", 
            "", 
            "Sett inn eller", 
            "dra kort"
        ], 
        "InsertOrSwipeCardActivateNfc": [
            "$amount$", 
            "Sett inn eller", 
            "dra kort", 
            " for NFC"
        ], 
        "PINIncorrect": [
            "", 
            "Legg inn PIN", 
            "$digits$", 
            "(PIN feil)"
        ], 
        "PINLastTry": [
            "", 
            "Legg inn PIN", 
            "$digits$", 
            "(siste forsøk)"
        ], 
        "PINOk": [
            "", 
            "", 
            "PIN OK", 
            ""
        ], 
        "PINStatus": [
            "", 
            "Legg inn PIN", 
            "$digits$", 
            ""
        ], 
        "PresentCard": [
            "$amount$", 
            "", 
            "Presenter kort", 
            ""
        ], 
        "Processing": [
            "", 
            "", 
            "Processing...", 
            ""
        ], 
        "ProcessingTransaction": [
            "", 
            "Prosesserer", 
            "betaling...", 
            ""
        ], 
        "ProcessingTransaction.REFUND": [
            "", 
            "Prosesserer", 
            "refusjon...", 
            ""
        ], 
        "ProcessingTransaction.VERIFICATION": [
            "", 
            "Processing", 
            "verification...", 
            ""
        ], 
        "ProvideIdentification": [
            "", 
            "Identifisering", 
            "nødvendig", 
            ""
        ], 
        "ProvideSignature": [
            "", 
            "Signatur", 
            "nødvendig", 
            ""
        ], 
        "ProvideSignatureWithStatus": [
            "$reason1$", 
            "$reason2$", 
            "Signatur", 
            "nødvendig"
        ], 
        "ProviderAccessoryCheckingForUpdate": [
            ""
        ], 
        "ProviderAccessoryConnecting": [
            ""
        ], 
        "ProviderAccessoryDisconnecting": [
            ""
        ], 
        "ProviderAccessoryUpdating": [
            ""
        ], 
        "ProviderAccessoryWaitingForReader": [
            ""
        ], 
        "ProviderAccessoryConnectingPrinter": [
            ""
        ], 
        "ProviderAccessoryWaitingForPrinter": [
            ""
        ], 
        "ProviderAborted": [
            ""
        ], 
        "ProviderAborted.REFUND": [
            ""
        ], 
        "ProviderAborted.VERIFICATION": [
            ""
        ], 
        "ProviderApproved": [
            ""
        ], 
        "ProviderApproved.REFUND": [
            ""
        ], 
        "ProviderApproved.VERIFICATION": [
            ""
        ], 
        "ProviderAccepted": [
            ""
        ], 
        "ProviderAccepted.REFUND": [
            ""
        ], 
        "ProviderDeclined": [
            ""
        ], 
        "ProviderDeclined.REFUND": [
            ""
        ], 
        "ProviderDeclined.VERIFICATION": [
            ""
        ], 
        "ProviderFailed": [
            ""
        ], 
        "ProviderFailed.REFUND": [
            ""
        ], 
        "ProviderFailed.VERIFICATION": [
            ""
        ], 
        "ProviderInconclusive": [
            ""
        ], 
        "ProviderInconclusive.REFUND": [
            ""
        ], 
        "ProviderInconclusive.VERIFICATION": [
            ""
        ], 
        "Completed": [
            ""
        ], 
        "Aborted": [
            ""
        ], 
        "Failed": [
            ""
        ], 
        "ProviderNotRefundable": [
            ""
        ], 
        "ProviderTransactionQuerying": [
            ""
        ], 
        "ProviderTransactionRegistering": [
            ""
        ], 
        "ProviderAccessoryConfiguringConnectionLink": [
            ""
        ], 
        "ProviderComponentPrinterSending": [
            ""
        ], 
        "ProviderComponentPrinterSent": [
            ""
        ], 
        "ProviderComponentPrinterAborted": [
            ""
        ], 
        "ProviderComponentPrinterFailed": [
            ""
        ], 
        "ReadingEmvCard": [
            "", 
            "", 
            "Leser kort...", 
            ""
        ], 
        "RemoveCardWithStatus": [
            "$reason1$", 
            "$reason2$", 
            "", 
            "Ta ut kort"
        ], 
        "RemoveCard": [
            "", 
            "", 
            "Ta ut kort", 
            ""
        ], 
        "SwipeCard": [
            "$amount$", 
            "", 
            "Dra kort", 
            ""
        ], 
        "SwipeCardWithoutAmount": [
            "", 
            "", 
            "Dra kort", 
            ""
        ], 
        "TransactionAborting": [
            "", 
            "Avbryte", 
            "betaling...", 
            ""
        ], 
        "TransactionAborting.REFUND": [
            "", 
            "Avbryte", 
            "refusjon...", 
            ""
        ], 
        "TransactionAborting.VERIFICATION": [
            "", 
            "Aborting", 
            "verification...", 
            ""
        ], 
        "UpdatingDevice": [
            "", 
            "", 
            "Oppdaterer...", 
            ""
        ], 
        "UpdatingDeviceConfigurationUpdate": [
            "Oppdaterer konfig.", 
            "", 
            "", 
            "Vennligst vent..."
        ], 
        "UpdatingDeviceFirmwareUpdate": [
            "Oppdaterer fastvare", 
            "", 
            "", 
            "Vennligst vent..."
        ], 
        "UpdatingDeviceKeyInjection": [
            "Genererer nøkler", 
            "", 
            "", 
            "Vennligst vent..."
        ], 
        "UpdatingDeviceSoftwareUpdate": [
            "Oppdaterer ", 
            "programvare", 
            "", 
            "Vennligst vent..."
        ], 
        "CardNotSupported": [
            "Kortet støttes", 
            "ikke! Forsøk", 
            "et annet eller", 
            "trykk kanseller"
        ], 
        "AskingForTipConfirmation": [
            "$amount$", 
            "", 
            "Legg til tips?", 
            " \\  Nei      Ja"
        ], 
        "ProviderComponentTippingAskingForTip": [
            ""
        ], 
        "PresentOneCardOnly": [
            "", 
            "Presenter kun", 
            "ett kort", 
            ""
        ], 
        "RemoveCardWithSignature": [
            "Signatur", 
            "nødvendig", 
            "", 
            "Ta ut kort"
        ], 
        "RemoveCardWithIdentification": [
            "Identifisering", 
            "nødvendig", 
            "", 
            "Ta ut kort"
        ], 
        "RemoveCardWithProcessing": [
            "Prosesserer", 
            "betaling...", 
            "", 
            "Ta ut kort"
        ], 
        "RemoveCardWithProcessing.REFUND": [
            "Prosesserer", 
            "refusjon...", 
            "", 
            "Ta ut kort"
        ], 
        "RemoveCardWithProcessing.VERIFICATION": [
            "Processing", 
            "verification...", 
            "", 
            "Remove card"
        ], 
        "IdleKeepAlive": [
            "", 
            "", 
            "Velkommen", 
            ""
        ], 
        "WaitingForProcessorApproval": [
            ""
        ], 
        "AskForMotoResultConfirmationAllMatch": [
            "All match", 
            "Approve?", 
            "", 
            " [X] No     [OK] Yes"
        ], 
        "AskForMotoResultConfirmationCvvMatchOnly": [
            "CVV match only", 
            "Approve?", 
            "", 
            " [X] No     [OK] Yes"
        ], 
        "AskForMotoResultConfirmationAddressMatchOnly": [
            "Address match only", 
            "Approve?", 
            "", 
            " [X] No     [OK] Yes"
        ], 
        "AskForMotoResultConfirmationDataNotChecked": [
            "Data not checked", 
            "Approve?", 
            "", 
            " [X] No     [OK] Yes"
        ], 
        "AskForMotoResultConfirmationNoDataMatches": [
            "No data matches", 
            "Approve?", 
            "", 
            " [X] No     [OK] Yes"
        ], 
        "ProviderComponentMotoEnteringCardDetails": [
            ""
        ], 
        "AskingForTotalAmountConfirmation": [
            "$amount$", 
            "Bekreft beløpet", 
            " ", 
            "[X] Nei     [OK] Ja"
        ], 
        "CreditDebitSelectionTitle": [
            ""
        ], 
        "CreditDebitSelectionCredit": [
            ""
        ], 
        "CreditDebitSelectionDebit": [
            ""
        ]
    }
}