{
    "info": {
        "columns": 20, 
        "locale": "da_DK", 
        "rows": 4
    }, 
    "localization": {
        "ApplicationSelection": [
            "", 
            "Vælg", 
            "din konto", 
            ""
        ], 
        "AuthorizingTransaction": [
            "", 
            "Bearbejder", 
            "betaling...", 
            ""
        ], 
        "AuthorizingTransaction.REFUND": [
            "", 
            "Bearbejder", 
            "tilbagebetaling...", 
            ""
        ], 
        "AuthorizingTransaction.VERIFICATION": [
            "", 
            "Processing", 
            "verification...", 
            ""
        ], 
        "BarcodeScannerActive": [
            "", 
            "Stregkodescanner", 
            "aktiv", 
            ""
        ], 
        "ScanCode": [
            "", 
            "$amount$", 
            "Scan code", 
            ""
        ], 
        "DccCurrencySelectionTitle": [
            "", 
            "Select", 
            "currency", 
            ""
        ], 
        "ActivationSuccessful": [
            "Activation", 
            "Successful", 
            "", 
            "$balance$"
        ], 
        "CardBalanceInquiry": [
            "", 
            "Card balance", 
            "$balance$", 
            ""
        ], 
        "CardNotSupportedMagstripe": [
            "", 
            "", 
            "Prøv et andet kort", 
            ""
        ], 
        "CardNotSupportedIccMagstripe": [
            "", 
            "", 
            "Prøv et andet kort", 
            ""
        ], 
        "CardNotSupportedNfc": [
            "", 
            "Indsæt, swipe eller", 
            "prøv et andet kort", 
            ""
        ], 
        "CompletedWithStatus": [
            "", 
            "$reason1$", 
            "$reason2$", 
            ""
        ], 
        "CompletingTransaction": [
            "", 
            "Bearbejder", 
            "betaling...", 
            ""
        ], 
        "CompletingTransaction.REFUND": [
            "", 
            "Bearbejder", 
            "tilbagebetaling...", 
            ""
        ], 
        "CompletingTransaction.VERIFICATION": [
            "", 
            "Processing", 
            "verification...", 
            ""
        ], 
        "GenericError": [
            "", 
            "", 
            "Fejl", 
            ""
        ], 
        "Idle": [
            "", 
            "", 
            "Vent...", 
            ""
        ], 
        "InsertCard": [
            "$amount$", 
            "", 
            "Indsæt kort", 
            ""
        ], 
        "InsertOrSwipeCard": [
            "$amount$", 
            "", 
            "Indsæt eller", 
            "swipe kort"
        ], 
        "InsertOrSwipeCardActivateNfc": [
            "$amount$", 
            "Indsæt eller", 
            "swipe kort", 
            "[OK] for NFC"
        ], 
        "PINIncorrect": [
            "", 
            "Indtast PIN", 
            "$digits$", 
            "(PIN forkert)"
        ], 
        "PINLastTry": [
            "", 
            "Indtast PIN", 
            "$digits$", 
            "(sidste forsøg)"
        ], 
        "PINOk": [
            "", 
            "", 
            "PIN OK", 
            ""
        ], 
        "PINStatus": [
            "", 
            "Indtast PIN", 
            "$digits$", 
            ""
        ], 
        "PresentCard": [
            "$amount$", 
            "", 
            "Vis kort", 
            ""
        ], 
        "Processing": [
            "", 
            "", 
            "Processing...", 
            ""
        ], 
        "ProcessingTransaction": [
            "", 
            "Bearbejder", 
            "betaling...", 
            ""
        ], 
        "ProcessingTransaction.REFUND": [
            "", 
            "Bearbejder", 
            "tilbagebetaling...", 
            ""
        ], 
        "ProcessingTransaction.VERIFICATION": [
            "", 
            "Processing", 
            "verification...", 
            ""
        ], 
        "ProvideIdentification": [
            "", 
            "Identifikation", 
            "krævet", 
            ""
        ], 
        "ProvideSignature": [
            "", 
            "Underskrift", 
            "krævet", 
            ""
        ], 
        "ProvideSignatureWithStatus": [
            "$reason1$", 
            "$reason2$", 
            "Underskrift", 
            "krævet"
        ], 
        "ProviderAccessoryCheckingForUpdate": [
            ""
        ], 
        "ProviderAccessoryConnecting": [
            ""
        ], 
        "ProviderAccessoryDisconnecting": [
            ""
        ], 
        "ProviderAccessoryUpdating": [
            ""
        ], 
        "ProviderAccessoryWaitingForReader": [
            ""
        ], 
        "ProviderAccessoryConnectingPrinter": [
            ""
        ], 
        "ProviderAccessoryWaitingForPrinter": [
            ""
        ], 
        "ProviderAborted": [
            ""
        ], 
        "ProviderAborted.REFUND": [
            ""
        ], 
        "ProviderAborted.VERIFICATION": [
            ""
        ], 
        "ProviderApproved": [
            ""
        ], 
        "ProviderApproved.REFUND": [
            ""
        ], 
        "ProviderApproved.VERIFICATION": [
            ""
        ], 
        "ProviderAccepted": [
            ""
        ], 
        "ProviderAccepted.REFUND": [
            ""
        ], 
        "ProviderDeclined": [
            ""
        ], 
        "ProviderDeclined.REFUND": [
            ""
        ], 
        "ProviderDeclined.VERIFICATION": [
            ""
        ], 
        "ProviderFailed": [
            ""
        ], 
        "ProviderFailed.REFUND": [
            ""
        ], 
        "ProviderFailed.VERIFICATION": [
            ""
        ], 
        "ProviderInconclusive": [
            ""
        ], 
        "ProviderInconclusive.REFUND": [
            ""
        ], 
        "ProviderInconclusive.VERIFICATION": [
            ""
        ], 
        "Completed": [
            ""
        ], 
        "Aborted": [
            ""
        ], 
        "Failed": [
            ""
        ], 
        "ProviderNotRefundable": [
            ""
        ], 
        "ProviderTransactionQuerying": [
            ""
        ], 
        "ProviderTransactionRegistering": [
            ""
        ], 
        "ProviderAccessoryConfiguringConnectionLink": [
            ""
        ], 
        "ProviderComponentPrinterSending": [
            ""
        ], 
        "ProviderComponentPrinterSent": [
            ""
        ], 
        "ProviderComponentPrinterAborted": [
            ""
        ], 
        "ProviderComponentPrinterFailed": [
            ""
        ], 
        "ReadingEmvCard": [
            "", 
            "", 
            "Læser kort...", 
            ""
        ], 
        "RemoveCardWithStatus": [
            "$reason1$", 
            "$reason2$", 
            "", 
            "Tag kort"
        ], 
        "RemoveCard": [
            "", 
            "", 
            "Tag kort", 
            ""
        ], 
        "SwipeCard": [
            "$amount$", 
            "", 
            "Swipe kort", 
            ""
        ], 
        "SwipeCardWithoutAmount": [
            "", 
            "", 
            "Swipe kort", 
            ""
        ], 
        "TransactionAborting": [
            "", 
            "Afbryder", 
            "betaling...", 
            ""
        ], 
        "TransactionAborting.REFUND": [
            "", 
            "Afbryder", 
            "tilbagebetaling...", 
            ""
        ], 
        "TransactionAborting.VERIFICATION": [
            "", 
            "Aborting", 
            "verification...", 
            ""
        ], 
        "UpdatingDevice": [
            "", 
            "", 
            "Opdaterer...", 
            ""
        ], 
        "UpdatingDeviceConfigurationUpdate": [
            "Opdaterer konfig", 
            "", 
            "", 
            "Vent..."
        ], 
        "UpdatingDeviceFirmwareUpdate": [
            "Opdaterer firmware", 
            "", 
            "", 
            "Vent..."
        ], 
        "UpdatingDeviceKeyInjection": [
            "Genererer nøgler", 
            "", 
            "", 
            "Vent..."
        ], 
        "UpdatingDeviceSoftwareUpdate": [
            "Opdaterer software", 
            "", 
            "", 
            "Vent..."
        ], 
        "CardNotSupported": [
            "Kort understøttes", 
            "ikke! Prøv et", 
            "andet, eller tryk ", 
            "på annuller"
        ], 
        "AskingForTipConfirmation": [
            "$amount$", 
            "", 
            "Tilføj drikkepenge?", 
            " [X] Nej     [OK] Ja"
        ], 
        "ProviderComponentTippingAskingForTip": [
            ""
        ], 
        "PresentOneCardOnly": [
            "", 
            "Vis kun", 
            "ét kort", 
            ""
        ], 
        "RemoveCardWithSignature": [
            "Underskrift", 
            "krævet", 
            "", 
            "Tag kort"
        ], 
        "RemoveCardWithIdentification": [
            "Identifikation", 
            "krævet", 
            "", 
            "Tag kort"
        ], 
        "RemoveCardWithProcessing": [
            "Bearbejder", 
            "betaling...", 
            "", 
            "Tag kort"
        ], 
        "RemoveCardWithProcessing.REFUND": [
            "Bearbejder", 
            "tilbagebetaling...", 
            "", 
            "Tag kort"
        ], 
        "RemoveCardWithProcessing.VERIFICATION": [
            "Processing", 
            "verification...", 
            "", 
            "Remove card"
        ], 
        "IdleKeepAlive": [
            "", 
            "", 
            "Velkommen", 
            ""
        ], 
        "WaitingForProcessorApproval": [
            ""
        ], 
        "AskForMotoResultConfirmationAllMatch": [
            "All match", 
            "Approve?", 
            "", 
            " [X] No     [OK] Yes"
        ], 
        "AskForMotoResultConfirmationCvvMatchOnly": [
            "CVV match only", 
            "Approve?", 
            "", 
            " [X] No     [OK] Yes"
        ], 
        "AskForMotoResultConfirmationAddressMatchOnly": [
            "Address match only", 
            "Approve?", 
            "", 
            " [X] No     [OK] Yes"
        ], 
        "AskForMotoResultConfirmationDataNotChecked": [
            "Data not checked", 
            "Approve?", 
            "", 
            " [X] No     [OK] Yes"
        ], 
        "AskForMotoResultConfirmationNoDataMatches": [
            "No data matches", 
            "Approve?", 
            "", 
            " [X] No     [OK] Yes"
        ], 
        "ProviderComponentMotoEnteringCardDetails": [
            ""
        ], 
        "AskingForTotalAmountConfirmation": [
            "$amount$", 
            "Bekræft Beløb", 
            "", 
            "[X] Nej     [OK] Ja"
        ], 
        "CreditDebitSelectionTitle": [
            ""
        ], 
        "CreditDebitSelectionCredit": [
            ""
        ], 
        "CreditDebitSelectionDebit": [
            ""
        ]
    }
}