{
    "info": {
        "columns": 20, 
        "locale": "fr_FR", 
        "rows": 4
    }, 
    "localization": {
        "ApplicationSelection": [
            "", 
            "Sélectionnez", 
            "le compte", 
            ""
        ], 
        "AuthorizingTransaction": [
            "", 
            "Traitement", 
            "en cours...", 
            ""
        ], 
        "AuthorizingTransaction.REFUND": [
            "", 
            "Traitement", 
            "en cours...", 
            ""
        ], 
        "AuthorizingTransaction.VERIFICATION": [
            "", 
            "Processing", 
            "verification...", 
            ""
        ], 
        "BarcodeScannerActive": [
            "", 
            "Lecteur de", 
            "code-barres actif", 
            ""
        ], 
        "ScanCode": [
            "", 
            "$amount$", 
            "Scan code", 
            ""
        ], 
        "DccCurrencySelectionTitle": [
            "", 
            "Select", 
            "currency", 
            ""
        ], 
        "ActivationSuccessful": [
            "Activation", 
            "Successful", 
            "", 
            "$balance$"
        ], 
        "CardBalanceInquiry": [
            "", 
            "Card balance", 
            "$balance$", 
            ""
        ], 
        "CardNotSupportedMagstripe": [
            "", 
            "Utiliser une", 
            "autre carte", 
            ""
        ], 
        "CardNotSupportedIccMagstripe": [
            "", 
            "Utiliser une", 
            "autre carte", 
            ""
        ], 
        "CardNotSupportedNfc": [
            "Insérer,", 
            "faire glisser ou", 
            "autre carte", 
            ""
        ], 
        "CompletedWithStatus": [
            "", 
            "$reason1$", 
            "$reason2$", 
            ""
        ], 
        "CompletingTransaction": [
            "", 
            "Traitement", 
            "en cours...", 
            ""
        ], 
        "CompletingTransaction.REFUND": [
            "", 
            "Traitement", 
            "en cours...", 
            ""
        ], 
        "CompletingTransaction.VERIFICATION": [
            "", 
            "Processing", 
            "verification...", 
            ""
        ], 
        "GenericError": [
            "", 
            "", 
            "Erreur", 
            ""
        ], 
        "Idle": [
            "", 
            "", 
            "Patientez SVP...", 
            ""
        ], 
        "InsertCard": [
            "$amount$", 
            "", 
            "Introduire la carte", 
            ""
        ], 
        "InsertOrSwipeCard": [
            "$amount$", 
            "", 
            "Insérer ou faire ", 
            "glisser la carte"
        ], 
        "InsertOrSwipeCardActivateNfc": [
            "$amount$", 
            "Insérer ou faire ", 
            "glisser la carte", 
            "[OK] pour NFC"
        ], 
        "PINIncorrect": [
            "", 
            "Saisir le PIN", 
            "$digits$", 
            "(PIN erroné)"
        ], 
        "PINLastTry": [
            "", 
            "Saisir le PIN", 
            "$digits$", 
            "(dernier essai)"
        ], 
        "PINOk": [
            "", 
            "", 
            "NIP OK", 
            ""
        ], 
        "PINStatus": [
            "", 
            "Saisir le NIP", 
            "$digits$", 
            ""
        ], 
        "PresentCard": [
            "$amount$", 
            "", 
            "Carte SVP", 
            ""
        ], 
        "Processing": [
            "", 
            "", 
            "Processing...", 
            ""
        ], 
        "ProcessingTransaction": [
            "", 
            "Traitement", 
            "en cours...", 
            ""
        ], 
        "ProcessingTransaction.REFUND": [
            "", 
            "Traitement", 
            "en cours...", 
            ""
        ], 
        "ProcessingTransaction.VERIFICATION": [
            "", 
            "Processing", 
            "verification...", 
            ""
        ], 
        "ProvideIdentification": [
            "", 
            "Identification", 
            "requise", 
            ""
        ], 
        "ProvideSignature": [
            "", 
            "Signature", 
            "requise", 
            ""
        ], 
        "ProvideSignatureWithStatus": [
            "$reason1$", 
            "$reason2$", 
            "Signature", 
            "requise"
        ], 
        "ProviderAccessoryCheckingForUpdate": [
            ""
        ], 
        "ProviderAccessoryConnecting": [
            ""
        ], 
        "ProviderAccessoryDisconnecting": [
            ""
        ], 
        "ProviderAccessoryUpdating": [
            ""
        ], 
        "ProviderAccessoryWaitingForReader": [
            ""
        ], 
        "ProviderAccessoryConnectingPrinter": [
            ""
        ], 
        "ProviderAccessoryWaitingForPrinter": [
            ""
        ], 
        "ProviderAborted": [
            ""
        ], 
        "ProviderAborted.REFUND": [
            ""
        ], 
        "ProviderAborted.VERIFICATION": [
            ""
        ], 
        "ProviderApproved": [
            ""
        ], 
        "ProviderApproved.REFUND": [
            ""
        ], 
        "ProviderApproved.VERIFICATION": [
            ""
        ], 
        "ProviderAccepted": [
            ""
        ], 
        "ProviderAccepted.REFUND": [
            ""
        ], 
        "ProviderDeclined": [
            ""
        ], 
        "ProviderDeclined.REFUND": [
            ""
        ], 
        "ProviderDeclined.VERIFICATION": [
            ""
        ], 
        "ProviderFailed": [
            ""
        ], 
        "ProviderFailed.REFUND": [
            ""
        ], 
        "ProviderFailed.VERIFICATION": [
            ""
        ], 
        "ProviderInconclusive": [
            ""
        ], 
        "ProviderInconclusive.REFUND": [
            ""
        ], 
        "ProviderInconclusive.VERIFICATION": [
            ""
        ], 
        "Completed": [
            ""
        ], 
        "Aborted": [
            ""
        ], 
        "Failed": [
            ""
        ], 
        "ProviderNotRefundable": [
            ""
        ], 
        "ProviderTransactionQuerying": [
            ""
        ], 
        "ProviderTransactionRegistering": [
            ""
        ], 
        "ProviderAccessoryConfiguringConnectionLink": [
            ""
        ], 
        "ProviderComponentPrinterSending": [
            ""
        ], 
        "ProviderComponentPrinterSent": [
            ""
        ], 
        "ProviderComponentPrinterAborted": [
            ""
        ], 
        "ProviderComponentPrinterFailed": [
            ""
        ], 
        "ReadingEmvCard": [
            "", 
            "Carte en cours", 
            "de lecture...", 
            ""
        ], 
        "RemoveCardWithStatus": [
            "$reason1$", 
            "$reason2$", 
            "", 
            "Retirer la carte"
        ], 
        "RemoveCard": [
            "", 
            "", 
            "Retirer la carte", 
            ""
        ], 
        "SwipeCard": [
            "$amount$", 
            "", 
            "Passer la carte", 
            ""
        ], 
        "SwipeCardWithoutAmount": [
            "", 
            "", 
            "Passer la carte", 
            ""
        ], 
        "TransactionAborting": [
            "", 
            "Paiement", 
            "interrompu...", 
            ""
        ], 
        "TransactionAborting.REFUND": [
            "", 
            "Remboursement", 
            "interrompu...", 
            ""
        ], 
        "TransactionAborting.VERIFICATION": [
            "", 
            "Aborting", 
            "verification...", 
            ""
        ], 
        "UpdatingDevice": [
            "", 
            "L'appareil est", 
            "en cours", 
            "d'actualisation..."
        ], 
        "UpdatingDeviceConfigurationUpdate": [
            "Mise à jour config.", 
            "", 
            "Cela peut prendre", 
            "quelques instants..."
        ], 
        "UpdatingDeviceFirmwareUpdate": [
            "Mise à jour firmware", 
            "", 
            "Cela peut prendre", 
            "quelques instants..."
        ], 
        "UpdatingDeviceKeyInjection": [
            "Génération de la clé", 
            "", 
            "Cela peut prendre", 
            "quelques instants..."
        ], 
        "UpdatingDeviceSoftwareUpdate": [
            "Mise à jour", 
            "du logiciel", 
            "Cela peut prendre", 
            "quelques instants..."
        ], 
        "CardNotSupported": [
            "Carte non acceptée!", 
            "Introduire une autre", 
            "carte ou interrompre", 
            "l'opération"
        ], 
        "AskingForTipConfirmation": [
            "$amount$ ", 
            " Ajouter ", 
            "un pour-boire?", 
            " [X] Non    [OK] Oui"
        ], 
        "ProviderComponentTippingAskingForTip": [
            ""
        ], 
        "PresentOneCardOnly": [
            "", 
            "Present one", 
            "card only", 
            ""
        ], 
        "RemoveCardWithSignature": [
            "Signature", 
            "requise", 
            "", 
            "Retirer la carte"
        ], 
        "RemoveCardWithIdentification": [
            "Identification", 
            "requise", 
            "", 
            "Retirer la carte"
        ], 
        "RemoveCardWithProcessing": [
            "Traitement", 
            "en cours...", 
            "", 
            "Retirer la carte"
        ], 
        "RemoveCardWithProcessing.REFUND": [
            "Traitement", 
            "en cours...", 
            "", 
            "Retirer la carte"
        ], 
        "RemoveCardWithProcessing.VERIFICATION": [
            "Processing", 
            "verification...", 
            "", 
            "Remove card"
        ], 
        "IdleKeepAlive": [
            "", 
            "", 
            "Bienvenue", 
            ""
        ], 
        "WaitingForProcessorApproval": [
            ""
        ], 
        "AskForMotoResultConfirmationAllMatch": [
            "All match", 
            "Approve?", 
            "", 
            " [X] No     [OK] Yes"
        ], 
        "AskForMotoResultConfirmationCvvMatchOnly": [
            "CVV match only", 
            "Approve?", 
            "", 
            " [X] No     [OK] Yes"
        ], 
        "AskForMotoResultConfirmationAddressMatchOnly": [
            "Address match only", 
            "Approve?", 
            "", 
            " [X] No     [OK] Yes"
        ], 
        "AskForMotoResultConfirmationDataNotChecked": [
            "Data not checked", 
            "Approve?", 
            "", 
            " [X] No     [OK] Yes"
        ], 
        "AskForMotoResultConfirmationNoDataMatches": [
            "No data matches", 
            "Approve?", 
            "", 
            " [X] No     [OK] Yes"
        ], 
        "ProviderComponentMotoEnteringCardDetails": [
            ""
        ], 
        "AskingForTotalAmountConfirmation": [
            "$amount$", 
            "Confirmer le montant", 
            "", 
            "[X] Non    [OK] Oui"
        ], 
        "CreditDebitSelectionTitle": [
            ""
        ], 
        "CreditDebitSelectionCredit": [
            ""
        ], 
        "CreditDebitSelectionDebit": [
            ""
        ]
    }
}