{
    "info": {
        "columns": 40, 
        "locale": "de_DE", 
        "rows": 2
    }, 
    "localization": {
        "ABORTED": [
            "Zahlung\nabgebrochen", 
            ""
        ], 
        "ABORTED.REFUND": [
            "Rückerstattung\nabgebrochen", 
            ""
        ], 
        "ABORTED.VERIFICATION": [
            "Verifizierung\nabgebrochen", 
            ""
        ], 
        "ABORTED_MERCHANT_ABORTED": [
            "Zahlung\nabgebrochen", 
            ""
        ], 
        "ABORTED_MERCHANT_ABORTED.REFUND": [
            "Rückerstattung\nabgebrochen", 
            ""
        ], 
        "ABORTED_MERCHANT_ABORTED.VERIFICATION": [
            "Verifizierung\nabgebrochen", 
            ""
        ], 
        "ABORTED_SHOPPER_ABORTED": [
            "Zahlung\nabgebrochen", 
            ""
        ], 
        "ABORTED_SHOPPER_ABORTED.REFUND": [
            "Rückerstattung\nabgebrochen", 
            ""
        ], 
        "ABORTED_SHOPPER_ABORTED.VERIFICATION": [
            "Verifizierung\nabgebrochen", 
            ""
        ], 
        "ABORTED_SHOPPER_REMOVED_CARD": [
            "Zahlung\nabgebrochen", 
            ""
        ], 
        "ABORTED_SHOPPER_REMOVED_CARD.REFUND": [
            "Rückerstattung\nabgebrochen", 
            ""
        ], 
        "ABORTED_SHOPPER_REMOVED_CARD.VERIFICATION": [
            "Verifizierung\nabgebrochen", 
            ""
        ], 
        "ABORTED_PRESENT_CARD_TIMED_OUT": [
            "Zahlung\nabgebrochen", 
            ""
        ], 
        "ABORTED_PRESENT_CARD_TIMED_OUT.REFUND": [
            "Rückerstattung\nabgebrochen", 
            ""
        ], 
        "ABORTED_PRESENT_CARD_TIMED_OUT.VERIFICATION": [
            "Verifizierung\nabgebrochen", 
            ""
        ], 
        "ACCEPTED": [
            "Zahlung\nakzeptiert"
        ], 
        "ACCEPTED.REFUND": [
            "Rückerstattung\nakzeptiert", 
            ""
        ], 
        "ACCEPTED_WAITING_FOR_SUBMISSION": [
            "Zahlung\nakzeptiert"
        ], 
        "ACCEPTED_WAITING_FOR_SUBMISSION.REFUND": [
            "Rückerstattung\nakzeptiert", 
            ""
        ], 
        "APPROVED": [
            "Zahlung\nerfolgreich", 
            ""
        ], 
        "APPROVED.REFUND": [
            "Rückerstattung\nerfolgreich"
        ], 
        "APPROVED.VERIFICATION": [
            "Verifizierung\nerfolgreich", 
            ""
        ], 
        "DECLINED": [
            "Abgelehnt", 
            ""
        ], 
        "DECLINED.VERIFICATION": [
            "Verifizierung\nfehlgeschlagen"
        ], 
        "DECLINED_CARD_EXPIRED": [
            "Abgelehnt", 
            ""
        ], 
        "DECLINED_CARD_INVALID_PAN": [
            "Abgelehnt", 
            ""
        ], 
        "DECLINED_CARD_INVALID_SCHEME": [
            "Abgelehnt", 
            ""
        ], 
        "DECLINED_CARD_OR_TERMINAL_DECLINED": [
            "Abgelehnt", 
            ""
        ], 
        "DECLINED_CARD_STOLEN": [
            "Abgelehnt", 
            ""
        ], 
        "DECLINED_CARD_USE_ORIGINAL": [
            "Abgelehnt", 
            ""
        ], 
        "DECLINED_INVALID_TERMINAL": [
            "Zahlung nicht\nmöglich", 
            ""
        ], 
        "DECLINED_INVALID_TERMINAL_CONFIG": [
            "Zahlung nicht\nmöglich", 
            ""
        ], 
        "DECLINED_INVALID_TERMINAL_SOFTWARE": [
            "Zahlung nicht\nmöglich", 
            ""
        ], 
        "DECLINED_PIN_WRONG": [
            "Abgelehnt", 
            "Falsche PIN"
        ], 
        "DECLINED_PIN_WRONG_TOO_OFTEN": [
            "Abgelehnt", 
            "Falsche PIN zu oft"
        ], 
        "DECLINED_PROCESSOR": [
            "Abgelehnt", 
            ""
        ], 
        "DECLINED_PROCESSOR_EXCEEDS_WITHDRAWAL_COUNT_LIMIT": [
            "Abgelehnt", 
            ""
        ], 
        "DECLINED_PROCESSOR_UNCAPTURED_CHARGES_NOT_SUPPORTED": [
            "Abgelehnt", 
            ""
        ], 
        "DECLINED_SESSION_EXPIRED": [
            "Zahlung nicht\nmöglich", 
            ""
        ], 
        "DECLINED_PROCESSOR_INCONSISTENT_STATE": [
            "Abgelehnt", 
            ""
        ], 
        "DECLINED_MALFORMED_REQUEST": [
            "Abgelehnt", 
            ""
        ], 
        "DECLINED_MANIPULATION_SUSPECTED": [
            "Abgelehnt", 
            ""
        ], 
        "DECLINED_CARD_BLOCKED": [
            "Abgelehnt", 
            ""
        ], 
        "DECLINED_INSUFFICIENT_FUNDS": [
            "Abgelehnt", 
            ""
        ], 
        "DECLINED_TRANSACTION_FREQUENCY_EXCEEDED": [
            "Abgelehnt", 
            ""
        ], 
        "DECLINED_CARD_LOST": [
            "Abgelehnt", 
            ""
        ], 
        "DECLINED_INVALID_SCHEME": [
            "Abgelehnt", 
            ""
        ], 
        "DECLINED_INVALID_AMOUNT": [
            "Abgelehnt", 
            ""
        ], 
        "DECLINED_INVALID_CONFIGURATION": [
            "Abgelehnt", 
            ""
        ], 
        "DECLINED_DUPLICATE_TRANSACTION": [
            "Abgelehnt", 
            ""
        ], 
        "DECLINED_INVALID_WORKFLOW": [
            "Abgelehnt", 
            ""
        ], 
        "DECLINED_PROCESSOR_CARD_EXPIRED": [
            "Abgelehnt", 
            ""
        ], 
        "DECLINED_PROCESSOR_REFUND_NOT_POSSIBLE": [
            "Abgelehnt", 
            ""
        ], 
        "DECLINED_PROCESSOR_TEMPORARILY_BLACKLISTED": [
            "Abgelehnt", 
            ""
        ], 
        "DECLINED_AMOUNT_EXCEEDS_LIMIT": [
            "Abgelehnt", 
            ""
        ], 
        "DECLINED_MERCHANT_REJECTED": [
            "Abgelehnt", 
            ""
        ], 
        "ERROR": [
            "Fehler", 
            ""
        ], 
        "ERROR_TRANSACTION_UNABLE_TO_PERSIST": [
            "Fehler", 
            "Storage failure"
        ], 
        "ERROR_TRANSACTION_PENDING_MANUAL_REVIEW": [
            "Fehler", 
            "Manual review pending"
        ], 
        "ERROR_APPROVED_OFFLINE": [
            "Fehler", 
            "Terminal approval"
        ], 
        "ERROR_SERVER_INVALID_TRANSACTION_TYPE": [
            "Fehler", 
            "Invalid transaction"
        ], 
        "ERROR_SERVER_INVALID_TRANSACTION_STATUS": [
            "Fehler", 
            "Invalid transaction"
        ], 
        "ERROR_SERVER_INVALID_TRANSACTION": [
            "Fehler", 
            "Invalid transaction"
        ], 
        "ERROR_SERVER_INVALID_REFUND_AMOUNT": [
            "Fehler", 
            "Invalid transaction"
        ], 
        "ERROR_SERVER_MALFORMED_REQUEST": [
            "Fehler", 
            "Malformed request"
        ], 
        "ERROR_PROCESSOR_MALFORMED_REQUEST": [
            "Fehler", 
            "Malformed request"
        ], 
        "ERROR_PROCESSOR_INVALID_FORMAT": [
            "Fehler", 
            "Invalid data"
        ], 
        "ERROR_PROCESSOR_INVALID_NONCE": [
            "Fehler", 
            "Invalid data"
        ], 
        "ERROR_PROCESSOR_INVALID_SESSION": [
            "Fehler", 
            "Invalid data"
        ], 
        "ERROR_PROCESSOR_INVALID_STATUS": [
            "Fehler", 
            "Invalid data"
        ], 
        "ERROR_PROCESSOR_MISSING_SESSION": [
            "Fehler", 
            "Invalid data"
        ], 
        "ERROR_PROCESSOR_CONNECTION_ERROR": [
            "Fehler", 
            "Connection error"
        ], 
        "ERROR_SESSION_TIMEOUT": [
            "Fehler", 
            "Session timeout"
        ], 
        "ERROR_TERMINAL_ERROR": [
            "Fehler", 
            "Terminal error"
        ], 
        "ERROR_TERMINAL_BATTERY_LOW": [
            "Fehler", 
            "Batterie aufladen"
        ], 
        "ERROR_SERVER_INVALID_RESPONSE": [
            "Fehler", 
            "Invalid response"
        ], 
        "ERROR_SERVER_UNAVAILABLE": [
            "Fehler", 
            "Server unavailable"
        ], 
        "ERROR_SERVER_TIMEOUT": [
            "Fehler", 
            "Server timeout"
        ], 
        "ERROR_SERVER_AUTHENTICATION_FAILED": [
            "Fehler", 
            "Authentication failed"
        ], 
        "ERROR_SERVER_PINNING_FAILED": [
            "Fehler", 
            "Security error"
        ], 
        "ERROR_SERVER_ACCESSORY_DEACTIVATED": [
            "Fehler", 
            "Terminal deaktiviert"
        ], 
        "ERROR_SERVER_ACCESSORY_NOT_ASSIGNED_TO_MERCHANT": [
            "Fehler", 
            "Terminal nicht zugewiesen"
        ], 
        "ERROR_TERMINAL_TIMEOUT": [
            "Fehler", 
            "Terminal timeout"
        ], 
        "ERROR_PROCESSOR_FAILED_INCONSISTENT_STATE_UNRESOLVED": [
            "Fehler", 
            "Inconsistent state"
        ], 
        "ERROR_PROCESSOR_FAILED_INCONSISTENT_STATE_RESOLVED": [
            "Fehler", 
            "Inconsistent state"
        ], 
        "ERROR_PROCESSOR_PAYMENT_DETAILS_EXTRACTION_FAILED": [
            "Fehler", 
            "Invalid data"
        ], 
        "ERROR_PROCESSOR_INVALID_PAYMENT_DETAILS": [
            "Fehler", 
            "Invalid data"
        ], 
        "ERROR_PROCESSOR_INVALID_CONFIGURATION": [
            "Fehler", 
            "Invalid configuration"
        ], 
        "ERROR_PROCESSOR_TRANSACTION_ALREADY_IN_PROGRESS": [
            "Fehler", 
            "Transaction state"
        ], 
        "ERROR_PROCESSOR_CONNECTION_NO_RESPONSE": [
            "Fehler", 
            "No response"
        ], 
        "NONE": [
            "", 
            ""
        ], 
        "PENDING": [
            "Zahlung wird\nverarbeitet", 
            ""
        ], 
        "PENDING.REFUND": [
            "Rückerstattung wird\nverarbeitet", 
            ""
        ], 
        "PENDING.VERIFICATION": [
            "Verifizierung wird\nverarbeitet", 
            ""
        ], 
        "PENDING_WAITING_FOR_FINALIZATION": [
            "Zahlung wird\nverarbeitet", 
            ""
        ], 
        "PENDING_WAITING_FOR_FINALIZATION.REFUND": [
            "Rückerstattung wird\nverarbeitet", 
            ""
        ], 
        "PENDING_WAITING_FOR_FINALIZATION.VERIFICATION": [
            "Verifizierung wird\nverarbeitet", 
            ""
        ], 
        "PENDING_WAITING_FOR_EXECUTION": [
            "Zahlung wird\nverarbeitet", 
            ""
        ], 
        "PENDING_WAITING_FOR_EXECUTION.REFUND": [
            "Rückerstattung wird\nverarbeitet", 
            ""
        ], 
        "PENDING_WAITING_FOR_EXECUTION.VERIFICATION": [
            "Verifizierung wird\nverarbeitet", 
            ""
        ]
    }
}