{
    "info": {
        "columns": 20, 
        "locale": "en_US", 
        "rows": 2
    }, 
    "localization": {
        "ABORTED": [
            "", 
            "Payment aborted"
        ], 
        "ABORTED.REFUND": [
            "", 
            "Refund aborted"
        ], 
        "ABORTED.VERIFICATION": [
            "", 
            "Verification aborted"
        ], 
        "ABORTED_MERCHANT_ABORTED": [
            "", 
            "Payment aborted"
        ], 
        "ABORTED_MERCHANT_ABORTED.REFUND": [
            "", 
            "Refund aborted"
        ], 
        "ABORTED_MERCHANT_ABORTED.VERIFICATION": [
            "", 
            "Verification aborted"
        ], 
        "ABORTED_SHOPPER_ABORTED": [
            "", 
            "Payment aborted"
        ], 
        "ABORTED_SHOPPER_ABORTED.REFUND": [
            "", 
            "Refund aborted"
        ], 
        "ABORTED_SHOPPER_ABORTED.VERIFICATION": [
            "", 
            "Verification aborted"
        ], 
        "ABORTED_SHOPPER_REMOVED_CARD": [
            "", 
            "Payment aborted"
        ], 
        "ABORTED_SHOPPER_REMOVED_CARD.REFUND": [
            "", 
            "Refund aborted"
        ], 
        "ABORTED_SHOPPER_REMOVED_CARD.VERIFICATION": [
            "", 
            "Verification aborted"
        ], 
        "ABORTED_PRESENT_CARD_TIMED_OUT": [
            "", 
            "Payment aborted"
        ], 
        "ABORTED_PRESENT_CARD_TIMED_OUT.REFUND": [
            "", 
            "Refund aborted"
        ], 
        "ABORTED_PRESENT_CARD_TIMED_OUT.VERIFICATION": [
            "", 
            "Verification aborted"
        ], 
        "ACCEPTED": [
            "", 
            "Payment accepted"
        ], 
        "ACCEPTED.REFUND": [
            "", 
            "Refund accepted"
        ], 
        "ACCEPTED_WAITING_FOR_SUBMISSION": [
            "", 
            "Payment accepted"
        ], 
        "ACCEPTED_WAITING_FOR_SUBMISSION.REFUND": [
            "", 
            "Refund accepted"
        ], 
        "APPROVED": [
            "", 
            "Payment approved"
        ], 
        "APPROVED.REFUND": [
            "", 
            "Refund approved"
        ], 
        "APPROVED.VERIFICATION": [
            "Verification", 
            "successful"
        ], 
        "DECLINED": [
            "", 
            "Declined"
        ], 
        "DECLINED.VERIFICATION": [
            "", 
            "Cannot validate"
        ], 
        "DECLINED_CARD_EXPIRED": [
            "", 
            "Declined"
        ], 
        "DECLINED_CARD_INVALID_PAN": [
            "", 
            "Declined"
        ], 
        "DECLINED_CARD_INVALID_SCHEME": [
            "", 
            "Declined"
        ], 
        "DECLINED_CARD_OR_TERMINAL_DECLINED": [
            "", 
            "Declined"
        ], 
        "DECLINED_CARD_STOLEN": [
            "", 
            "Declined"
        ], 
        "DECLINED_CARD_USE_ORIGINAL": [
            "", 
            "Declined"
        ], 
        "DECLINED_INVALID_TERMINAL": [
            "Payment not ", 
            "possible"
        ], 
        "DECLINED_INVALID_TERMINAL_CONFIG": [
            "Payment not ", 
            "possible"
        ], 
        "DECLINED_INVALID_TERMINAL_SOFTWARE": [
            "Payment not ", 
            "possible"
        ], 
        "DECLINED_PIN_WRONG": [
            "Wrong PIN", 
            "Declined"
        ], 
        "DECLINED_PIN_WRONG_TOO_OFTEN": [
            "Wrong PIN too often", 
            "Declined"
        ], 
        "DECLINED_PROCESSOR": [
            "", 
            "Declined"
        ], 
        "DECLINED_PROCESSOR_EXCEEDS_WITHDRAWAL_COUNT_LIMIT": [
            "", 
            "Declined"
        ], 
        "DECLINED_PROCESSOR_UNCAPTURED_CHARGES_NOT_SUPPORTED": [
            "", 
            "Declined"
        ], 
        "DECLINED_SESSION_EXPIRED": [
            "Payment not ", 
            "possible"
        ], 
        "DECLINED_PROCESSOR_INCONSISTENT_STATE": [
            "", 
            "Declined"
        ], 
        "DECLINED_MALFORMED_REQUEST": [
            "", 
            "Declined"
        ], 
        "DECLINED_MANIPULATION_SUSPECTED": [
            "", 
            "Declined"
        ], 
        "DECLINED_CARD_BLOCKED": [
            "", 
            "Declined"
        ], 
        "DECLINED_INSUFFICIENT_FUNDS": [
            "", 
            "Declined"
        ], 
        "DECLINED_TRANSACTION_FREQUENCY_EXCEEDED": [
            "", 
            "Declined"
        ], 
        "DECLINED_CARD_LOST": [
            "", 
            "Declined"
        ], 
        "DECLINED_INVALID_SCHEME": [
            "", 
            "Declined"
        ], 
        "DECLINED_INVALID_AMOUNT": [
            "", 
            "Declined"
        ], 
        "DECLINED_INVALID_CONFIGURATION": [
            "", 
            "Declined"
        ], 
        "DECLINED_DUPLICATE_TRANSACTION": [
            "", 
            "Declined"
        ], 
        "DECLINED_INVALID_WORKFLOW": [
            "", 
            "Declined"
        ], 
        "DECLINED_PROCESSOR_CARD_EXPIRED": [
            "", 
            "Declined"
        ], 
        "DECLINED_PROCESSOR_REFUND_NOT_POSSIBLE": [
            "", 
            "Declined"
        ], 
        "DECLINED_PROCESSOR_TEMPORARILY_BLACKLISTED": [
            "", 
            "Declined"
        ], 
        "DECLINED_AMOUNT_EXCEEDS_LIMIT": [
            "", 
            "Declined"
        ], 
        "DECLINED_MERCHANT_REJECTED": [
            "", 
            "Declined"
        ], 
        "ERROR": [
            "", 
            "Error"
        ], 
        "ERROR_TRANSACTION_UNABLE_TO_PERSIST": [
            "Error", 
            "(Storage)"
        ], 
        "ERROR_TRANSACTION_PENDING_MANUAL_REVIEW": [
            "Error", 
            "(Reviewed manually)"
        ], 
        "ERROR_APPROVED_OFFLINE": [
            "Error", 
            "(Terminal approval)"
        ], 
        "ERROR_SERVER_INVALID_TRANSACTION_TYPE": [
            "Error", 
            "(Invalid transaction)"
        ], 
        "ERROR_SERVER_INVALID_TRANSACTION_STATUS": [
            "Error", 
            "(Invalid transaction)"
        ], 
        "ERROR_SERVER_INVALID_TRANSACTION": [
            "Error", 
            "(Invalid transaction)"
        ], 
        "ERROR_SERVER_INVALID_REFUND_AMOUNT": [
            "Error", 
            "(Invalid transaction)"
        ], 
        "ERROR_SERVER_MALFORMED_REQUEST": [
            "Error", 
            "(Malformed request)"
        ], 
        "ERROR_PROCESSOR_MALFORMED_REQUEST": [
            "Error", 
            "(Malformed request)"
        ], 
        "ERROR_PROCESSOR_INVALID_FORMAT": [
            "Error", 
            "(Invalid data)"
        ], 
        "ERROR_PROCESSOR_INVALID_NONCE": [
            "Error", 
            "(Invalid data)"
        ], 
        "ERROR_PROCESSOR_INVALID_SESSION": [
            "Error", 
            "(Invalid data)"
        ], 
        "ERROR_PROCESSOR_INVALID_STATUS": [
            "Error", 
            "(Invalid data)"
        ], 
        "ERROR_PROCESSOR_MISSING_SESSION": [
            "Error", 
            "(Invalid data)"
        ], 
        "ERROR_PROCESSOR_CONNECTION_ERROR": [
            "Error", 
            "(Connection error)"
        ], 
        "ERROR_SESSION_TIMEOUT": [
            "Error", 
            "(Session timeout)"
        ], 
        "ERROR_TERMINAL_ERROR": [
            "Error", 
            "(Terminal error)"
        ], 
        "ERROR_TERMINAL_BATTERY_LOW": [
            "Error", 
            "(Charge battery)"
        ], 
        "ERROR_SERVER_INVALID_RESPONSE": [
            "Error", 
            "(Invalid response)"
        ], 
        "ERROR_SERVER_UNAVAILABLE": [
            "Error", 
            "(Server unavailable)"
        ], 
        "ERROR_SERVER_TIMEOUT": [
            "Error", 
            "(Server timeout)"
        ], 
        "ERROR_SERVER_AUTHENTICATION_FAILED": [
            "Error", 
            "(Auth failed)"
        ], 
        "ERROR_SERVER_PINNING_FAILED": [
            "Error", 
            "(Pinning failed)"
        ], 
        "ERROR_SERVER_ACCESSORY_DEACTIVATED": [
            "Error", 
            "(Term. deactivated)"
        ], 
        "ERROR_SERVER_ACCESSORY_NOT_ASSIGNED_TO_MERCHANT": [
            "Error", 
            "(Term. not assigned)"
        ], 
        "ERROR_TERMINAL_TIMEOUT": [
            "Error", 
            "(Terminal timeout)"
        ], 
        "ERROR_PROCESSOR_FAILED_INCONSISTENT_STATE_UNRESOLVED": [
            "Error", 
            "(Inconsistent state)"
        ], 
        "ERROR_PROCESSOR_FAILED_INCONSISTENT_STATE_RESOLVED": [
            "Error", 
            "(Inconsistent state)"
        ], 
        "ERROR_PROCESSOR_PAYMENT_DETAILS_EXTRACTION_FAILED": [
            "Error", 
            "(Invalid data)"
        ], 
        "ERROR_PROCESSOR_INVALID_PAYMENT_DETAILS": [
            "Error", 
            "(Invalid data)"
        ], 
        "ERROR_PROCESSOR_INVALID_CONFIGURATION": [
            "Error", 
            "(Invalid config)"
        ], 
        "ERROR_PROCESSOR_TRANSACTION_ALREADY_IN_PROGRESS": [
            "Error", 
            "(Transaction)"
        ], 
        "ERROR_PROCESSOR_CONNECTION_NO_RESPONSE": [
            "Error", 
            "(No response)"
        ], 
        "NONE": [
            "", 
            ""
        ], 
        "PENDING": [
            "Processing", 
            "payment..."
        ], 
        "PENDING.REFUND": [
            "Processing", 
            "refund..."
        ], 
        "PENDING.VERIFICATION": [
            "Processing", 
            "verification..."
        ], 
        "PENDING_WAITING_FOR_FINALIZATION": [
            "Processing", 
            "payment..."
        ], 
        "PENDING_WAITING_FOR_FINALIZATION.REFUND": [
            "Processing", 
            "refund..."
        ], 
        "PENDING_WAITING_FOR_FINALIZATION.VERIFICATION": [
            "Processing", 
            "verification..."
        ], 
        "PENDING_WAITING_FOR_EXECUTION": [
            "Processing", 
            "payment..."
        ], 
        "PENDING_WAITING_FOR_EXECUTION.REFUND": [
            "Processing", 
            "refund..."
        ], 
        "PENDING_WAITING_FOR_EXECUTION.VERIFICATION": [
            "Processing", 
            "verification..."
        ]
    }
}