{
    "info": {
        "columns": 40, 
        "locale": "lt_LT", 
        "rows": 1
    }, 
    "localization": {
        "ABORTED": [
            "Mokėjimas nutrauktas"
        ], 
        "ABORTED.REFUND": [
            "Grąžinimas nutrauktas"
        ], 
        "ABORTED.VERIFICATION": [
            "Verification aborted"
        ], 
        "ABORTED_MERCHANT_ABORTED": [
            "Mokėjimas nutrauktas"
        ], 
        "ABORTED_MERCHANT_ABORTED.REFUND": [
            "Grąžinimas nutrauktas"
        ], 
        "ABORTED_MERCHANT_ABORTED.VERIFICATION": [
            "Verification aborted"
        ], 
        "ABORTED_SHOPPER_ABORTED": [
            "Mokėjimas nutrauktas"
        ], 
        "ABORTED_SHOPPER_ABORTED.REFUND": [
            "Grąžinimas nutrauktas"
        ], 
        "ABORTED_SHOPPER_ABORTED.VERIFICATION": [
            "Verification aborted"
        ], 
        "ABORTED_SHOPPER_REMOVED_CARD": [
            "Mokėjimas nutrauktas"
        ], 
        "ABORTED_SHOPPER_REMOVED_CARD.REFUND": [
            "Grąžinimas nutrauktas"
        ], 
        "ABORTED_SHOPPER_REMOVED_CARD.VERIFICATION": [
            "Verification aborted"
        ], 
        "ABORTED_PRESENT_CARD_TIMED_OUT": [
            "Mokėjimas nutrauktas"
        ], 
        "ABORTED_PRESENT_CARD_TIMED_OUT.REFUND": [
            "Grąžinimas nutrauktas"
        ], 
        "ABORTED_PRESENT_CARD_TIMED_OUT.VERIFICATION": [
            "Verification aborted"
        ], 
        "ACCEPTED": [
            "Mokėjimas priimtas"
        ], 
        "ACCEPTED.REFUND": [
            "Refund accepted"
        ], 
        "ACCEPTED_WAITING_FOR_SUBMISSION": [
            "Mokėjimas priimtas"
        ], 
        "ACCEPTED_WAITING_FOR_SUBMISSION.REFUND": [
            "Refund accepted"
        ], 
        "APPROVED": [
            "Mokėjimas patvirtintas"
        ], 
        "APPROVED.REFUND": [
            "Grąžinimas patvirtintas"
        ], 
        "APPROVED.VERIFICATION": [
            "Verification successful"
        ], 
        "DECLINED": [
            "Atmesta"
        ], 
        "DECLINED.VERIFICATION": [
            "Cannot validate"
        ], 
        "DECLINED_CARD_EXPIRED": [
            "Atmesta – kortelė nebegalioja"
        ], 
        "DECLINED_CARD_INVALID_PAN": [
            "Atmesta – kortelė netinkama"
        ], 
        "DECLINED_CARD_INVALID_SCHEME": [
            "Atmesta – kortelė neleistina"
        ], 
        "DECLINED_CARD_OR_TERMINAL_DECLINED": [
            "Atmesta"
        ], 
        "DECLINED_CARD_STOLEN": [
            "Atmesta – kortelė vogta, paimti"
        ], 
        "DECLINED_CARD_USE_ORIGINAL": [
            "Atmesta – naudokite originalią kortelę"
        ], 
        "DECLINED_INVALID_TERMINAL": [
            "Mokėjimas negalimas"
        ], 
        "DECLINED_INVALID_TERMINAL_CONFIG": [
            "Mokėjimas negalimas"
        ], 
        "DECLINED_INVALID_TERMINAL_SOFTWARE": [
            "Mokėjimas negalimas"
        ], 
        "DECLINED_PIN_WRONG": [
            "Atmesta – neteisingas PIN kodas"
        ], 
        "DECLINED_PIN_WRONG_TOO_OFTEN": [
            "Atmesta – neteisingas PIN per daug k."
        ], 
        "DECLINED_PROCESSOR": [
            "Atmesta"
        ], 
        "DECLINED_PROCESSOR_EXCEEDS_WITHDRAWAL_COUNT_LIMIT": [
            "Atmesta"
        ], 
        "DECLINED_PROCESSOR_UNCAPTURED_CHARGES_NOT_SUPPORTED": [
            "Atmesta"
        ], 
        "DECLINED_SESSION_EXPIRED": [
            "Mokėjimas negalimas"
        ], 
        "DECLINED_PROCESSOR_INCONSISTENT_STATE": [
            "Atmesta"
        ], 
        "DECLINED_MALFORMED_REQUEST": [
            "Atmesta"
        ], 
        "DECLINED_MANIPULATION_SUSPECTED": [
            "Atmesta – galima klastotė"
        ], 
        "DECLINED_CARD_BLOCKED": [
            "Atmesta – kortelė neleistina"
        ], 
        "DECLINED_INSUFFICIENT_FUNDS": [
            "Atmesta – nepakanka lėšų"
        ], 
        "DECLINED_TRANSACTION_FREQUENCY_EXCEEDED": [
            "Atmesta – pernelyg daug mokėjimų"
        ], 
        "DECLINED_CARD_LOST": [
            "Atmesta – pamesta kortelė"
        ], 
        "DECLINED_INVALID_SCHEME": [
            "Atmesta – kortelė neleistina"
        ], 
        "DECLINED_INVALID_AMOUNT": [
            "Atmesta – suma neleidžiama"
        ], 
        "DECLINED_INVALID_CONFIGURATION": [
            "Atmesta – neteisinga konfigūracija"
        ], 
        "DECLINED_DUPLICATE_TRANSACTION": [
            "Atmesta – vykdoma operacija"
        ], 
        "DECLINED_INVALID_WORKFLOW": [
            "Atmesta"
        ], 
        "DECLINED_PROCESSOR_CARD_EXPIRED": [
            "Atmesta – kortelė nebegalioja"
        ], 
        "DECLINED_PROCESSOR_REFUND_NOT_POSSIBLE": [
            "Atmesta – grąžinimas negalimas"
        ], 
        "DECLINED_PROCESSOR_TEMPORARILY_BLACKLISTED": [
            "Atmesta – pernelyg daug bandymų"
        ], 
        "DECLINED_AMOUNT_EXCEEDS_LIMIT": [
            "Atmesta – suma viršija limitą"
        ], 
        "DECLINED_MERCHANT_REJECTED": [
            "Declined - Merchant rejected"
        ], 
        "ERROR": [
            "Apdorojimo klaida"
        ], 
        "ERROR_APPROVED_OFFLINE": [
            "Klaida (Terminal approval)"
        ], 
        "ERROR_TRANSACTION_UNABLE_TO_PERSIST": [
            "Klaida (Storage)"
        ], 
        "ERROR_TRANSACTION_PENDING_MANUAL_REVIEW": [
            "Klaida (Review manually)"
        ], 
        "ERROR_SERVER_INVALID_TRANSACTION_TYPE": [
            "Klaida (Invalid transaction)"
        ], 
        "ERROR_SERVER_INVALID_TRANSACTION_STATUS": [
            "Klaida (Invalid transaction)"
        ], 
        "ERROR_SERVER_INVALID_TRANSACTION": [
            "Klaida (Invalid transaction)"
        ], 
        "ERROR_SERVER_INVALID_REFUND_AMOUNT": [
            "Klaida (Invalid transaction)"
        ], 
        "ERROR_SERVER_MALFORMED_REQUEST": [
            "Klaida (Malformed request)"
        ], 
        "ERROR_PROCESSOR_MALFORMED_REQUEST": [
            "Klaida (Malformed request)"
        ], 
        "ERROR_PROCESSOR_INVALID_FORMAT": [
            "Klaida (Invalid data)"
        ], 
        "ERROR_PROCESSOR_INVALID_NONCE": [
            "Klaida (Invalid data)"
        ], 
        "ERROR_PROCESSOR_INVALID_SESSION": [
            "Klaida (Invalid data)"
        ], 
        "ERROR_PROCESSOR_INVALID_STATUS": [
            "Klaida (Invalid data)"
        ], 
        "ERROR_PROCESSOR_MISSING_SESSION": [
            "Klaida (Invalid data)"
        ], 
        "ERROR_PROCESSOR_CONNECTION_ERROR": [
            "Klaida (Connection error)"
        ], 
        "ERROR_SESSION_TIMEOUT": [
            "Klaida (Session timeout)"
        ], 
        "ERROR_TERMINAL_ERROR": [
            "Klaida (Terminal error)"
        ], 
        "ERROR_TERMINAL_BATTERY_LOW": [
            "Klaida (prašome įkrauti bateriją)"
        ], 
        "ERROR_SERVER_INVALID_RESPONSE": [
            "Klaida (Invalid response)"
        ], 
        "ERROR_SERVER_UNAVAILABLE": [
            "Klaida (Server unavailable)"
        ], 
        "ERROR_SERVER_TIMEOUT": [
            "Klaida (Server timeout)"
        ], 
        "ERROR_SERVER_AUTHENTICATION_FAILED": [
            "Klaida (Authenticaton failed)"
        ], 
        "ERROR_SERVER_PINNING_FAILED": [
            "Klaida (Pinning failed)"
        ], 
        "ERROR_SERVER_ACCESSORY_DEACTIVATED": [
            "Klaida (Terminal deactivated)"
        ], 
        "ERROR_SERVER_ACCESSORY_NOT_ASSIGNED_TO_MERCHANT": [
            "Klaida (Terminal not assigned)"
        ], 
        "ERROR_TERMINAL_TIMEOUT": [
            "Klaida (Terminal timeout)"
        ], 
        "ERROR_PROCESSOR_FAILED_INCONSISTENT_STATE_UNRESOLVED": [
            "Klaida (Inconsistent state)"
        ], 
        "ERROR_PROCESSOR_FAILED_INCONSISTENT_STATE_RESOLVED": [
            "Klaida (Inconsistent state)"
        ], 
        "ERROR_PROCESSOR_PAYMENT_DETAILS_EXTRACTION_FAILED": [
            "Klaida (Invalid data)"
        ], 
        "ERROR_PROCESSOR_INVALID_PAYMENT_DETAILS": [
            "Klaida (Invalid data)"
        ], 
        "ERROR_PROCESSOR_INVALID_CONFIGURATION": [
            "Klaida (Invalid configuration)"
        ], 
        "ERROR_PROCESSOR_TRANSACTION_ALREADY_IN_PROGRESS": [
            "Klaida (Transaction ongoing)"
        ], 
        "ERROR_PROCESSOR_CONNECTION_NO_RESPONSE": [
            "Klaida (No response)"
        ], 
        "NONE": [
            ""
        ], 
        "PENDING": [
            "Apdorojamas mokėjimas..."
        ], 
        "PENDING.REFUND": [
            "Apdorojamas grąžinimas..."
        ], 
        "PENDING.VERIFICATION": [
            "Processing verification..."
        ], 
        "PENDING_WAITING_FOR_FINALIZATION": [
            "Apdorojamas mokėjimas..."
        ], 
        "PENDING_WAITING_FOR_FINALIZATION.REFUND": [
            "Apdorojamas grąžinimas..."
        ], 
        "PENDING_WAITING_FOR_FINALIZATION.VERIFICATION": [
            "Processing verification..."
        ], 
        "PENDING_WAITING_FOR_EXECUTION": [
            "Apdorojamas mokėjimas..."
        ], 
        "PENDING_WAITING_FOR_EXECUTION.REFUND": [
            "Apdorojamas grąžinimas..."
        ], 
        "PENDING_WAITING_FOR_EXECUTION.VERIFICATION": [
            "Processing verification..."
        ]
    }
}