{
    "info": {
        "columns": 40, 
        "locale": "sv_SE", 
        "rows": 2
    }, 
    "localization": {
        "ABORTED": [
            "Betalning\navbruten", 
            ""
        ], 
        "ABORTED.REFUND": [
            "Retur\navbruten", 
            ""
        ], 
        "ABORTED.VERIFICATION": [
            "Verification\nAborted", 
            ""
        ], 
        "ABORTED_MERCHANT_ABORTED": [
            "Betalning\navbruten", 
            ""
        ], 
        "ABORTED_MERCHANT_ABORTED.REFUND": [
            "Retur\navbruten", 
            ""
        ], 
        "ABORTED_MERCHANT_ABORTED.VERIFICATION": [
            "Verification\nAborted", 
            ""
        ], 
        "ABORTED_SHOPPER_ABORTED": [
            "Betalning\navbruten", 
            ""
        ], 
        "ABORTED_SHOPPER_ABORTED.REFUND": [
            "Retur\navbruten", 
            ""
        ], 
        "ABORTED_SHOPPER_ABORTED.VERIFICATION": [
            "Verification\nAborted", 
            ""
        ], 
        "ABORTED_SHOPPER_REMOVED_CARD": [
            "Betalning\navbruten", 
            ""
        ], 
        "ABORTED_SHOPPER_REMOVED_CARD.REFUND": [
            "Retur\navbruten", 
            ""
        ], 
        "ABORTED_SHOPPER_REMOVED_CARD.VERIFICATION": [
            "Verification\nAborted", 
            ""
        ], 
        "ABORTED_PRESENT_CARD_TIMED_OUT": [
            "Betalning\navbruten", 
            ""
        ], 
        "ABORTED_PRESENT_CARD_TIMED_OUT.REFUND": [
            "Retur\navbruten", 
            ""
        ], 
        "ABORTED_PRESENT_CARD_TIMED_OUT.VERIFICATION": [
            "Verification\nAborted", 
            ""
        ], 
        "ACCEPTED": [
            "Payment\nAccepted", 
            ""
        ], 
        "ACCEPTED.REFUND": [
            "Refund\nAccepted", 
            ""
        ], 
        "ACCEPTED_WAITING_FOR_SUBMISSION": [
            "Payment\nAccepted", 
            ""
        ], 
        "ACCEPTED_WAITING_FOR_SUBMISSION.REFUND": [
            "Refund\nAccepted", 
            ""
        ], 
        "APPROVED": [
            "Betalning\ngodkänd", 
            ""
        ], 
        "APPROVED.REFUND": [
            "Retur\ngodkänd", 
            ""
        ], 
        "APPROVED.VERIFICATION": [
            "Verification\nSuccessful", 
            ""
        ], 
        "DECLINED": [
            "Avvisad", 
            ""
        ], 
        "DECLINED.VERIFICATION": [
            "Cannot\nValidate", 
            ""
        ], 
        "DECLINED_CARD_EXPIRED": [
            "Avvisad", 
            ""
        ], 
        "DECLINED_CARD_INVALID_PAN": [
            "Avvisad", 
            ""
        ], 
        "DECLINED_CARD_INVALID_SCHEME": [
            "Avvisad", 
            ""
        ], 
        "DECLINED_CARD_OR_TERMINAL_DECLINED": [
            "Avvisad", 
            ""
        ], 
        "DECLINED_CARD_STOLEN": [
            "Avvisad", 
            ""
        ], 
        "DECLINED_CARD_USE_ORIGINAL": [
            "Avvisad", 
            ""
        ], 
        "DECLINED_INVALID_TERMINAL": [
            "Betalning inte\nmöjlig", 
            ""
        ], 
        "DECLINED_INVALID_TERMINAL_CONFIG": [
            "Betalning inte\nmöjlig", 
            ""
        ], 
        "DECLINED_INVALID_TERMINAL_SOFTWARE": [
            "Betalning inte\nmöjlig", 
            ""
        ], 
        "DECLINED_PIN_WRONG": [
            "Avvisad", 
            "Fel PIN"
        ], 
        "DECLINED_PIN_WRONG_TOO_OFTEN": [
            "Avvisad", 
            "Fel PIN för många gånger"
        ], 
        "DECLINED_PROCESSOR": [
            "Avvisad", 
            ""
        ], 
        "DECLINED_PROCESSOR_EXCEEDS_WITHDRAWAL_COUNT_LIMIT": [
            "Avvisad", 
            ""
        ], 
        "DECLINED_PROCESSOR_UNCAPTURED_CHARGES_NOT_SUPPORTED": [
            "Avvisad", 
            ""
        ], 
        "DECLINED_SESSION_EXPIRED": [
            "Betalning inte\nmöjlig", 
            ""
        ], 
        "DECLINED_PROCESSOR_INCONSISTENT_STATE": [
            "Avvisad", 
            ""
        ], 
        "DECLINED_MALFORMED_REQUEST": [
            "Avvisad", 
            ""
        ], 
        "DECLINED_MANIPULATION_SUSPECTED": [
            "Avvisad", 
            ""
        ], 
        "DECLINED_CARD_BLOCKED": [
            "Avvisad", 
            ""
        ], 
        "DECLINED_INSUFFICIENT_FUNDS": [
            "Avvisad", 
            ""
        ], 
        "DECLINED_TRANSACTION_FREQUENCY_EXCEEDED": [
            "Avvisad", 
            ""
        ], 
        "DECLINED_CARD_LOST": [
            "Avvisad", 
            ""
        ], 
        "DECLINED_INVALID_SCHEME": [
            "Avvisad", 
            ""
        ], 
        "DECLINED_INVALID_AMOUNT": [
            "Avvisad", 
            ""
        ], 
        "DECLINED_INVALID_CONFIGURATION": [
            "Avvisad", 
            ""
        ], 
        "DECLINED_DUPLICATE_TRANSACTION": [
            "Avvisad", 
            ""
        ], 
        "DECLINED_INVALID_WORKFLOW": [
            "Avvisad", 
            ""
        ], 
        "DECLINED_PROCESSOR_CARD_EXPIRED": [
            "Avvisad", 
            ""
        ], 
        "DECLINED_PROCESSOR_REFUND_NOT_POSSIBLE": [
            "Avvisad", 
            ""
        ], 
        "DECLINED_PROCESSOR_TEMPORARILY_BLACKLISTED": [
            "Avvisad", 
            ""
        ], 
        "DECLINED_AMOUNT_EXCEEDS_LIMIT": [
            "Avvisad", 
            ""
        ], 
        "DECLINED_MERCHANT_REJECTED": [
            "Avvisad", 
            ""
        ], 
        "ERROR": [
            "Fel", 
            ""
        ], 
        "ERROR_TRANSACTION_UNABLE_TO_PERSIST": [
            "Fel", 
            "Storage failure"
        ], 
        "ERROR_TRANSACTION_PENDING_MANUAL_REVIEW": [
            "Fel", 
            "Manual review pending"
        ], 
        "ERROR_APPROVED_OFFLINE": [
            "Fel", 
            "Terminal approval"
        ], 
        "ERROR_SERVER_INVALID_TRANSACTION_TYPE": [
            "Error", 
            "Invalid transaction"
        ], 
        "ERROR_SERVER_INVALID_TRANSACTION_STATUS": [
            "Error", 
            "Invalid transaction"
        ], 
        "ERROR_SERVER_INVALID_TRANSACTION": [
            "Error", 
            "Invalid transaction"
        ], 
        "ERROR_SERVER_INVALID_REFUND_AMOUNT": [
            "Error", 
            "Invalid transaction"
        ], 
        "ERROR_SERVER_MALFORMED_REQUEST": [
            "Fel ", 
            "Malformed request"
        ], 
        "ERROR_PROCESSOR_MALFORMED_REQUEST": [
            "Fel ", 
            "Malformed request"
        ], 
        "ERROR_PROCESSOR_INVALID_FORMAT": [
            "Fel", 
            "Invalid data"
        ], 
        "ERROR_PROCESSOR_INVALID_NONCE": [
            "Fel", 
            "Invalid data"
        ], 
        "ERROR_PROCESSOR_INVALID_SESSION": [
            "Fel", 
            "Invalid data"
        ], 
        "ERROR_PROCESSOR_INVALID_STATUS": [
            "Fel", 
            "Invalid data"
        ], 
        "ERROR_PROCESSOR_MISSING_SESSION": [
            "Fel", 
            "Invalid data"
        ], 
        "ERROR_PROCESSOR_CONNECTION_ERROR": [
            "Fel", 
            "Connection error"
        ], 
        "ERROR_SESSION_TIMEOUT": [
            "Fel", 
            "Session timeout"
        ], 
        "ERROR_TERMINAL_ERROR": [
            "Fel", 
            "Terminal error"
        ], 
        "ERROR_TERMINAL_BATTERY_LOW": [
            "Error", 
            "Charge battery"
        ], 
        "ERROR_SERVER_INVALID_RESPONSE": [
            "Fel ", 
            "Invalid response"
        ], 
        "ERROR_SERVER_UNAVAILABLE": [
            "Fel ", 
            "Server unavailable"
        ], 
        "ERROR_SERVER_TIMEOUT": [
            "Fel ", 
            "Server timeout"
        ], 
        "ERROR_SERVER_AUTHENTICATION_FAILED": [
            "Fel ", 
            "Authentication failed"
        ], 
        "ERROR_SERVER_PINNING_FAILED": [
            "Fel ", 
            "Security failed"
        ], 
        "ERROR_SERVER_ACCESSORY_DEACTIVATED": [
            "Fel ", 
            "Terminal deactivated"
        ], 
        "ERROR_SERVER_ACCESSORY_NOT_ASSIGNED_TO_MERCHANT": [
            "Fel ", 
            "Terminal not assigned"
        ], 
        "ERROR_TERMINAL_TIMEOUT": [
            "Fel ", 
            "Terminal timeout"
        ], 
        "ERROR_PROCESSOR_FAILED_INCONSISTENT_STATE_UNRESOLVED": [
            "Fel ", 
            "Inconsistent state"
        ], 
        "ERROR_PROCESSOR_FAILED_INCONSISTENT_STATE_RESOLVED": [
            "Fel ", 
            "Inconsistent state"
        ], 
        "ERROR_PROCESSOR_PAYMENT_DETAILS_EXTRACTION_FAILED": [
            "Fel", 
            "Invalid data"
        ], 
        "ERROR_PROCESSOR_INVALID_PAYMENT_DETAILS": [
            "Fel", 
            "Invalid data"
        ], 
        "ERROR_PROCESSOR_INVALID_CONFIGURATION": [
            "Fel ", 
            "Invalid configuration"
        ], 
        "ERROR_PROCESSOR_TRANSACTION_ALREADY_IN_PROGRESS": [
            "Fel ", 
            "Transaction state"
        ], 
        "ERROR_PROCESSOR_CONNECTION_NO_RESPONSE": [
            "Fel ", 
            "No response"
        ], 
        "NONE": [
            "", 
            ""
        ], 
        "PENDING": [
            "Bearbetar\nbetalning", 
            ""
        ], 
        "PENDING.REFUND": [
            "Bearbetar\nretur", 
            ""
        ], 
        "PENDING.VERIFICATION": [
            "Processing\nVerification", 
            ""
        ], 
        "PENDING_WAITING_FOR_FINALIZATION": [
            "Bearbetar\nbetalning", 
            ""
        ], 
        "PENDING_WAITING_FOR_FINALIZATION.REFUND": [
            "Bearbetar\nretur", 
            ""
        ], 
        "PENDING_WAITING_FOR_FINALIZATION.VERIFICATION": [
            "Processing\nVerification", 
            ""
        ], 
        "PENDING_WAITING_FOR_EXECUTION": [
            "Bearbetar\nbetalning", 
            ""
        ], 
        "PENDING_WAITING_FOR_EXECUTION.REFUND": [
            "Bearbetar\nretur", 
            ""
        ], 
        "PENDING_WAITING_FOR_EXECUTION.VERIFICATION": [
            "Processing\nVerification", 
            ""
        ]
    }
}