{
    "info": {
        "columns": 40, 
        "locale": "sv_SE", 
        "rows": 1
    }, 
    "localization": {
        "ABORTED": [
            "Betalning avbruten"
        ], 
        "ABORTED.REFUND": [
            "Retur avbruten"
        ], 
        "ABORTED.VERIFICATION": [
            "Verification aborted"
        ], 
        "ABORTED_MERCHANT_ABORTED": [
            "Betalning avbruten"
        ], 
        "ABORTED_MERCHANT_ABORTED.REFUND": [
            "Retur avbruten"
        ], 
        "ABORTED_MERCHANT_ABORTED.VERIFICATION": [
            "Verification aborted"
        ], 
        "ABORTED_SHOPPER_ABORTED": [
            "Betalning avbruten"
        ], 
        "ABORTED_SHOPPER_ABORTED.REFUND": [
            "Retur avbruten"
        ], 
        "ABORTED_SHOPPER_ABORTED.VERIFICATION": [
            "Verification aborted"
        ], 
        "ABORTED_SHOPPER_REMOVED_CARD": [
            "Betalning avbruten"
        ], 
        "ABORTED_SHOPPER_REMOVED_CARD.REFUND": [
            "Retur avbruten"
        ], 
        "ABORTED_SHOPPER_REMOVED_CARD.VERIFICATION": [
            "Verification aborted"
        ], 
        "ABORTED_PRESENT_CARD_TIMED_OUT": [
            "Betalning avbruten"
        ], 
        "ABORTED_PRESENT_CARD_TIMED_OUT.REFUND": [
            "Retur avbruten"
        ], 
        "ABORTED_PRESENT_CARD_TIMED_OUT.VERIFICATION": [
            "Verification aborted"
        ], 
        "ACCEPTED": [
            "Payment accepted"
        ], 
        "ACCEPTED.REFUND": [
            "Refund accepted"
        ], 
        "ACCEPTED_WAITING_FOR_SUBMISSION": [
            "Payment accepted"
        ], 
        "ACCEPTED_WAITING_FOR_SUBMISSION.REFUND": [
            "Refund accepted"
        ], 
        "APPROVED": [
            "Betalning godkänt"
        ], 
        "APPROVED.REFUND": [
            "Retur godkänt"
        ], 
        "APPROVED.VERIFICATION": [
            "Verification successful"
        ], 
        "DECLINED": [
            "Avböjt"
        ], 
        "DECLINED.VERIFICATION": [
            "Cannot validate"
        ], 
        "DECLINED_CARD_EXPIRED": [
            "Avvisad - Kort har gått ut"
        ], 
        "DECLINED_CARD_INVALID_PAN": [
            "Avvisad - Ogiltigt kort"
        ], 
        "DECLINED_CARD_INVALID_SCHEME": [
            "Avvisad - Kort inte tillåtet"
        ], 
        "DECLINED_CARD_OR_TERMINAL_DECLINED": [
            "Avvisad"
        ], 
        "DECLINED_CARD_STOLEN": [
            "Avvisad - Kort stulet, ta upp"
        ], 
        "DECLINED_CARD_USE_ORIGINAL": [
            "Avvisad - Använd originalkort"
        ], 
        "DECLINED_INVALID_TERMINAL": [
            "Betalning inte möjlig"
        ], 
        "DECLINED_INVALID_TERMINAL_CONFIG": [
            "Betalning inte möjlig"
        ], 
        "DECLINED_INVALID_TERMINAL_SOFTWARE": [
            "Betalning inte möjlig"
        ], 
        "DECLINED_PIN_WRONG": [
            "Avvisad - fel PIN"
        ], 
        "DECLINED_PIN_WRONG_TOO_OFTEN": [
            "Avvisad fel PIN angiven för många gånger"
        ], 
        "DECLINED_PROCESSOR": [
            "Avvisad"
        ], 
        "DECLINED_PROCESSOR_EXCEEDS_WITHDRAWAL_COUNT_LIMIT": [
            "Avvisad"
        ], 
        "DECLINED_PROCESSOR_UNCAPTURED_CHARGES_NOT_SUPPORTED": [
            "Avvisad"
        ], 
        "DECLINED_SESSION_EXPIRED": [
            "Betalning inte möjlig"
        ], 
        "DECLINED_PROCESSOR_INCONSISTENT_STATE": [
            "Avvisad"
        ], 
        "DECLINED_MALFORMED_REQUEST": [
            "Avvisad"
        ], 
        "DECLINED_MANIPULATION_SUSPECTED": [
            "Avvisad - Möjlig manipulering"
        ], 
        "DECLINED_CARD_BLOCKED": [
            "Avvisad - Kort inte tillåtet"
        ], 
        "DECLINED_INSUFFICIENT_FUNDS": [
            "Avvisad - Inte tillräckligt med pengar"
        ], 
        "DECLINED_TRANSACTION_FREQUENCY_EXCEEDED": [
            "Avvisad - För många betalningar"
        ], 
        "DECLINED_CARD_LOST": [
            "Avvisad - Förlorat kort"
        ], 
        "DECLINED_INVALID_SCHEME": [
            "Avvisad - Kort inte tillåtet"
        ], 
        "DECLINED_INVALID_AMOUNT": [
            "Avvisad - Belopp inte tillåtet"
        ], 
        "DECLINED_INVALID_CONFIGURATION": [
            "Avvisad - Fel konfiguration"
        ], 
        "DECLINED_DUPLICATE_TRANSACTION": [
            "Avvisad - Transaktion pågår"
        ], 
        "DECLINED_INVALID_WORKFLOW": [
            "Avvisad"
        ], 
        "DECLINED_PROCESSOR_CARD_EXPIRED": [
            "Avvisad - Kort har gått ut"
        ], 
        "DECLINED_PROCESSOR_REFUND_NOT_POSSIBLE": [
            "Avvisad - Återköp inte möjligt"
        ], 
        "DECLINED_PROCESSOR_TEMPORARILY_BLACKLISTED": [
            "Avvisad - För många försök"
        ], 
        "DECLINED_AMOUNT_EXCEEDS_LIMIT": [
            "Avvisad Beloppet överskrider maxgränsen"
        ], 
        "DECLINED_MERCHANT_REJECTED": [
            "Declined - Merchant rejected"
        ], 
        "ERROR": [
            "Bearbetningsfel"
        ], 
        "ERROR_APPROVED_OFFLINE": [
            "Fel (Terminal approval)"
        ], 
        "ERROR_TRANSACTION_UNABLE_TO_PERSIST": [
            "Error (Storage)"
        ], 
        "ERROR_TRANSACTION_PENDING_MANUAL_REVIEW": [
            "Error (Reviewed manually)"
        ], 
        "ERROR_SERVER_INVALID_TRANSACTION_TYPE": [
            "Error (Invalid transaction)"
        ], 
        "ERROR_SERVER_INVALID_TRANSACTION_STATUS": [
            "Error (Invalid transaction)"
        ], 
        "ERROR_SERVER_INVALID_TRANSACTION": [
            "Error (Invalid transaction)"
        ], 
        "ERROR_SERVER_INVALID_REFUND_AMOUNT": [
            "Error (Invalid transaction)"
        ], 
        "ERROR_SERVER_MALFORMED_REQUEST": [
            "Fel (Malformed request)"
        ], 
        "ERROR_PROCESSOR_MALFORMED_REQUEST": [
            "Fel ((Malformed Request)"
        ], 
        "ERROR_PROCESSOR_INVALID_FORMAT": [
            "Fel (Invalid data)"
        ], 
        "ERROR_PROCESSOR_INVALID_NONCE": [
            "Fel (Invalid data)"
        ], 
        "ERROR_PROCESSOR_INVALID_SESSION": [
            "Fel (Invalid data)"
        ], 
        "ERROR_PROCESSOR_INVALID_STATUS": [
            "Fel (Invalid data)"
        ], 
        "ERROR_PROCESSOR_MISSING_SESSION": [
            "Fel (Invalid data)"
        ], 
        "ERROR_PROCESSOR_CONNECTION_ERROR": [
            "Fel (Connection error)"
        ], 
        "ERROR_SESSION_TIMEOUT": [
            "Fel (Session timeout)"
        ], 
        "ERROR_TERMINAL_ERROR": [
            "Fel (Terminal error)"
        ], 
        "ERROR_TERMINAL_BATTERY_LOW": [
            "Error (Please charge battery)"
        ], 
        "ERROR_SERVER_INVALID_RESPONSE": [
            "Fel (Invalid response)"
        ], 
        "ERROR_SERVER_UNAVAILABLE": [
            "Fel (Server unavailable)"
        ], 
        "ERROR_SERVER_TIMEOUT": [
            "Fel (Server timeout)"
        ], 
        "ERROR_SERVER_AUTHENTICATION_FAILED": [
            "Fel (Authenticaton failed)"
        ], 
        "ERROR_SERVER_PINNING_FAILED": [
            "Fel (Pinning failed)"
        ], 
        "ERROR_SERVER_ACCESSORY_DEACTIVATED": [
            "Fel (Terminal deactivated)"
        ], 
        "ERROR_SERVER_ACCESSORY_NOT_ASSIGNED_TO_MERCHANT": [
            "Fel (Terminal not assigned)"
        ], 
        "ERROR_TERMINAL_TIMEOUT": [
            "Fel (Terminal timeout)"
        ], 
        "ERROR_PROCESSOR_FAILED_INCONSISTENT_STATE_UNRESOLVED": [
            "Fel (Inconsistent state)"
        ], 
        "ERROR_PROCESSOR_FAILED_INCONSISTENT_STATE_RESOLVED": [
            "Fel (Inconsistent state)"
        ], 
        "ERROR_PROCESSOR_PAYMENT_DETAILS_EXTRACTION_FAILED": [
            "Fel (Invalid data)"
        ], 
        "ERROR_PROCESSOR_INVALID_PAYMENT_DETAILS": [
            "Fel (Invalid data)"
        ], 
        "ERROR_PROCESSOR_INVALID_CONFIGURATION": [
            "Fel (Invalid configuration)"
        ], 
        "ERROR_PROCESSOR_TRANSACTION_ALREADY_IN_PROGRESS": [
            "Fel (Transaction ongoing)"
        ], 
        "ERROR_PROCESSOR_CONNECTION_NO_RESPONSE": [
            "Fel (No response)"
        ], 
        "NONE": [
            ""
        ], 
        "PENDING": [
            "Bearbetar betalning..."
        ], 
        "PENDING.REFUND": [
            "Bearbetar retur..."
        ], 
        "PENDING.VERIFICATION": [
            "Processing verification..."
        ], 
        "PENDING_WAITING_FOR_FINALIZATION": [
            "Bearbetar betalning..."
        ], 
        "PENDING_WAITING_FOR_FINALIZATION.REFUND": [
            "Bearbetar retur..."
        ], 
        "PENDING_WAITING_FOR_FINALIZATION.VERIFICATION": [
            "Processing verification..."
        ], 
        "PENDING_WAITING_FOR_EXECUTION": [
            "Bearbetar betalning..."
        ], 
        "PENDING_WAITING_FOR_EXECUTION.REFUND": [
            "Bearbetar retur..."
        ], 
        "PENDING_WAITING_FOR_EXECUTION.VERIFICATION": [
            "Processing verification..."
        ]
    }
}