{
    "info": {
        "columns": 40, 
        "locale": "cs_CZ", 
        "rows": 1
    }, 
    "localization": {
        "ABORTED": [
            "Platba přerušena"
        ], 
        "ABORTED.REFUND": [
            "Vrácení peněz přerušeno"
        ], 
        "ABORTED.VERIFICATION": [
            "Verification aborted"
        ], 
        "ABORTED_MERCHANT_ABORTED": [
            "Platba přerušena"
        ], 
        "ABORTED_MERCHANT_ABORTED.REFUND": [
            "Vrácení peněz přerušeno"
        ], 
        "ABORTED_MERCHANT_ABORTED.VERIFICATION": [
            "Verification aborted"
        ], 
        "ABORTED_SHOPPER_ABORTED": [
            "Platba přerušena"
        ], 
        "ABORTED_SHOPPER_ABORTED.REFUND": [
            "Vrácení peněz přerušeno"
        ], 
        "ABORTED_SHOPPER_ABORTED.VERIFICATION": [
            "Verification aborted"
        ], 
        "ABORTED_SHOPPER_REMOVED_CARD": [
            "Platba přerušena"
        ], 
        "ABORTED_SHOPPER_REMOVED_CARD.REFUND": [
            "Vrácení peněz přerušeno"
        ], 
        "ABORTED_SHOPPER_REMOVED_CARD.VERIFICATION": [
            "Verification aborted"
        ], 
        "ABORTED_PRESENT_CARD_TIMED_OUT": [
            "Platba přerušena"
        ], 
        "ABORTED_PRESENT_CARD_TIMED_OUT.REFUND": [
            "Vrácení peněz přerušeno"
        ], 
        "ABORTED_PRESENT_CARD_TIMED_OUT.VERIFICATION": [
            "Verification aborted"
        ], 
        "ACCEPTED": [
            "Platba přijata"
        ], 
        "ACCEPTED.REFUND": [
            "Refund accepted"
        ], 
        "ACCEPTED_WAITING_FOR_SUBMISSION": [
            "Platba přijata"
        ], 
        "ACCEPTED_WAITING_FOR_SUBMISSION.REFUND": [
            "Refund accepted"
        ], 
        "APPROVED": [
            "Platba schválena"
        ], 
        "APPROVED.REFUND": [
            "Vrácení peněz schváleno"
        ], 
        "APPROVED.VERIFICATION": [
            "Verification successful"
        ], 
        "DECLINED": [
            "Zamítnuto"
        ], 
        "DECLINED.VERIFICATION": [
            "Cannot validate"
        ], 
        "DECLINED_CARD_EXPIRED": [
            "Zamítnuto – platnost karty vypršela"
        ], 
        "DECLINED_CARD_INVALID_PAN": [
            "Zamítnuto – neplatná karta"
        ], 
        "DECLINED_CARD_INVALID_SCHEME": [
            "Zamítnuto – karta nepovolena"
        ], 
        "DECLINED_CARD_OR_TERMINAL_DECLINED": [
            "Zamítnuto"
        ], 
        "DECLINED_CARD_STOLEN": [
            "Zamítnuto – ukradená karta"
        ], 
        "DECLINED_CARD_USE_ORIGINAL": [
            "Zamítnuto – použijte originální kartu"
        ], 
        "DECLINED_INVALID_TERMINAL": [
            "Platba není možná"
        ], 
        "DECLINED_INVALID_TERMINAL_CONFIG": [
            "Platba není možná"
        ], 
        "DECLINED_INVALID_TERMINAL_SOFTWARE": [
            "Platba není možná"
        ], 
        "DECLINED_PIN_WRONG": [
            "Zamítnuto – chybný PIN"
        ], 
        "DECLINED_PIN_WRONG_TOO_OFTEN": [
            "Zamítnuto - Příliš mnoho chyb"
        ], 
        "DECLINED_PROCESSOR": [
            "Zamítnuto"
        ], 
        "DECLINED_PROCESSOR_EXCEEDS_WITHDRAWAL_COUNT_LIMIT": [
            "Zamítnuto"
        ], 
        "DECLINED_PROCESSOR_UNCAPTURED_CHARGES_NOT_SUPPORTED": [
            "Zamítnuto"
        ], 
        "DECLINED_SESSION_EXPIRED": [
            "Platba není možná"
        ], 
        "DECLINED_PROCESSOR_INCONSISTENT_STATE": [
            "Zamítnuto"
        ], 
        "DECLINED_MALFORMED_REQUEST": [
            "Zamítnuto"
        ], 
        "DECLINED_MANIPULATION_SUSPECTED": [
            "Zamítnuto – možná manipulace"
        ], 
        "DECLINED_CARD_BLOCKED": [
            "Zamítnuto – karta nepovolena"
        ], 
        "DECLINED_INSUFFICIENT_FUNDS": [
            "Zamítnuto – nedostatek prostředků"
        ], 
        "DECLINED_TRANSACTION_FREQUENCY_EXCEEDED": [
            "Zamítnuto – příliš mnoho plateb"
        ], 
        "DECLINED_CARD_LOST": [
            "Zamítnuto – ztracená karta"
        ], 
        "DECLINED_INVALID_SCHEME": [
            "Zamítnuto – karta nepovolena"
        ], 
        "DECLINED_INVALID_AMOUNT": [
            "Zamítnuto – částka nepovolena"
        ], 
        "DECLINED_INVALID_CONFIGURATION": [
            "Zamítnuto – chybná konfigurace"
        ], 
        "DECLINED_DUPLICATE_TRANSACTION": [
            "Zamítnuto – pokračující transakce"
        ], 
        "DECLINED_INVALID_WORKFLOW": [
            "Zamítnuto"
        ], 
        "DECLINED_PROCESSOR_CARD_EXPIRED": [
            "Zamítnuto – platnost karty vypršela"
        ], 
        "DECLINED_PROCESSOR_REFUND_NOT_POSSIBLE": [
            "Zamítnuto – vrácení peněz není možné"
        ], 
        "DECLINED_PROCESSOR_TEMPORARILY_BLACKLISTED": [
            "Zamítnuto – příliš mnoho pokusů"
        ], 
        "DECLINED_AMOUNT_EXCEEDS_LIMIT": [
            "Zamítnuto – částka překračuje limit"
        ], 
        "DECLINED_MERCHANT_REJECTED": [
            "Declined - Merchant rejected"
        ], 
        "ERROR": [
            "Chyba při zpracování"
        ], 
        "ERROR_APPROVED_OFFLINE": [
            "Chyba (Terminal approval)"
        ], 
        "ERROR_TRANSACTION_UNABLE_TO_PERSIST": [
            "Chyba (Storage)"
        ], 
        "ERROR_TRANSACTION_PENDING_MANUAL_REVIEW": [
            "Chyba (Review manually)"
        ], 
        "ERROR_SERVER_INVALID_TRANSACTION_TYPE": [
            "Chyba (Invalid transaction)"
        ], 
        "ERROR_SERVER_INVALID_TRANSACTION_STATUS": [
            "Chyba (Invalid transaction)"
        ], 
        "ERROR_SERVER_INVALID_TRANSACTION": [
            "Chyba (Invalid transaction)"
        ], 
        "ERROR_SERVER_INVALID_REFUND_AMOUNT": [
            "Chyba (Invalid transaction)"
        ], 
        "ERROR_SERVER_MALFORMED_REQUEST": [
            "Chyba (Malformed request)"
        ], 
        "ERROR_PROCESSOR_MALFORMED_REQUEST": [
            "Chyba (Malformed request)"
        ], 
        "ERROR_PROCESSOR_INVALID_FORMAT": [
            "Chyba (Invalid data)"
        ], 
        "ERROR_PROCESSOR_INVALID_NONCE": [
            "Chyba (Invalid data)"
        ], 
        "ERROR_PROCESSOR_INVALID_SESSION": [
            "Chyba (Invalid data)"
        ], 
        "ERROR_PROCESSOR_INVALID_STATUS": [
            "Chyba (Invalid data)"
        ], 
        "ERROR_PROCESSOR_MISSING_SESSION": [
            "Chyba (Invalid data)"
        ], 
        "ERROR_PROCESSOR_CONNECTION_ERROR": [
            "Chyba (Connection error)"
        ], 
        "ERROR_SESSION_TIMEOUT": [
            "Chyba (Session timeout)"
        ], 
        "ERROR_TERMINAL_ERROR": [
            "Chyba (Terminal error)"
        ], 
        "ERROR_TERMINAL_BATTERY_LOW": [
            "Chyba (Nabijte prosím baterii)"
        ], 
        "ERROR_SERVER_INVALID_RESPONSE": [
            "Chyba (Invalid response)"
        ], 
        "ERROR_SERVER_UNAVAILABLE": [
            "Chyba (Server unavailable)"
        ], 
        "ERROR_SERVER_TIMEOUT": [
            "Chyba (Server timeout)"
        ], 
        "ERROR_SERVER_AUTHENTICATION_FAILED": [
            "Chyba (Authenticaton failed)"
        ], 
        "ERROR_SERVER_PINNING_FAILED": [
            "Chyba (Pinning failed)"
        ], 
        "ERROR_SERVER_ACCESSORY_DEACTIVATED": [
            "Chyba (Terminal deactivated)"
        ], 
        "ERROR_SERVER_ACCESSORY_NOT_ASSIGNED_TO_MERCHANT": [
            "Chyba (Terminal not assigned)"
        ], 
        "ERROR_TERMINAL_TIMEOUT": [
            "Chyba (Terminal timeout)"
        ], 
        "ERROR_PROCESSOR_FAILED_INCONSISTENT_STATE_UNRESOLVED": [
            "Chyba (Inconsistent state)"
        ], 
        "ERROR_PROCESSOR_FAILED_INCONSISTENT_STATE_RESOLVED": [
            "Chyba (Inconsistent state)"
        ], 
        "ERROR_PROCESSOR_PAYMENT_DETAILS_EXTRACTION_FAILED": [
            "Chyba (Invalid data)"
        ], 
        "ERROR_PROCESSOR_INVALID_PAYMENT_DETAILS": [
            "Chyba (Invalid data)"
        ], 
        "ERROR_PROCESSOR_INVALID_CONFIGURATION": [
            "Chyba (Invalid configuration)"
        ], 
        "ERROR_PROCESSOR_TRANSACTION_ALREADY_IN_PROGRESS": [
            "Chyba (Transaction ongoing)"
        ], 
        "ERROR_PROCESSOR_CONNECTION_NO_RESPONSE": [
            "Chyba (No response)"
        ], 
        "NONE": [
            ""
        ], 
        "PENDING": [
            "Platba se zpracovává..."
        ], 
        "PENDING.REFUND": [
            "Vrácení peněz se zpracovává..."
        ], 
        "PENDING.VERIFICATION": [
            "Processing verification..."
        ], 
        "PENDING_WAITING_FOR_FINALIZATION": [
            "Platba se zpracovává..."
        ], 
        "PENDING_WAITING_FOR_FINALIZATION.REFUND": [
            "Vrácení peněz se zpracovává..."
        ], 
        "PENDING_WAITING_FOR_FINALIZATION.VERIFICATION": [
            "Processing verification..."
        ], 
        "PENDING_WAITING_FOR_EXECUTION": [
            "Platba se zpracovává..."
        ], 
        "PENDING_WAITING_FOR_EXECUTION.REFUND": [
            "Vrácení peněz se zpracovává..."
        ], 
        "PENDING_WAITING_FOR_EXECUTION.VERIFICATION": [
            "Processing verification..."
        ]
    }
}