{
    "info": {
        "columns": 40, 
        "locale": "fi_FI", 
        "rows": 1
    }, 
    "localization": {
        "ABORTED": [
            "Maksu keskeytetty"
        ], 
        "ABORTED.REFUND": [
            "Palautus keskeytetty"
        ], 
        "ABORTED.VERIFICATION": [
            "Verification aborted"
        ], 
        "ABORTED_MERCHANT_ABORTED": [
            "Maksu keskeytetty"
        ], 
        "ABORTED_MERCHANT_ABORTED.REFUND": [
            "Palautus keskeytetty"
        ], 
        "ABORTED_MERCHANT_ABORTED.VERIFICATION": [
            "Verification aborted"
        ], 
        "ABORTED_SHOPPER_ABORTED": [
            "Maksu keskeytetty"
        ], 
        "ABORTED_SHOPPER_ABORTED.REFUND": [
            "Palautus keskeytetty"
        ], 
        "ABORTED_SHOPPER_ABORTED.VERIFICATION": [
            "Verification aborted"
        ], 
        "ABORTED_SHOPPER_REMOVED_CARD": [
            "Maksu keskeytetty"
        ], 
        "ABORTED_SHOPPER_REMOVED_CARD.REFUND": [
            "Palautus keskeytetty"
        ], 
        "ABORTED_SHOPPER_REMOVED_CARD.VERIFICATION": [
            "Verification aborted"
        ], 
        "ABORTED_PRESENT_CARD_TIMED_OUT": [
            "Maksu keskeytetty"
        ], 
        "ABORTED_PRESENT_CARD_TIMED_OUT.REFUND": [
            "Palautus keskeytetty"
        ], 
        "ABORTED_PRESENT_CARD_TIMED_OUT.VERIFICATION": [
            "Verification aborted"
        ], 
        "ACCEPTED": [
            "Payment accepted"
        ], 
        "ACCEPTED.REFUND": [
            "Refund accepted"
        ], 
        "ACCEPTED_WAITING_FOR_SUBMISSION": [
            "Payment accepted"
        ], 
        "ACCEPTED_WAITING_FOR_SUBMISSION.REFUND": [
            "Refund accepted"
        ], 
        "APPROVED": [
            "Maksu hyväksytty"
        ], 
        "APPROVED.REFUND": [
            "Palautus hyväksytty"
        ], 
        "APPROVED.VERIFICATION": [
            "Verification successful"
        ], 
        "DECLINED": [
            "Hylätty"
        ], 
        "DECLINED.VERIFICATION": [
            "Cannot validate"
        ], 
        "DECLINED_CARD_EXPIRED": [
            "Hylätty - Vanhentunut kortti"
        ], 
        "DECLINED_CARD_INVALID_PAN": [
            "Hylätty - Virheellinen kortti"
        ], 
        "DECLINED_CARD_INVALID_SCHEME": [
            "Hylätty - Kortti ei sallittu"
        ], 
        "DECLINED_CARD_OR_TERMINAL_DECLINED": [
            "Hylätty"
        ], 
        "DECLINED_CARD_STOLEN": [
            "Hylätty - Varastettu, ota kortti"
        ], 
        "DECLINED_CARD_USE_ORIGINAL": [
            "Hylätty - Käytä alkuperäistä korttia"
        ], 
        "DECLINED_INVALID_TERMINAL": [
            "Maksu ei onnistu"
        ], 
        "DECLINED_INVALID_TERMINAL_CONFIG": [
            "Maksu ei onnistu"
        ], 
        "DECLINED_INVALID_TERMINAL_SOFTWARE": [
            "Maksu ei onnistu"
        ], 
        "DECLINED_PIN_WRONG": [
            "Hylätty - Väärä PIN-koodi"
        ], 
        "DECLINED_PIN_WRONG_TOO_OFTEN": [
            "Hylätty - Väärä PIN-koodi liian usein"
        ], 
        "DECLINED_PROCESSOR": [
            "Hylätty"
        ], 
        "DECLINED_PROCESSOR_EXCEEDS_WITHDRAWAL_COUNT_LIMIT": [
            "Hylätty"
        ], 
        "DECLINED_PROCESSOR_UNCAPTURED_CHARGES_NOT_SUPPORTED": [
            "Hylätty"
        ], 
        "DECLINED_SESSION_EXPIRED": [
            "Maksu ei onnistu"
        ], 
        "DECLINED_PROCESSOR_INCONSISTENT_STATE": [
            "Hylätty"
        ], 
        "DECLINED_MALFORMED_REQUEST": [
            "Hylätty"
        ], 
        "DECLINED_MANIPULATION_SUSPECTED": [
            "Hylätty - Mahd. manipuloitu"
        ], 
        "DECLINED_CARD_BLOCKED": [
            "Hylätty - Kortti ei sallittu"
        ], 
        "DECLINED_INSUFFICIENT_FUNDS": [
            "Hylätty - Riittämätön kate"
        ], 
        "DECLINED_TRANSACTION_FREQUENCY_EXCEEDED": [
            "Hylätty - Liian monta maksua"
        ], 
        "DECLINED_CARD_LOST": [
            "Hylätty - Kadonnut kortti"
        ], 
        "DECLINED_INVALID_SCHEME": [
            "Hylätty - Kortti ei sallittu"
        ], 
        "DECLINED_INVALID_AMOUNT": [
            "Hylätty - Summa ei sallittu"
        ], 
        "DECLINED_INVALID_CONFIGURATION": [
            "Hylätty - Väärä konfiguraatio"
        ], 
        "DECLINED_DUPLICATE_TRANSACTION": [
            "Hylätty - Tapahtuma käynnissä"
        ], 
        "DECLINED_INVALID_WORKFLOW": [
            "Hylätty"
        ], 
        "DECLINED_PROCESSOR_CARD_EXPIRED": [
            "Hylätty - Vanhentunut kortti"
        ], 
        "DECLINED_PROCESSOR_REFUND_NOT_POSSIBLE": [
            "Hylätty - Palautus ei onnistu"
        ], 
        "DECLINED_PROCESSOR_TEMPORARILY_BLACKLISTED": [
            "Hylätty - Liian monta yritystä"
        ], 
        "DECLINED_AMOUNT_EXCEEDS_LIMIT": [
            "Hylätty - Summa ylittää rajan"
        ], 
        "DECLINED_MERCHANT_REJECTED": [
            "Declined - Merchant rejected"
        ], 
        "ERROR": [
            "Käsittelyvirhe"
        ], 
        "ERROR_APPROVED_OFFLINE": [
            "Virhe (Terminal approval)"
        ], 
        "ERROR_TRANSACTION_UNABLE_TO_PERSIST": [
            "Error (Storage)"
        ], 
        "ERROR_TRANSACTION_PENDING_MANUAL_REVIEW": [
            "Error (Reviewed manually)"
        ], 
        "ERROR_SERVER_INVALID_TRANSACTION_TYPE": [
            "Error (Invalid transaction)"
        ], 
        "ERROR_SERVER_INVALID_TRANSACTION_STATUS": [
            "Error (Invalid transaction)"
        ], 
        "ERROR_SERVER_INVALID_TRANSACTION": [
            "Error (Invalid transaction)"
        ], 
        "ERROR_SERVER_INVALID_REFUND_AMOUNT": [
            "Error (Invalid transaction)"
        ], 
        "ERROR_SERVER_MALFORMED_REQUEST": [
            "Virhe (Malformed request)"
        ], 
        "ERROR_PROCESSOR_MALFORMED_REQUEST": [
            "Virhe (Malformed request)"
        ], 
        "ERROR_PROCESSOR_INVALID_FORMAT": [
            "Virhe (Invalid data)"
        ], 
        "ERROR_PROCESSOR_INVALID_NONCE": [
            "Virhe (Invalid data)"
        ], 
        "ERROR_PROCESSOR_INVALID_SESSION": [
            "Virhe (Invalid data)"
        ], 
        "ERROR_PROCESSOR_INVALID_STATUS": [
            "Virhe (Invalid data)"
        ], 
        "ERROR_PROCESSOR_MISSING_SESSION": [
            "Virhe (Invalid data)"
        ], 
        "ERROR_PROCESSOR_CONNECTION_ERROR": [
            "Virhe (Connection error)"
        ], 
        "ERROR_SESSION_TIMEOUT": [
            "Virhe (Session timeout)"
        ], 
        "ERROR_TERMINAL_ERROR": [
            "Virhe (Terminal error)"
        ], 
        "ERROR_TERMINAL_BATTERY_LOW": [
            "Error (Please charge battery)"
        ], 
        "ERROR_SERVER_INVALID_RESPONSE": [
            "Virhe (Invalid response)"
        ], 
        "ERROR_SERVER_UNAVAILABLE": [
            "Virhe (Server unavailable)"
        ], 
        "ERROR_SERVER_TIMEOUT": [
            "Virhe (Server timeout)"
        ], 
        "ERROR_SERVER_AUTHENTICATION_FAILED": [
            "Virhe (Authenticaton failed)"
        ], 
        "ERROR_SERVER_PINNING_FAILED": [
            "Virhe (Pinning failed)"
        ], 
        "ERROR_SERVER_ACCESSORY_DEACTIVATED": [
            "Virhe (Terminal deactivated)"
        ], 
        "ERROR_SERVER_ACCESSORY_NOT_ASSIGNED_TO_MERCHANT": [
            "Virhe (Terminal not assigned)"
        ], 
        "ERROR_TERMINAL_TIMEOUT": [
            "Virhe (Terminal timeout)"
        ], 
        "ERROR_PROCESSOR_FAILED_INCONSISTENT_STATE_UNRESOLVED": [
            "Virhe (Inconsistent state)"
        ], 
        "ERROR_PROCESSOR_FAILED_INCONSISTENT_STATE_RESOLVED": [
            "Virhe (Inconsistent state)"
        ], 
        "ERROR_PROCESSOR_PAYMENT_DETAILS_EXTRACTION_FAILED": [
            "Virhe (Invalid data)"
        ], 
        "ERROR_PROCESSOR_INVALID_PAYMENT_DETAILS": [
            "Virhe (Invalid data)"
        ], 
        "ERROR_PROCESSOR_INVALID_CONFIGURATION": [
            "Virhe (Invalid configuration)"
        ], 
        "ERROR_PROCESSOR_TRANSACTION_ALREADY_IN_PROGRESS": [
            "Virhe (Transaction ongoing)"
        ], 
        "ERROR_PROCESSOR_CONNECTION_NO_RESPONSE": [
            "Virhe (No response)"
        ], 
        "NONE": [
            ""
        ], 
        "PENDING": [
            "Käsitellään maksua..."
        ], 
        "PENDING.REFUND": [
            "Käsitellään palauttaa..."
        ], 
        "PENDING.VERIFICATION": [
            "Processing verification..."
        ], 
        "PENDING_WAITING_FOR_FINALIZATION": [
            "Käsitellään maksua..."
        ], 
        "PENDING_WAITING_FOR_FINALIZATION.REFUND": [
            "Käsitellään palauttaa..."
        ], 
        "PENDING_WAITING_FOR_FINALIZATION.VERIFICATION": [
            "Processing verification..."
        ], 
        "PENDING_WAITING_FOR_EXECUTION": [
            "Käsitellään maksua..."
        ], 
        "PENDING_WAITING_FOR_EXECUTION.REFUND": [
            "Käsitellään palauttaa..."
        ], 
        "PENDING_WAITING_FOR_EXECUTION.VERIFICATION": [
            "Processing verification..."
        ]
    }
}