{
    "info": {
        "columns": 40, 
        "locale": "fr_FR", 
        "rows": 1
    }, 
    "localization": {
        "ABORTED": [
            "Paiement interrompu"
        ], 
        "ABORTED.REFUND": [
            "Remboursement interrompu"
        ], 
        "ABORTED.VERIFICATION": [
            "Verification aborted"
        ], 
        "ABORTED_MERCHANT_ABORTED": [
            "Paiement interrompu"
        ], 
        "ABORTED_MERCHANT_ABORTED.REFUND": [
            "Remboursement interrompu"
        ], 
        "ABORTED_MERCHANT_ABORTED.VERIFICATION": [
            "Verification aborted"
        ], 
        "ABORTED_SHOPPER_ABORTED": [
            "Paiement interrompu"
        ], 
        "ABORTED_SHOPPER_ABORTED.REFUND": [
            "Remboursement interrompu"
        ], 
        "ABORTED_SHOPPER_ABORTED.VERIFICATION": [
            "Verification aborted"
        ], 
        "ABORTED_SHOPPER_REMOVED_CARD": [
            "Paiement interrompu"
        ], 
        "ABORTED_SHOPPER_REMOVED_CARD.REFUND": [
            "Remboursement interrompu"
        ], 
        "ABORTED_SHOPPER_REMOVED_CARD.VERIFICATION": [
            "Verification aborted"
        ], 
        "ABORTED_PRESENT_CARD_TIMED_OUT": [
            "Paiement interrompu"
        ], 
        "ABORTED_PRESENT_CARD_TIMED_OUT.REFUND": [
            "Remboursement interrompu"
        ], 
        "ABORTED_PRESENT_CARD_TIMED_OUT.VERIFICATION": [
            "Verification aborted"
        ], 
        "ACCEPTED": [
            "Payment accepted"
        ], 
        "ACCEPTED.REFUND": [
            "Refund accepted"
        ], 
        "ACCEPTED_WAITING_FOR_SUBMISSION": [
            "Payment accepted"
        ], 
        "ACCEPTED_WAITING_FOR_SUBMISSION.REFUND": [
            "Refund accepted"
        ], 
        "APPROVED": [
            "Paiement accepté"
        ], 
        "APPROVED.REFUND": [
            "Remboursement accepté"
        ], 
        "APPROVED.VERIFICATION": [
            "Verification successful"
        ], 
        "DECLINED": [
            "Refusé"
        ], 
        "DECLINED.VERIFICATION": [
            "Cannot validate"
        ], 
        "DECLINED_CARD_EXPIRED": [
            "Refusé - Carte périmée"
        ], 
        "DECLINED_CARD_INVALID_PAN": [
            "Refusé - Carte non valide"
        ], 
        "DECLINED_CARD_INVALID_SCHEME": [
            "Refusé - Carte non autorisée"
        ], 
        "DECLINED_CARD_OR_TERMINAL_DECLINED": [
            "Refusé"
        ], 
        "DECLINED_CARD_STOLEN": [
            "Refusé - Carte volée"
        ], 
        "DECLINED_CARD_USE_ORIGINAL": [
            "Refusé - Utiliser l'original"
        ], 
        "DECLINED_INVALID_TERMINAL": [
            "Paiement impossible"
        ], 
        "DECLINED_INVALID_TERMINAL_CONFIG": [
            "Paiement impossible"
        ], 
        "DECLINED_INVALID_TERMINAL_SOFTWARE": [
            "Paiement impossible"
        ], 
        "DECLINED_PIN_WRONG": [
            "Refusé - PIN incorrect"
        ], 
        "DECLINED_PIN_WRONG_TOO_OFTEN": [
            "Refusé - Erreur de PIN trop fréquente"
        ], 
        "DECLINED_PROCESSOR": [
            "Refusé"
        ], 
        "DECLINED_PROCESSOR_EXCEEDS_WITHDRAWAL_COUNT_LIMIT": [
            "Refusé"
        ], 
        "DECLINED_PROCESSOR_UNCAPTURED_CHARGES_NOT_SUPPORTED": [
            "Refusé"
        ], 
        "DECLINED_SESSION_EXPIRED": [
            "Paiement impossible"
        ], 
        "DECLINED_PROCESSOR_INCONSISTENT_STATE": [
            "Refusé"
        ], 
        "DECLINED_MALFORMED_REQUEST": [
            "Refusé"
        ], 
        "DECLINED_MANIPULATION_SUSPECTED": [
            "Refusé - Peut-être manipulé"
        ], 
        "DECLINED_CARD_BLOCKED": [
            "Refusé - Carte non autorisée"
        ], 
        "DECLINED_INSUFFICIENT_FUNDS": [
            "Refusé - Provision insuff."
        ], 
        "DECLINED_TRANSACTION_FREQUENCY_EXCEEDED": [
            "Refusé - Trop de paiements"
        ], 
        "DECLINED_CARD_LOST": [
            "Refusé - Carte perdue"
        ], 
        "DECLINED_INVALID_SCHEME": [
            "Refusé - Carte non autorisée"
        ], 
        "DECLINED_INVALID_AMOUNT": [
            "Refusé - Montant non autorisé"
        ], 
        "DECLINED_INVALID_CONFIGURATION": [
            "Refusé - Misconfiguration"
        ], 
        "DECLINED_DUPLICATE_TRANSACTION": [
            "Refusé - Transaction en cours"
        ], 
        "DECLINED_INVALID_WORKFLOW": [
            "Refusé"
        ], 
        "DECLINED_PROCESSOR_CARD_EXPIRED": [
            "Refusé - Carte périmée"
        ], 
        "DECLINED_PROCESSOR_REFUND_NOT_POSSIBLE": [
            "Refusé - Rembours. impossible"
        ], 
        "DECLINED_PROCESSOR_TEMPORARILY_BLACKLISTED": [
            "Refusé - Trop de tentatives"
        ], 
        "DECLINED_AMOUNT_EXCEEDS_LIMIT": [
            "Refusé - Limite dépassée"
        ], 
        "DECLINED_MERCHANT_REJECTED": [
            "Declined - Merchant rejected"
        ], 
        "ERROR": [
            "Erreur de traitement"
        ], 
        "ERROR_APPROVED_OFFLINE": [
            "Erreur (Terminal approval)"
        ], 
        "ERROR_TRANSACTION_UNABLE_TO_PERSIST": [
            "Error (Storage)"
        ], 
        "ERROR_TRANSACTION_PENDING_MANUAL_REVIEW": [
            "Error (Reviewed manually)"
        ], 
        "ERROR_SERVER_INVALID_TRANSACTION_TYPE": [
            "Error (Invalid transaction)"
        ], 
        "ERROR_SERVER_INVALID_TRANSACTION_STATUS": [
            "Error (Invalid transaction)"
        ], 
        "ERROR_SERVER_INVALID_TRANSACTION": [
            "Error (Invalid transaction)"
        ], 
        "ERROR_SERVER_INVALID_REFUND_AMOUNT": [
            "Error (Invalid transaction)"
        ], 
        "ERROR_SERVER_MALFORMED_REQUEST": [
            "Erreur (Malformed request)"
        ], 
        "ERROR_PROCESSOR_MALFORMED_REQUEST": [
            "Erreur (Malformed request)"
        ], 
        "ERROR_PROCESSOR_INVALID_FORMAT": [
            "Erreur (Invalid data)"
        ], 
        "ERROR_PROCESSOR_INVALID_NONCE": [
            "Erreur (Invalid data)"
        ], 
        "ERROR_PROCESSOR_INVALID_SESSION": [
            "Erreur (Invalid data)"
        ], 
        "ERROR_PROCESSOR_INVALID_STATUS": [
            "Erreur (Invalid data)"
        ], 
        "ERROR_PROCESSOR_MISSING_SESSION": [
            "Erreur (Invalid data)"
        ], 
        "ERROR_PROCESSOR_CONNECTION_ERROR": [
            "Erreur (Connection error)"
        ], 
        "ERROR_SESSION_TIMEOUT": [
            "Erreur (Session timeout)"
        ], 
        "ERROR_TERMINAL_ERROR": [
            "Erreur (Terminal error)"
        ], 
        "ERROR_TERMINAL_BATTERY_LOW": [
            "Error (Please charge battery)"
        ], 
        "ERROR_SERVER_INVALID_RESPONSE": [
            "Erreur (Invalid response)"
        ], 
        "ERROR_SERVER_UNAVAILABLE": [
            "Erreur (Server unavailable)"
        ], 
        "ERROR_SERVER_TIMEOUT": [
            "Erreur (Server timeout)"
        ], 
        "ERROR_SERVER_AUTHENTICATION_FAILED": [
            "Erreur (Authenticaton failed)"
        ], 
        "ERROR_SERVER_PINNING_FAILED": [
            "Erreur (Pinning failed)"
        ], 
        "ERROR_SERVER_ACCESSORY_DEACTIVATED": [
            "Erreur (Terminal deactivated)"
        ], 
        "ERROR_SERVER_ACCESSORY_NOT_ASSIGNED_TO_MERCHANT": [
            "Erreur (Terminal not assigned)"
        ], 
        "ERROR_TERMINAL_TIMEOUT": [
            "Erreur (Terminal timeout)"
        ], 
        "ERROR_PROCESSOR_FAILED_INCONSISTENT_STATE_UNRESOLVED": [
            "Erreur (Inconsistent state)"
        ], 
        "ERROR_PROCESSOR_FAILED_INCONSISTENT_STATE_RESOLVED": [
            "Erreur (Inconsistent state)"
        ], 
        "ERROR_PROCESSOR_PAYMENT_DETAILS_EXTRACTION_FAILED": [
            "Erreur (Invalid data)"
        ], 
        "ERROR_PROCESSOR_INVALID_PAYMENT_DETAILS": [
            "Erreur (Invalid data)"
        ], 
        "ERROR_PROCESSOR_INVALID_CONFIGURATION": [
            "Erreur (Invalid configuration)"
        ], 
        "ERROR_PROCESSOR_TRANSACTION_ALREADY_IN_PROGRESS": [
            "Erreur (Transaction ongoing)"
        ], 
        "ERROR_PROCESSOR_CONNECTION_NO_RESPONSE": [
            "Erreur (No response)"
        ], 
        "NONE": [
            ""
        ], 
        "PENDING": [
            "Traitement en cours..."
        ], 
        "PENDING.REFUND": [
            "Traitement en cours..."
        ], 
        "PENDING.VERIFICATION": [
            "Processing verification..."
        ], 
        "PENDING_WAITING_FOR_FINALIZATION": [
            "Traitement en cours..."
        ], 
        "PENDING_WAITING_FOR_FINALIZATION.REFUND": [
            "Traitement en cours..."
        ], 
        "PENDING_WAITING_FOR_FINALIZATION.VERIFICATION": [
            "Processing verification..."
        ], 
        "PENDING_WAITING_FOR_EXECUTION": [
            "Traitement en cours..."
        ], 
        "PENDING_WAITING_FOR_EXECUTION.REFUND": [
            "Traitement en cours..."
        ], 
        "PENDING_WAITING_FOR_EXECUTION.VERIFICATION": [
            "Processing verification..."
        ]
    }
}