{
    "info": {
        "columns": 40, 
        "locale": "lv_LV", 
        "rows": 1
    }, 
    "localization": {
        "ABORTED": [
            "Maksājums pārtraukts"
        ], 
        "ABORTED.REFUND": [
            "Atmaksa pārtraukta"
        ], 
        "ABORTED.VERIFICATION": [
            "Verification aborted"
        ], 
        "ABORTED_MERCHANT_ABORTED": [
            "Maksājums pārtraukts"
        ], 
        "ABORTED_MERCHANT_ABORTED.REFUND": [
            "Atmaksa pārtraukta"
        ], 
        "ABORTED_MERCHANT_ABORTED.VERIFICATION": [
            "Verification aborted"
        ], 
        "ABORTED_SHOPPER_ABORTED": [
            "Maksājums pārtraukts"
        ], 
        "ABORTED_SHOPPER_ABORTED.REFUND": [
            "Atmaksa pārtraukta"
        ], 
        "ABORTED_SHOPPER_ABORTED.VERIFICATION": [
            "Verification aborted"
        ], 
        "ABORTED_SHOPPER_REMOVED_CARD": [
            "Maksājums pārtraukts"
        ], 
        "ABORTED_SHOPPER_REMOVED_CARD.REFUND": [
            "Atmaksa pārtraukta"
        ], 
        "ABORTED_SHOPPER_REMOVED_CARD.VERIFICATION": [
            "Verification aborted"
        ], 
        "ABORTED_PRESENT_CARD_TIMED_OUT": [
            "Maksājums pārtraukts"
        ], 
        "ABORTED_PRESENT_CARD_TIMED_OUT.REFUND": [
            "Atmaksa pārtraukta"
        ], 
        "ABORTED_PRESENT_CARD_TIMED_OUT.VERIFICATION": [
            "Verification aborted"
        ], 
        "ACCEPTED": [
            "Maksājums pieņemts"
        ], 
        "ACCEPTED.REFUND": [
            "Refund accepted"
        ], 
        "ACCEPTED_WAITING_FOR_SUBMISSION": [
            "Maksājums pieņemts"
        ], 
        "ACCEPTED_WAITING_FOR_SUBMISSION.REFUND": [
            "Refund accepted"
        ], 
        "APPROVED": [
            "Maksājums apstiprināts"
        ], 
        "APPROVED.REFUND": [
            "Atmaksa apstiprināta"
        ], 
        "APPROVED.VERIFICATION": [
            "Verification successful"
        ], 
        "DECLINED": [
            "Noraidīts"
        ], 
        "DECLINED.VERIFICATION": [
            "Cannot validate"
        ], 
        "DECLINED_CARD_EXPIRED": [
            "Noraidīts – beidzies kartes derīgums"
        ], 
        "DECLINED_CARD_INVALID_PAN": [
            "Noraidīts – nederīga karte"
        ], 
        "DECLINED_CARD_INVALID_SCHEME": [
            "Noraidīts – karte nav atļauta"
        ], 
        "DECLINED_CARD_OR_TERMINAL_DECLINED": [
            "Noraidīts"
        ], 
        "DECLINED_CARD_STOLEN": [
            "Noraidīts – nozagta karte, paņemiet"
        ], 
        "DECLINED_CARD_USE_ORIGINAL": [
            "Noraidīts – izmantojiet oriģinālo karti"
        ], 
        "DECLINED_INVALID_TERMINAL": [
            "Maksājums nav iespējams"
        ], 
        "DECLINED_INVALID_TERMINAL_CONFIG": [
            "Maksājums nav iespējams"
        ], 
        "DECLINED_INVALID_TERMINAL_SOFTWARE": [
            "Maksājums nav iespējams"
        ], 
        "DECLINED_PIN_WRONG": [
            "Noraidīts – nepareizs PIN"
        ], 
        "DECLINED_PIN_WRONG_TOO_OFTEN": [
            "Noraidīts – pārāk bieži nepareizs PIN"
        ], 
        "DECLINED_PROCESSOR": [
            "Noraidīts"
        ], 
        "DECLINED_PROCESSOR_EXCEEDS_WITHDRAWAL_COUNT_LIMIT": [
            "Noraidīts"
        ], 
        "DECLINED_PROCESSOR_UNCAPTURED_CHARGES_NOT_SUPPORTED": [
            "Noraidīts"
        ], 
        "DECLINED_SESSION_EXPIRED": [
            "Maksājums nav iespējams"
        ], 
        "DECLINED_PROCESSOR_INCONSISTENT_STATE": [
            "Noraidīts"
        ], 
        "DECLINED_MALFORMED_REQUEST": [
            "Noraidīts"
        ], 
        "DECLINED_MANIPULATION_SUSPECTED": [
            "Noraidīts – iespējamas manipulācijas"
        ], 
        "DECLINED_CARD_BLOCKED": [
            "Noraidīts – karte nav atļauta"
        ], 
        "DECLINED_INSUFFICIENT_FUNDS": [
            "Noraidīts – nepietiek līdzekļu"
        ], 
        "DECLINED_TRANSACTION_FREQUENCY_EXCEEDED": [
            "Noraidīts – pārāk daudz maksājumu"
        ], 
        "DECLINED_CARD_LOST": [
            "Noraidīts – pazaudēta karte"
        ], 
        "DECLINED_INVALID_SCHEME": [
            "Noraidīts – karte nav atļauta"
        ], 
        "DECLINED_INVALID_AMOUNT": [
            "Noraidīts – summa nav atļauta"
        ], 
        "DECLINED_INVALID_CONFIGURATION": [
            "Noraidīts – nepareiza konfigurācija"
        ], 
        "DECLINED_DUPLICATE_TRANSACTION": [
            "Noraidīts – notiek darījums"
        ], 
        "DECLINED_INVALID_WORKFLOW": [
            "Noraidīts"
        ], 
        "DECLINED_PROCESSOR_CARD_EXPIRED": [
            "Noraidīts – beidzies kartes derīgums"
        ], 
        "DECLINED_PROCESSOR_REFUND_NOT_POSSIBLE": [
            "Noraidīts – atmaksa nav iespējama"
        ], 
        "DECLINED_PROCESSOR_TEMPORARILY_BLACKLISTED": [
            "Noraidīts – pārāk daudz mēģinājumu"
        ], 
        "DECLINED_AMOUNT_EXCEEDS_LIMIT": [
            "Noraidīts – summa pārsniedz ierobežojumu"
        ], 
        "DECLINED_MERCHANT_REJECTED": [
            "Declined - Merchant rejected"
        ], 
        "ERROR": [
            "Apstrādes kļūda"
        ], 
        "ERROR_APPROVED_OFFLINE": [
            "Kļūda (Terminal approval)"
        ], 
        "ERROR_TRANSACTION_UNABLE_TO_PERSIST": [
            "Kļūda (Storage)"
        ], 
        "ERROR_TRANSACTION_PENDING_MANUAL_REVIEW": [
            "Kļūda (Review manually)"
        ], 
        "ERROR_SERVER_INVALID_TRANSACTION_TYPE": [
            "Kļūda (Invalid transaction)"
        ], 
        "ERROR_SERVER_INVALID_TRANSACTION_STATUS": [
            "Kļūda (Invalid transaction)"
        ], 
        "ERROR_SERVER_INVALID_TRANSACTION": [
            "Kļūda (Invalid transaction)"
        ], 
        "ERROR_SERVER_INVALID_REFUND_AMOUNT": [
            "Kļūda (Invalid transaction)"
        ], 
        "ERROR_SERVER_MALFORMED_REQUEST": [
            "Kļūda (Malformed request)"
        ], 
        "ERROR_PROCESSOR_MALFORMED_REQUEST": [
            "Kļūda (Malformed request)"
        ], 
        "ERROR_PROCESSOR_INVALID_FORMAT": [
            "Kļūda (Invalid data)"
        ], 
        "ERROR_PROCESSOR_INVALID_NONCE": [
            "Kļūda (Invalid data)"
        ], 
        "ERROR_PROCESSOR_INVALID_SESSION": [
            "Kļūda (Invalid data)"
        ], 
        "ERROR_PROCESSOR_INVALID_STATUS": [
            "Kļūda (Invalid data)"
        ], 
        "ERROR_PROCESSOR_MISSING_SESSION": [
            "Kļūda (Invalid data)"
        ], 
        "ERROR_PROCESSOR_CONNECTION_ERROR": [
            "Kļūda (Connection error)"
        ], 
        "ERROR_SESSION_TIMEOUT": [
            "Kļūda (Session timeout)"
        ], 
        "ERROR_TERMINAL_ERROR": [
            "Kļūda (Terminal error)"
        ], 
        "ERROR_TERMINAL_BATTERY_LOW": [
            "Kļūda (Lūdzu  uzlādējiet akumulatoru)"
        ], 
        "ERROR_SERVER_INVALID_RESPONSE": [
            "Kļūda (Invalid response)"
        ], 
        "ERROR_SERVER_UNAVAILABLE": [
            "Kļūda (Server unavailable)"
        ], 
        "ERROR_SERVER_TIMEOUT": [
            "Kļūda (Server timeout)"
        ], 
        "ERROR_SERVER_AUTHENTICATION_FAILED": [
            "Kļūda (Authenticaton failed)"
        ], 
        "ERROR_SERVER_PINNING_FAILED": [
            "Kļūda (Pinning failed)"
        ], 
        "ERROR_SERVER_ACCESSORY_DEACTIVATED": [
            "Kļūda (Terminal deactivated)"
        ], 
        "ERROR_SERVER_ACCESSORY_NOT_ASSIGNED_TO_MERCHANT": [
            "Kļūda (Terminal not assigned)"
        ], 
        "ERROR_TERMINAL_TIMEOUT": [
            "Kļūda (Terminal timeout)"
        ], 
        "ERROR_PROCESSOR_FAILED_INCONSISTENT_STATE_UNRESOLVED": [
            "Kļūda (Inconsistent state)"
        ], 
        "ERROR_PROCESSOR_FAILED_INCONSISTENT_STATE_RESOLVED": [
            "Kļūda (Inconsistent state)"
        ], 
        "ERROR_PROCESSOR_PAYMENT_DETAILS_EXTRACTION_FAILED": [
            "Kļūda (Invalid data)"
        ], 
        "ERROR_PROCESSOR_INVALID_PAYMENT_DETAILS": [
            "Kļūda (Invalid data)"
        ], 
        "ERROR_PROCESSOR_INVALID_CONFIGURATION": [
            "Kļūda (Invalid configuration)"
        ], 
        "ERROR_PROCESSOR_TRANSACTION_ALREADY_IN_PROGRESS": [
            "Kļūda (Transaction ongoing)"
        ], 
        "ERROR_PROCESSOR_CONNECTION_NO_RESPONSE": [
            "Kļūda (No response)"
        ], 
        "NONE": [
            ""
        ], 
        "PENDING": [
            "Apstrādā maksājumu..."
        ], 
        "PENDING.REFUND": [
            "Apstrādā atmaksu..."
        ], 
        "PENDING.VERIFICATION": [
            "Processing verification..."
        ], 
        "PENDING_WAITING_FOR_FINALIZATION": [
            "Apstrādā maksājumu..."
        ], 
        "PENDING_WAITING_FOR_FINALIZATION.REFUND": [
            "Apstrādā atmaksu..."
        ], 
        "PENDING_WAITING_FOR_FINALIZATION.VERIFICATION": [
            "Processing verification..."
        ], 
        "PENDING_WAITING_FOR_EXECUTION": [
            "Apstrādā maksājumu..."
        ], 
        "PENDING_WAITING_FOR_EXECUTION.REFUND": [
            "Apstrādā atmaksu..."
        ], 
        "PENDING_WAITING_FOR_EXECUTION.VERIFICATION": [
            "Processing verification..."
        ]
    }
}