{
    "info": {
        "columns": 40, 
        "locale": "it_IT", 
        "rows": 1
    }, 
    "localization": {
        "ABORTED": [
            "Pagamento annullato"
        ], 
        "ABORTED.REFUND": [
            "Rimborso annullato"
        ], 
        "ABORTED.VERIFICATION": [
            "Verification aborted"
        ], 
        "ABORTED_MERCHANT_ABORTED": [
            "Pagamento annullato"
        ], 
        "ABORTED_MERCHANT_ABORTED.REFUND": [
            "Rimborso annullato"
        ], 
        "ABORTED_MERCHANT_ABORTED.VERIFICATION": [
            "Verification aborted"
        ], 
        "ABORTED_SHOPPER_ABORTED": [
            "Pagamento annullato"
        ], 
        "ABORTED_SHOPPER_ABORTED.REFUND": [
            "Rimborso annullato"
        ], 
        "ABORTED_SHOPPER_ABORTED.VERIFICATION": [
            "Verification aborted"
        ], 
        "ABORTED_SHOPPER_REMOVED_CARD": [
            "Pagamento annullato"
        ], 
        "ABORTED_SHOPPER_REMOVED_CARD.REFUND": [
            "Rimborso annullato"
        ], 
        "ABORTED_SHOPPER_REMOVED_CARD.VERIFICATION": [
            "Verification aborted"
        ], 
        "ABORTED_PRESENT_CARD_TIMED_OUT": [
            "Pagamento annullato"
        ], 
        "ABORTED_PRESENT_CARD_TIMED_OUT.REFUND": [
            "Rimborso annullato"
        ], 
        "ABORTED_PRESENT_CARD_TIMED_OUT.VERIFICATION": [
            "Verification aborted"
        ], 
        "ACCEPTED": [
            "Payment accepted"
        ], 
        "ACCEPTED.REFUND": [
            "Refund accepted"
        ], 
        "ACCEPTED_WAITING_FOR_SUBMISSION": [
            "Payment accepted"
        ], 
        "ACCEPTED_WAITING_FOR_SUBMISSION.REFUND": [
            "Refund accepted"
        ], 
        "APPROVED": [
            "Pagamento accettato"
        ], 
        "APPROVED.REFUND": [
            "Rimborso accettato"
        ], 
        "APPROVED.VERIFICATION": [
            "Verification successful"
        ], 
        "DECLINED": [
            "Rifiutato"
        ], 
        "DECLINED.VERIFICATION": [
            "Cannot validate"
        ], 
        "DECLINED_CARD_EXPIRED": [
            "Rifiutato - Carta scaduta"
        ], 
        "DECLINED_CARD_INVALID_PAN": [
            "Rifiutato - Carta non valida"
        ], 
        "DECLINED_CARD_INVALID_SCHEME": [
            "Rifiutato - Carta non autorizzata"
        ], 
        "DECLINED_CARD_OR_TERMINAL_DECLINED": [
            "Rifiutato"
        ], 
        "DECLINED_CARD_STOLEN": [
            "Rifiutato - Carta rubata"
        ], 
        "DECLINED_CARD_USE_ORIGINAL": [
            "Rifiutato - Utilizzare l'originale"
        ], 
        "DECLINED_INVALID_TERMINAL": [
            "Pagamento non possibile"
        ], 
        "DECLINED_INVALID_TERMINAL_CONFIG": [
            "Pagamento non possibile"
        ], 
        "DECLINED_INVALID_TERMINAL_SOFTWARE": [
            "Pagamento non possibile"
        ], 
        "DECLINED_PIN_WRONG": [
            "Rifiutato - PIN errato"
        ], 
        "DECLINED_PIN_WRONG_TOO_OFTEN": [
            "Rifiutato - PIN errato troppe volte"
        ], 
        "DECLINED_PROCESSOR": [
            "Rifiutato"
        ], 
        "DECLINED_PROCESSOR_EXCEEDS_WITHDRAWAL_COUNT_LIMIT": [
            "Rifiutato"
        ], 
        "DECLINED_PROCESSOR_UNCAPTURED_CHARGES_NOT_SUPPORTED": [
            "Rifiutato"
        ], 
        "DECLINED_SESSION_EXPIRED": [
            "Pagamento non possibile"
        ], 
        "DECLINED_PROCESSOR_INCONSISTENT_STATE": [
            "Rifiutato"
        ], 
        "DECLINED_MALFORMED_REQUEST": [
            "Rifiutato"
        ], 
        "DECLINED_MANIPULATION_SUSPECTED": [
            "Rifiutato - Forse manipolato"
        ], 
        "DECLINED_CARD_BLOCKED": [
            "Rifiutato - Carta non autorizzata"
        ], 
        "DECLINED_INSUFFICIENT_FUNDS": [
            "Rifiutato - Copertura insuff."
        ], 
        "DECLINED_TRANSACTION_FREQUENCY_EXCEEDED": [
            "Rifiutato - Troppi pagamenti"
        ], 
        "DECLINED_CARD_LOST": [
            "Rifiutato - Carta persa"
        ], 
        "DECLINED_INVALID_SCHEME": [
            "Rifiutato - Carta non autorizzata"
        ], 
        "DECLINED_INVALID_AMOUNT": [
            "Rifiutato - Importo vietata"
        ], 
        "DECLINED_INVALID_CONFIGURATION": [
            "Rifiutato - Errore di config."
        ], 
        "DECLINED_DUPLICATE_TRANSACTION": [
            "Rifiutato - Transazione in corso"
        ], 
        "DECLINED_INVALID_WORKFLOW": [
            "Rifiutato"
        ], 
        "DECLINED_PROCESSOR_CARD_EXPIRED": [
            "Rifiutato - Carta scaduta"
        ], 
        "DECLINED_PROCESSOR_REFUND_NOT_POSSIBLE": [
            "Rifiutato - Rimborso impossibile"
        ], 
        "DECLINED_PROCESSOR_TEMPORARILY_BLACKLISTED": [
            "Rifiutato - Troppi tentativi"
        ], 
        "DECLINED_AMOUNT_EXCEEDS_LIMIT": [
            "Rifiutato - Limite superato"
        ], 
        "DECLINED_MERCHANT_REJECTED": [
            "Declined - Merchant rejected"
        ], 
        "ERROR": [
            "Errore"
        ], 
        "ERROR_APPROVED_OFFLINE": [
            "Errore (Terminal approval)"
        ], 
        "ERROR_TRANSACTION_UNABLE_TO_PERSIST": [
            "Error (Storage)"
        ], 
        "ERROR_TRANSACTION_PENDING_MANUAL_REVIEW": [
            "Error (Reviewed manually)"
        ], 
        "ERROR_SERVER_INVALID_TRANSACTION_TYPE": [
            "Error (Invalid transaction)"
        ], 
        "ERROR_SERVER_INVALID_TRANSACTION_STATUS": [
            "Error (Invalid transaction)"
        ], 
        "ERROR_SERVER_INVALID_TRANSACTION": [
            "Error (Invalid transaction)"
        ], 
        "ERROR_SERVER_INVALID_REFUND_AMOUNT": [
            "Error (Invalid transaction)"
        ], 
        "ERROR_SERVER_MALFORMED_REQUEST": [
            "Errore (Malformed request)"
        ], 
        "ERROR_PROCESSOR_MALFORMED_REQUEST": [
            "Errore (Malformed request)"
        ], 
        "ERROR_PROCESSOR_INVALID_FORMAT": [
            "Errore (Invalid data)"
        ], 
        "ERROR_PROCESSOR_INVALID_NONCE": [
            "Errore (Invalid data)"
        ], 
        "ERROR_PROCESSOR_INVALID_SESSION": [
            "Errore (Invalid data)"
        ], 
        "ERROR_PROCESSOR_INVALID_STATUS": [
            "Errore (Invalid data)"
        ], 
        "ERROR_PROCESSOR_MISSING_SESSION": [
            "Errore (Invalid data)"
        ], 
        "ERROR_PROCESSOR_CONNECTION_ERROR": [
            "Errore (Connection error)"
        ], 
        "ERROR_SESSION_TIMEOUT": [
            "Errore (Session timeout)"
        ], 
        "ERROR_TERMINAL_ERROR": [
            "Errore (Terminal error)"
        ], 
        "ERROR_TERMINAL_BATTERY_LOW": [
            "Error (Please charge battery)"
        ], 
        "ERROR_SERVER_INVALID_RESPONSE": [
            "Errore (Invalid response)"
        ], 
        "ERROR_SERVER_UNAVAILABLE": [
            "Errore (Server unavailable)"
        ], 
        "ERROR_SERVER_TIMEOUT": [
            "Errore (Server timeout)"
        ], 
        "ERROR_SERVER_AUTHENTICATION_FAILED": [
            "Errore (Authenticaton failed)"
        ], 
        "ERROR_SERVER_PINNING_FAILED": [
            "Errore (Pinning failed)"
        ], 
        "ERROR_SERVER_ACCESSORY_DEACTIVATED": [
            "Errore (Terminal deactivated)"
        ], 
        "ERROR_SERVER_ACCESSORY_NOT_ASSIGNED_TO_MERCHANT": [
            "Errore (Terminal not assigned)"
        ], 
        "ERROR_TERMINAL_TIMEOUT": [
            "Errore (Terminal timeout)"
        ], 
        "ERROR_PROCESSOR_FAILED_INCONSISTENT_STATE_UNRESOLVED": [
            "Errore (Inconsistent state)"
        ], 
        "ERROR_PROCESSOR_FAILED_INCONSISTENT_STATE_RESOLVED": [
            "Errore (Inconsistent state)"
        ], 
        "ERROR_PROCESSOR_PAYMENT_DETAILS_EXTRACTION_FAILED": [
            "Errore (Invalid data)"
        ], 
        "ERROR_PROCESSOR_INVALID_PAYMENT_DETAILS": [
            "Errore (Invalid data)"
        ], 
        "ERROR_PROCESSOR_INVALID_CONFIGURATION": [
            "Errore (Invalid configuration)"
        ], 
        "ERROR_PROCESSOR_TRANSACTION_ALREADY_IN_PROGRESS": [
            "Errore (Transaction ongoing)"
        ], 
        "ERROR_PROCESSOR_CONNECTION_NO_RESPONSE": [
            "Errore (No response)"
        ], 
        "NONE": [
            ""
        ], 
        "PENDING": [
            "Elaborazione pagamento..."
        ], 
        "PENDING.REFUND": [
            "Elaborazione rimborso..."
        ], 
        "PENDING.VERIFICATION": [
            "Processing verification..."
        ], 
        "PENDING_WAITING_FOR_FINALIZATION": [
            "Elaborazione pagamento..."
        ], 
        "PENDING_WAITING_FOR_FINALIZATION.REFUND": [
            "Elaborazione rimborso..."
        ], 
        "PENDING_WAITING_FOR_FINALIZATION.VERIFICATION": [
            "Processing verification..."
        ], 
        "PENDING_WAITING_FOR_EXECUTION": [
            "Elaborazione pagamento..."
        ], 
        "PENDING_WAITING_FOR_EXECUTION.REFUND": [
            "Elaborazione rimborso..."
        ], 
        "PENDING_WAITING_FOR_EXECUTION.VERIFICATION": [
            "Processing verification..."
        ]
    }
}