{
    "info": {
        "columns": 40, 
        "locale": "pt_PT", 
        "rows": 1
    }, 
    "localization": {
        "ABORTED": [
            "Pagamento abortado"
        ], 
        "ABORTED.REFUND": [
            "Restituição abortado"
        ], 
        "ABORTED.VERIFICATION": [
            "Verification aborted"
        ], 
        "ABORTED_MERCHANT_ABORTED": [
            "Pagamento abortado"
        ], 
        "ABORTED_MERCHANT_ABORTED.REFUND": [
            "Restituição abortado"
        ], 
        "ABORTED_MERCHANT_ABORTED.VERIFICATION": [
            "Verification aborted"
        ], 
        "ABORTED_SHOPPER_ABORTED": [
            "Pagamento abortado"
        ], 
        "ABORTED_SHOPPER_ABORTED.REFUND": [
            "Restituição abortado"
        ], 
        "ABORTED_SHOPPER_ABORTED.VERIFICATION": [
            "Verification aborted"
        ], 
        "ABORTED_SHOPPER_REMOVED_CARD": [
            "Pagamento abortado"
        ], 
        "ABORTED_SHOPPER_REMOVED_CARD.REFUND": [
            "Restituição abortado"
        ], 
        "ABORTED_SHOPPER_REMOVED_CARD.VERIFICATION": [
            "Verification aborted"
        ], 
        "ABORTED_PRESENT_CARD_TIMED_OUT": [
            "Pagamento abortado"
        ], 
        "ABORTED_PRESENT_CARD_TIMED_OUT.REFUND": [
            "Restituição abortado"
        ], 
        "ABORTED_PRESENT_CARD_TIMED_OUT.VERIFICATION": [
            "Verification aborted"
        ], 
        "ACCEPTED": [
            "Payment accepted"
        ], 
        "ACCEPTED.REFUND": [
            "Refund accepted"
        ], 
        "ACCEPTED_WAITING_FOR_SUBMISSION": [
            "Payment accepted"
        ], 
        "ACCEPTED_WAITING_FOR_SUBMISSION.REFUND": [
            "Refund accepted"
        ], 
        "APPROVED": [
            "Pagamento aprovado"
        ], 
        "APPROVED.REFUND": [
            "Restituição aprovado"
        ], 
        "APPROVED.VERIFICATION": [
            "Verification successful"
        ], 
        "DECLINED": [
            "Recusado"
        ], 
        "DECLINED.VERIFICATION": [
            "Cannot validate"
        ], 
        "DECLINED_CARD_EXPIRED": [
            "Recusado - Cartão expirado"
        ], 
        "DECLINED_CARD_INVALID_PAN": [
            "Recusado - Cartão inválido"
        ], 
        "DECLINED_CARD_INVALID_SCHEME": [
            "Recusado - Cartão não permitido"
        ], 
        "DECLINED_CARD_OR_TERMINAL_DECLINED": [
            "Recusado"
        ], 
        "DECLINED_CARD_STOLEN": [
            "Recusado - Cartão roubado"
        ], 
        "DECLINED_CARD_USE_ORIGINAL": [
            "Recusado - Use o cartão original"
        ], 
        "DECLINED_INVALID_TERMINAL": [
            "Pagamento não é possível"
        ], 
        "DECLINED_INVALID_TERMINAL_CONFIG": [
            "Pagamento não é possível"
        ], 
        "DECLINED_INVALID_TERMINAL_SOFTWARE": [
            "Pagamento não é possível"
        ], 
        "DECLINED_PIN_WRONG": [
            "Recusado - PIN errado"
        ], 
        "DECLINED_PIN_WRONG_TOO_OFTEN": [
            "Recusado-PIN errado com muita frequência"
        ], 
        "DECLINED_PROCESSOR": [
            "Recusado"
        ], 
        "DECLINED_PROCESSOR_EXCEEDS_WITHDRAWAL_COUNT_LIMIT": [
            "Recusado"
        ], 
        "DECLINED_PROCESSOR_UNCAPTURED_CHARGES_NOT_SUPPORTED": [
            "Recusado"
        ], 
        "DECLINED_SESSION_EXPIRED": [
            "Pagamento não é possível"
        ], 
        "DECLINED_PROCESSOR_INCONSISTENT_STATE": [
            "Recusado"
        ], 
        "DECLINED_MALFORMED_REQUEST": [
            "Recusado"
        ], 
        "DECLINED_MANIPULATION_SUSPECTED": [
            "Recusado - Possivlm. manipulado"
        ], 
        "DECLINED_CARD_BLOCKED": [
            "Recusado - Cartão não permitido"
        ], 
        "DECLINED_INSUFFICIENT_FUNDS": [
            "Recusado - Fundos insuficientes"
        ], 
        "DECLINED_TRANSACTION_FREQUENCY_EXCEEDED": [
            "Recusado - Demasiados pagament."
        ], 
        "DECLINED_CARD_LOST": [
            "Recusado - Cartão perdido"
        ], 
        "DECLINED_INVALID_SCHEME": [
            "Recusado - Cartão não permitido"
        ], 
        "DECLINED_INVALID_AMOUNT": [
            "Recusado - Quantia ñ permitida"
        ], 
        "DECLINED_INVALID_CONFIGURATION": [
            "Recusado - Configuração errada"
        ], 
        "DECLINED_DUPLICATE_TRANSACTION": [
            "Recusado - Transação em curso"
        ], 
        "DECLINED_INVALID_WORKFLOW": [
            "Recusado"
        ], 
        "DECLINED_PROCESSOR_CARD_EXPIRED": [
            "Recusado - Cartão expirado"
        ], 
        "DECLINED_PROCESSOR_REFUND_NOT_POSSIBLE": [
            "Recusado - Reembolso impossível"
        ], 
        "DECLINED_PROCESSOR_TEMPORARILY_BLACKLISTED": [
            "Recusado - Demasiadas tentativ."
        ], 
        "DECLINED_AMOUNT_EXCEEDS_LIMIT": [
            "Recusado - Excede o limite"
        ], 
        "DECLINED_MERCHANT_REJECTED": [
            "Declined - Merchant rejected"
        ], 
        "ERROR": [
            "Erro"
        ], 
        "ERROR_APPROVED_OFFLINE": [
            "Erro (Terminal approval)"
        ], 
        "ERROR_TRANSACTION_UNABLE_TO_PERSIST": [
            "Error (Storage)"
        ], 
        "ERROR_TRANSACTION_PENDING_MANUAL_REVIEW": [
            "Error (Reviewed manually)"
        ], 
        "ERROR_SERVER_INVALID_TRANSACTION_TYPE": [
            "Error (Invalid transaction)"
        ], 
        "ERROR_SERVER_INVALID_TRANSACTION_STATUS": [
            "Error (Invalid transaction)"
        ], 
        "ERROR_SERVER_INVALID_TRANSACTION": [
            "Error (Invalid transaction)"
        ], 
        "ERROR_SERVER_INVALID_REFUND_AMOUNT": [
            "Error (Invalid transaction)"
        ], 
        "ERROR_SERVER_MALFORMED_REQUEST": [
            "Erro (Malformed request)"
        ], 
        "ERROR_PROCESSOR_MALFORMED_REQUEST": [
            "Erro (Malformed request)"
        ], 
        "ERROR_PROCESSOR_INVALID_FORMAT": [
            "Erro (Invalid data)"
        ], 
        "ERROR_PROCESSOR_INVALID_NONCE": [
            "Erro (Invalid data)"
        ], 
        "ERROR_PROCESSOR_INVALID_SESSION": [
            "Erro (Invalid data)"
        ], 
        "ERROR_PROCESSOR_INVALID_STATUS": [
            "Erro (Invalid data)"
        ], 
        "ERROR_PROCESSOR_MISSING_SESSION": [
            "Erro (Invalid data)"
        ], 
        "ERROR_PROCESSOR_CONNECTION_ERROR": [
            "Erro (Connection error)"
        ], 
        "ERROR_SESSION_TIMEOUT": [
            "Erro (Session timeout)"
        ], 
        "ERROR_TERMINAL_ERROR": [
            "Erro (Terminal error)"
        ], 
        "ERROR_TERMINAL_BATTERY_LOW": [
            "Error (Please charge battery)"
        ], 
        "ERROR_SERVER_INVALID_RESPONSE": [
            "Erro (Invalid response)"
        ], 
        "ERROR_SERVER_UNAVAILABLE": [
            "Erro (Server unavailable)"
        ], 
        "ERROR_SERVER_TIMEOUT": [
            "Erro (Server timeout)"
        ], 
        "ERROR_SERVER_AUTHENTICATION_FAILED": [
            "Erro (Authenticaton failed)"
        ], 
        "ERROR_SERVER_PINNING_FAILED": [
            "Erro (Pinning failed)"
        ], 
        "ERROR_SERVER_ACCESSORY_DEACTIVATED": [
            "Erro (Terminal deactivated)"
        ], 
        "ERROR_SERVER_ACCESSORY_NOT_ASSIGNED_TO_MERCHANT": [
            "Erro (Terminal not assigned)"
        ], 
        "ERROR_TERMINAL_TIMEOUT": [
            "Erro (Terminal timeout)"
        ], 
        "ERROR_PROCESSOR_FAILED_INCONSISTENT_STATE_UNRESOLVED": [
            "Erro (Inconsistent state)"
        ], 
        "ERROR_PROCESSOR_FAILED_INCONSISTENT_STATE_RESOLVED": [
            "Erro (Inconsistent state)"
        ], 
        "ERROR_PROCESSOR_PAYMENT_DETAILS_EXTRACTION_FAILED": [
            "Erro (Invalid data)"
        ], 
        "ERROR_PROCESSOR_INVALID_PAYMENT_DETAILS": [
            "Erro (Invalid data)"
        ], 
        "ERROR_PROCESSOR_INVALID_CONFIGURATION": [
            "Erro (Invalid configuration)"
        ], 
        "ERROR_PROCESSOR_TRANSACTION_ALREADY_IN_PROGRESS": [
            "Erro (Transaction ongoing)"
        ], 
        "ERROR_PROCESSOR_CONNECTION_NO_RESPONSE": [
            "Erro (No response)"
        ], 
        "NONE": [
            ""
        ], 
        "PENDING": [
            "A processar pagamento..."
        ], 
        "PENDING.REFUND": [
            "A processar reembolso..."
        ], 
        "PENDING.VERIFICATION": [
            "Processing verification..."
        ], 
        "PENDING_WAITING_FOR_FINALIZATION": [
            "A processar pagamento..."
        ], 
        "PENDING_WAITING_FOR_FINALIZATION.REFUND": [
            "A processar reembolso..."
        ], 
        "PENDING_WAITING_FOR_FINALIZATION.VERIFICATION": [
            "Processing verification..."
        ], 
        "PENDING_WAITING_FOR_EXECUTION": [
            "A processar pagamento..."
        ], 
        "PENDING_WAITING_FOR_EXECUTION.REFUND": [
            "A processar reembolso..."
        ], 
        "PENDING_WAITING_FOR_EXECUTION.VERIFICATION": [
            "Processing verification..."
        ]
    }
}