{
    "info": {
        "columns": 40, 
        "locale": "nl_BE", 
        "rows": 1
    }, 
    "localization": {
        "ABORTED": [
            "Betaling afgebroken"
        ], 
        "ABORTED.REFUND": [
            "Terugbetaling afgebroken"
        ], 
        "ABORTED.VERIFICATION": [
            "Verification aborted"
        ], 
        "ABORTED_MERCHANT_ABORTED": [
            "Betaling afgebroken"
        ], 
        "ABORTED_MERCHANT_ABORTED.REFUND": [
            "Terugbetaling afgebroken"
        ], 
        "ABORTED_MERCHANT_ABORTED.VERIFICATION": [
            "Verification aborted"
        ], 
        "ABORTED_SHOPPER_ABORTED": [
            "Betaling afgebroken"
        ], 
        "ABORTED_SHOPPER_ABORTED.REFUND": [
            "Terugbetaling afgebroken"
        ], 
        "ABORTED_SHOPPER_ABORTED.VERIFICATION": [
            "Verification aborted"
        ], 
        "ABORTED_SHOPPER_REMOVED_CARD": [
            "Betaling afgebroken"
        ], 
        "ABORTED_SHOPPER_REMOVED_CARD.REFUND": [
            "Terugbetaling afgebroken"
        ], 
        "ABORTED_SHOPPER_REMOVED_CARD.VERIFICATION": [
            "Verification aborted"
        ], 
        "ABORTED_PRESENT_CARD_TIMED_OUT": [
            "Betaling afgebroken"
        ], 
        "ABORTED_PRESENT_CARD_TIMED_OUT.REFUND": [
            "Terugbetaling afgebroken"
        ], 
        "ABORTED_PRESENT_CARD_TIMED_OUT.VERIFICATION": [
            "Verification aborted"
        ], 
        "ACCEPTED": [
            "Payment accepted"
        ], 
        "ACCEPTED.REFUND": [
            "Refund accepted"
        ], 
        "ACCEPTED_WAITING_FOR_SUBMISSION": [
            "Payment accepted"
        ], 
        "ACCEPTED_WAITING_FOR_SUBMISSION.REFUND": [
            "Refund accepted"
        ], 
        "APPROVED": [
            "Betaling geslaagd"
        ], 
        "APPROVED.REFUND": [
            "Terugbetaling geslaagd"
        ], 
        "APPROVED.VERIFICATION": [
            "Verification successful"
        ], 
        "DECLINED": [
            "Geweigerd"
        ], 
        "DECLINED.VERIFICATION": [
            "Cannot validate"
        ], 
        "DECLINED_CARD_EXPIRED": [
            "Geweigerd - Kaart vervallen"
        ], 
        "DECLINED_CARD_INVALID_PAN": [
            "Geweigerd - Ongeldige kaart"
        ], 
        "DECLINED_CARD_INVALID_SCHEME": [
            "Geweigerd - Kaart niet toegestaan"
        ], 
        "DECLINED_CARD_OR_TERMINAL_DECLINED": [
            "Geweigerd"
        ], 
        "DECLINED_CARD_STOLEN": [
            "Geweigerd - Gestolen kaart"
        ], 
        "DECLINED_CARD_USE_ORIGINAL": [
            "Geweigerd - Originele kaart gebruiken"
        ], 
        "DECLINED_INVALID_TERMINAL": [
            "Betaling onmogelijk"
        ], 
        "DECLINED_INVALID_TERMINAL_CONFIG": [
            "Betaling onmogelijk"
        ], 
        "DECLINED_INVALID_TERMINAL_SOFTWARE": [
            "Betaling onmogelijk"
        ], 
        "DECLINED_PIN_WRONG": [
            "Geweigerd - Verkeerde PIN"
        ], 
        "DECLINED_PIN_WRONG_TOO_OFTEN": [
            "Geweigerd - Te vaak verkeerde PIN"
        ], 
        "DECLINED_PROCESSOR": [
            "Geweigerd"
        ], 
        "DECLINED_PROCESSOR_EXCEEDS_WITHDRAWAL_COUNT_LIMIT": [
            "Geweigerd"
        ], 
        "DECLINED_PROCESSOR_UNCAPTURED_CHARGES_NOT_SUPPORTED": [
            "Geweigerd"
        ], 
        "DECLINED_SESSION_EXPIRED": [
            "Betaling onmogelijk"
        ], 
        "DECLINED_PROCESSOR_INCONSISTENT_STATE": [
            "Geweigerd"
        ], 
        "DECLINED_MALFORMED_REQUEST": [
            "Geweigerd"
        ], 
        "DECLINED_MANIPULATION_SUSPECTED": [
            "Geweigerd - Evt. manipuleerd"
        ], 
        "DECLINED_CARD_BLOCKED": [
            "Geweigerd - Kaart niet toegestaan"
        ], 
        "DECLINED_INSUFFICIENT_FUNDS": [
            "Geweigerd - Ontoereik. dekking "
        ], 
        "DECLINED_TRANSACTION_FREQUENCY_EXCEEDED": [
            "Geweigerd - Te veel betalingen"
        ], 
        "DECLINED_CARD_LOST": [
            "Geweigerd - Verloren kaart"
        ], 
        "DECLINED_INVALID_SCHEME": [
            "Geweigerd - Kaart niet toegestaan"
        ], 
        "DECLINED_INVALID_AMOUNT": [
            "Geweigerd - Bedrag niet toegest."
        ], 
        "DECLINED_INVALID_CONFIGURATION": [
            "Geweigerd - Verkeerde config."
        ], 
        "DECLINED_DUPLICATE_TRANSACTION": [
            "Geweigerd - Transaction loopt"
        ], 
        "DECLINED_INVALID_WORKFLOW": [
            "Geweigerd"
        ], 
        "DECLINED_PROCESSOR_CARD_EXPIRED": [
            "Geweigerd - Kaart vervallen"
        ], 
        "DECLINED_PROCESSOR_REFUND_NOT_POSSIBLE": [
            "Geweigerd - Terugbet. niet mogel."
        ], 
        "DECLINED_PROCESSOR_TEMPORARILY_BLACKLISTED": [
            "Geweigerd - Te veel pogingen"
        ], 
        "DECLINED_AMOUNT_EXCEEDS_LIMIT": [
            "Geweigerd - Limiet overschreden"
        ], 
        "DECLINED_MERCHANT_REJECTED": [
            "Declined - Merchant rejected"
        ], 
        "ERROR": [
            "Fout"
        ], 
        "ERROR_APPROVED_OFFLINE": [
            "Fout (Terminal approval)"
        ], 
        "ERROR_TRANSACTION_UNABLE_TO_PERSIST": [
            "Error (Storage)"
        ], 
        "ERROR_TRANSACTION_PENDING_MANUAL_REVIEW": [
            "Error (Reviewed manually)"
        ], 
        "ERROR_SERVER_INVALID_TRANSACTION_TYPE": [
            "Error (Invalid transaction)"
        ], 
        "ERROR_SERVER_INVALID_TRANSACTION_STATUS": [
            "Error (Invalid transaction)"
        ], 
        "ERROR_SERVER_INVALID_TRANSACTION": [
            "Error (Invalid transaction)"
        ], 
        "ERROR_SERVER_INVALID_REFUND_AMOUNT": [
            "Error (Invalid transaction)"
        ], 
        "ERROR_SERVER_MALFORMED_REQUEST": [
            "Fout (Malformed request)"
        ], 
        "ERROR_PROCESSOR_MALFORMED_REQUEST": [
            "Fout (Malformed request)"
        ], 
        "ERROR_PROCESSOR_INVALID_FORMAT": [
            "Fout (Invalid data)"
        ], 
        "ERROR_PROCESSOR_INVALID_NONCE": [
            "Fout (Invalid data)"
        ], 
        "ERROR_PROCESSOR_INVALID_SESSION": [
            "Fout (Invalid data)"
        ], 
        "ERROR_PROCESSOR_INVALID_STATUS": [
            "Fout (Invalid data)"
        ], 
        "ERROR_PROCESSOR_MISSING_SESSION": [
            "Fout (Invalid data)"
        ], 
        "ERROR_PROCESSOR_CONNECTION_ERROR": [
            "Fout (Connection error)"
        ], 
        "ERROR_SESSION_TIMEOUT": [
            "Fout (Session timeout)"
        ], 
        "ERROR_TERMINAL_ERROR": [
            "Fout (Terminal error)"
        ], 
        "ERROR_TERMINAL_BATTERY_LOW": [
            "Error (Please charge battery)"
        ], 
        "ERROR_SERVER_INVALID_RESPONSE": [
            "Fout (Invalid response)"
        ], 
        "ERROR_SERVER_UNAVAILABLE": [
            "Fout (Server unavailable)"
        ], 
        "ERROR_SERVER_TIMEOUT": [
            "Fout (Server timeout)"
        ], 
        "ERROR_SERVER_AUTHENTICATION_FAILED": [
            "Fout (Authenticaton failed)"
        ], 
        "ERROR_SERVER_PINNING_FAILED": [
            "Fout (Pinning failed)"
        ], 
        "ERROR_SERVER_ACCESSORY_DEACTIVATED": [
            "Fout (Terminal deactivated)"
        ], 
        "ERROR_SERVER_ACCESSORY_NOT_ASSIGNED_TO_MERCHANT": [
            "Fout (Terminal not assigned)"
        ], 
        "ERROR_TERMINAL_TIMEOUT": [
            "Fout (Terminal timeout)"
        ], 
        "ERROR_PROCESSOR_FAILED_INCONSISTENT_STATE_UNRESOLVED": [
            "Fout (Inconsistent state)"
        ], 
        "ERROR_PROCESSOR_FAILED_INCONSISTENT_STATE_RESOLVED": [
            "Fout (Inconsistent state)"
        ], 
        "ERROR_PROCESSOR_PAYMENT_DETAILS_EXTRACTION_FAILED": [
            "Fout (Invalid data)"
        ], 
        "ERROR_PROCESSOR_INVALID_PAYMENT_DETAILS": [
            "Fout (Invalid data)"
        ], 
        "ERROR_PROCESSOR_INVALID_CONFIGURATION": [
            "Fout (Invalid configuration)"
        ], 
        "ERROR_PROCESSOR_TRANSACTION_ALREADY_IN_PROGRESS": [
            "Fout (Transaction ongoing)"
        ], 
        "ERROR_PROCESSOR_CONNECTION_NO_RESPONSE": [
            "Fout (No response)"
        ], 
        "NONE": [
            ""
        ], 
        "PENDING": [
            "Betaling wordt verwerkt..."
        ], 
        "PENDING.REFUND": [
            "Terugbetaling wordt verwerkt..."
        ], 
        "PENDING.VERIFICATION": [
            "Processing verification..."
        ], 
        "PENDING_WAITING_FOR_FINALIZATION": [
            "Betaling wordt verwerkt..."
        ], 
        "PENDING_WAITING_FOR_FINALIZATION.REFUND": [
            "Terugbetaling wordt verwerkt..."
        ], 
        "PENDING_WAITING_FOR_FINALIZATION.VERIFICATION": [
            "Processing verification..."
        ], 
        "PENDING_WAITING_FOR_EXECUTION": [
            "Betaling wordt verwerkt..."
        ], 
        "PENDING_WAITING_FOR_EXECUTION.REFUND": [
            "Terugbetaling wordt verwerkt..."
        ], 
        "PENDING_WAITING_FOR_EXECUTION.VERIFICATION": [
            "Processing verification..."
        ]
    }
}