{
    "info": {
        "columns": 40, 
        "locale": "pl_PL", 
        "rows": 1
    }, 
    "localization": {
        "ABORTED": [
            "Płatność anulowano"
        ], 
        "ABORTED.REFUND": [
            "Spłata anulowano"
        ], 
        "ABORTED.VERIFICATION": [
            "Verification aborted"
        ], 
        "ABORTED_MERCHANT_ABORTED": [
            "Płatność anulowano"
        ], 
        "ABORTED_MERCHANT_ABORTED.REFUND": [
            "Spłata anulowano"
        ], 
        "ABORTED_MERCHANT_ABORTED.VERIFICATION": [
            "Verification aborted"
        ], 
        "ABORTED_SHOPPER_ABORTED": [
            "Płatność anulowano"
        ], 
        "ABORTED_SHOPPER_ABORTED.REFUND": [
            "Spłata anulowano"
        ], 
        "ABORTED_SHOPPER_ABORTED.VERIFICATION": [
            "Verification aborted"
        ], 
        "ABORTED_SHOPPER_REMOVED_CARD": [
            "Płatność anulowano"
        ], 
        "ABORTED_SHOPPER_REMOVED_CARD.REFUND": [
            "Spłata anulowano"
        ], 
        "ABORTED_SHOPPER_REMOVED_CARD.VERIFICATION": [
            "Verification aborted"
        ], 
        "ABORTED_PRESENT_CARD_TIMED_OUT": [
            "Płatność anulowano"
        ], 
        "ABORTED_PRESENT_CARD_TIMED_OUT.REFUND": [
            "Spłata anulowano"
        ], 
        "ABORTED_PRESENT_CARD_TIMED_OUT.VERIFICATION": [
            "Verification aborted"
        ], 
        "ACCEPTED": [
            "Payment accepted"
        ], 
        "ACCEPTED.REFUND": [
            "Refund accepted"
        ], 
        "ACCEPTED_WAITING_FOR_SUBMISSION": [
            "Payment accepted"
        ], 
        "ACCEPTED_WAITING_FOR_SUBMISSION.REFUND": [
            "Refund accepted"
        ], 
        "APPROVED": [
            "Płatność zatwierdzono"
        ], 
        "APPROVED.REFUND": [
            "Spłata zatwierdzono"
        ], 
        "APPROVED.VERIFICATION": [
            "Verification successful"
        ], 
        "DECLINED": [
            "Odrzucono"
        ], 
        "DECLINED.VERIFICATION": [
            "Cannot validate"
        ], 
        "DECLINED_CARD_EXPIRED": [
            "Odrzucono -  minął termin ważności karty"
        ], 
        "DECLINED_CARD_INVALID_PAN": [
            "Odrzucono - Nieważna karta"
        ], 
        "DECLINED_CARD_INVALID_SCHEME": [
            "Odrzucono - Niedozwolona karta"
        ], 
        "DECLINED_CARD_OR_TERMINAL_DECLINED": [
            "Odrzucono"
        ], 
        "DECLINED_CARD_STOLEN": [
            "Odrzucono - Skradziona karta"
        ], 
        "DECLINED_CARD_USE_ORIGINAL": [
            "Odrzucono - Użyj oryginalnej karty"
        ], 
        "DECLINED_INVALID_TERMINAL": [
            "Realizacja płatności niemożliwa"
        ], 
        "DECLINED_INVALID_TERMINAL_CONFIG": [
            "Realizacja płatności niemożliwa"
        ], 
        "DECLINED_INVALID_TERMINAL_SOFTWARE": [
            "Realizacja płatności niemożliwa"
        ], 
        "DECLINED_PIN_WRONG": [
            "Odrzucono - Błędny PIN"
        ], 
        "DECLINED_PIN_WRONG_TOO_OFTEN": [
            "Odrzucono - Błędny PIN - za dużo prób"
        ], 
        "DECLINED_PROCESSOR": [
            "Odrzucono"
        ], 
        "DECLINED_PROCESSOR_EXCEEDS_WITHDRAWAL_COUNT_LIMIT": [
            "Odrzucono"
        ], 
        "DECLINED_PROCESSOR_UNCAPTURED_CHARGES_NOT_SUPPORTED": [
            "Odrzucono"
        ], 
        "DECLINED_SESSION_EXPIRED": [
            "Realizacja płatności niemożliwa"
        ], 
        "DECLINED_PROCESSOR_INCONSISTENT_STATE": [
            "Odrzucono"
        ], 
        "DECLINED_MALFORMED_REQUEST": [
            "Odrzucono"
        ], 
        "DECLINED_MANIPULATION_SUSPECTED": [
            "Odrzucono - Możliwe fałszerstwo"
        ], 
        "DECLINED_CARD_BLOCKED": [
            "Odrzucono - Niedozwolona karta"
        ], 
        "DECLINED_INSUFFICIENT_FUNDS": [
            "Odrzucono - Niewystarczające środki"
        ], 
        "DECLINED_TRANSACTION_FREQUENCY_EXCEEDED": [
            "Odrzucono - Za dużo wypłat"
        ], 
        "DECLINED_CARD_LOST": [
            "Odrzucono - Zgubiona karta"
        ], 
        "DECLINED_INVALID_SCHEME": [
            "Odrzucono - Niedozwolona karta"
        ], 
        "DECLINED_INVALID_AMOUNT": [
            "Odrzucono - Niedozwolona kwota"
        ], 
        "DECLINED_INVALID_CONFIGURATION": [
            "Odrzucono - Błąd konfiguracji"
        ], 
        "DECLINED_DUPLICATE_TRANSACTION": [
            "Odrzucono - Transakcja w toku"
        ], 
        "DECLINED_INVALID_WORKFLOW": [
            "Odrzucono"
        ], 
        "DECLINED_PROCESSOR_CARD_EXPIRED": [
            "Odrzucono -  minął termin ważności karty"
        ], 
        "DECLINED_PROCESSOR_REFUND_NOT_POSSIBLE": [
            "Odrzucono - Zwrot nie jest możliwy"
        ], 
        "DECLINED_PROCESSOR_TEMPORARILY_BLACKLISTED": [
            "Odrzucono - Zbyt wiele prób"
        ], 
        "DECLINED_AMOUNT_EXCEEDS_LIMIT": [
            "Odrzucono - Kwota przekracza limit"
        ], 
        "DECLINED_MERCHANT_REJECTED": [
            "Declined - Merchant rejected"
        ], 
        "ERROR": [
            "Błąd przetwarzania"
        ], 
        "ERROR_APPROVED_OFFLINE": [
            "Błąd (Terminal approval)"
        ], 
        "ERROR_TRANSACTION_UNABLE_TO_PERSIST": [
            "Error (Storage)"
        ], 
        "ERROR_TRANSACTION_PENDING_MANUAL_REVIEW": [
            "Error (Reviewed manually)"
        ], 
        "ERROR_SERVER_INVALID_TRANSACTION_TYPE": [
            "Error (Invalid transaction)"
        ], 
        "ERROR_SERVER_INVALID_TRANSACTION_STATUS": [
            "Error (Invalid transaction)"
        ], 
        "ERROR_SERVER_INVALID_TRANSACTION": [
            "Error (Invalid transaction)"
        ], 
        "ERROR_SERVER_INVALID_REFUND_AMOUNT": [
            "Error (Invalid transaction)"
        ], 
        "ERROR_SERVER_MALFORMED_REQUEST": [
            "Błąd (Malformed request)"
        ], 
        "ERROR_PROCESSOR_MALFORMED_REQUEST": [
            "Błąd (Malformed request)"
        ], 
        "ERROR_PROCESSOR_INVALID_FORMAT": [
            "Błąd (Invalid data)"
        ], 
        "ERROR_PROCESSOR_INVALID_NONCE": [
            "Błąd (Invalid data)"
        ], 
        "ERROR_PROCESSOR_INVALID_SESSION": [
            "Błąd (Invalid data)"
        ], 
        "ERROR_PROCESSOR_INVALID_STATUS": [
            "Błąd (Invalid data)"
        ], 
        "ERROR_PROCESSOR_MISSING_SESSION": [
            "Błąd (Invalid data)"
        ], 
        "ERROR_PROCESSOR_CONNECTION_ERROR": [
            "Błąd (Connection error)"
        ], 
        "ERROR_SESSION_TIMEOUT": [
            "Błąd (Session timeout)"
        ], 
        "ERROR_TERMINAL_ERROR": [
            "Błąd (Terminal error)"
        ], 
        "ERROR_TERMINAL_BATTERY_LOW": [
            "Error (Please charge battery)"
        ], 
        "ERROR_SERVER_INVALID_RESPONSE": [
            "Błąd (Invalid response)"
        ], 
        "ERROR_SERVER_UNAVAILABLE": [
            "Błąd (Server unavailable)"
        ], 
        "ERROR_SERVER_TIMEOUT": [
            "Błąd (Server timeout)"
        ], 
        "ERROR_SERVER_AUTHENTICATION_FAILED": [
            "Błąd (Authenticaton failed)"
        ], 
        "ERROR_SERVER_PINNING_FAILED": [
            "Błąd (Pinning failed)"
        ], 
        "ERROR_SERVER_ACCESSORY_DEACTIVATED": [
            "Błąd (Terminal deactivated)"
        ], 
        "ERROR_SERVER_ACCESSORY_NOT_ASSIGNED_TO_MERCHANT": [
            "Błąd (Terminal not assigned)"
        ], 
        "ERROR_TERMINAL_TIMEOUT": [
            "Błąd (Terminal timeout)"
        ], 
        "ERROR_PROCESSOR_FAILED_INCONSISTENT_STATE_UNRESOLVED": [
            "Błąd (Inconsistent state)"
        ], 
        "ERROR_PROCESSOR_FAILED_INCONSISTENT_STATE_RESOLVED": [
            "Błąd (Inconsistent state)"
        ], 
        "ERROR_PROCESSOR_PAYMENT_DETAILS_EXTRACTION_FAILED": [
            "Błąd (Invalid data)"
        ], 
        "ERROR_PROCESSOR_INVALID_PAYMENT_DETAILS": [
            "Błąd (Invalid data)"
        ], 
        "ERROR_PROCESSOR_INVALID_CONFIGURATION": [
            "Błąd (Invalid configuration)"
        ], 
        "ERROR_PROCESSOR_TRANSACTION_ALREADY_IN_PROGRESS": [
            "Błąd (Transaction ongoing)"
        ], 
        "ERROR_PROCESSOR_CONNECTION_NO_RESPONSE": [
            "Błąd (No response)"
        ], 
        "NONE": [
            ""
        ], 
        "PENDING": [
            "Przetwarzanie płatności..."
        ], 
        "PENDING.REFUND": [
            "Przetwarzanie spłata..."
        ], 
        "PENDING.VERIFICATION": [
            "Processing verification..."
        ], 
        "PENDING_WAITING_FOR_FINALIZATION": [
            "Przetwarzanie płatności..."
        ], 
        "PENDING_WAITING_FOR_FINALIZATION.REFUND": [
            "Przetwarzanie spłata..."
        ], 
        "PENDING_WAITING_FOR_FINALIZATION.VERIFICATION": [
            "Processing verification..."
        ], 
        "PENDING_WAITING_FOR_EXECUTION": [
            "Przetwarzanie płatności..."
        ], 
        "PENDING_WAITING_FOR_EXECUTION.REFUND": [
            "Przetwarzanie spłata..."
        ], 
        "PENDING_WAITING_FOR_EXECUTION.VERIFICATION": [
            "Processing verification..."
        ]
    }
}