{
    "info": {
        "columns": 40, 
        "locale": "de_DE", 
        "rows": 1
    }, 
    "localization": {
        "ABORTED": [
            "Zahlung abgebrochen"
        ], 
        "ABORTED.REFUND": [
            "Rückerstattung abgebrochen"
        ], 
        "ABORTED.VERIFICATION": [
            "Verification aborted"
        ], 
        "ABORTED_MERCHANT_ABORTED": [
            "Zahlung abgebrochen"
        ], 
        "ABORTED_MERCHANT_ABORTED.REFUND": [
            "Rückerstattung abgebrochen"
        ], 
        "ABORTED_MERCHANT_ABORTED.VERIFICATION": [
            "Verification aborted"
        ], 
        "ABORTED_SHOPPER_ABORTED": [
            "Zahlung abgebrochen"
        ], 
        "ABORTED_SHOPPER_ABORTED.REFUND": [
            "Rückerstattung abgebrochen"
        ], 
        "ABORTED_SHOPPER_ABORTED.VERIFICATION": [
            "Verification aborted"
        ], 
        "ABORTED_SHOPPER_REMOVED_CARD": [
            "Zahlung abgebrochen"
        ], 
        "ABORTED_SHOPPER_REMOVED_CARD.REFUND": [
            "Rückerstattung abgebrochen"
        ], 
        "ABORTED_SHOPPER_REMOVED_CARD.VERIFICATION": [
            "Verification aborted"
        ], 
        "ABORTED_PRESENT_CARD_TIMED_OUT": [
            "Zahlung abgebrochen"
        ], 
        "ABORTED_PRESENT_CARD_TIMED_OUT.REFUND": [
            "Rückerstattung abgebrochen"
        ], 
        "ABORTED_PRESENT_CARD_TIMED_OUT.VERIFICATION": [
            "Verification aborted"
        ], 
        "ACCEPTED": [
            "Zahlung akzeptiert"
        ], 
        "ACCEPTED.REFUND": [
            "Rückerstattung akzeptiert"
        ], 
        "ACCEPTED_WAITING_FOR_SUBMISSION": [
            "Zahlung akzeptiert"
        ], 
        "ACCEPTED_WAITING_FOR_SUBMISSION.REFUND": [
            "Rückerstattung akzeptiert"
        ], 
        "APPROVED": [
            "Zahlung erfolgreich"
        ], 
        "APPROVED.REFUND": [
            "Rückerstattung erfolgreich"
        ], 
        "APPROVED.VERIFICATION": [
            "Verifizierung erfolgreich"
        ], 
        "DECLINED": [
            "Abgelehnt"
        ], 
        "DECLINED.VERIFICATION": [
            "Verifizierung fehlgeschlagen"
        ], 
        "DECLINED_CARD_EXPIRED": [
            "Abgelehnt - Karte abgelaufen"
        ], 
        "DECLINED_CARD_INVALID_PAN": [
            "Abgelehnt - ungültige Karte"
        ], 
        "DECLINED_CARD_INVALID_SCHEME": [
            "Abgelehnt - Karte nicht erlaubt"
        ], 
        "DECLINED_CARD_OR_TERMINAL_DECLINED": [
            "Abgelehnt"
        ], 
        "DECLINED_CARD_STOLEN": [
            "Abgelehnt - Gestohlene Karte"
        ], 
        "DECLINED_CARD_USE_ORIGINAL": [
            "Abgelehnt - Original verwenden"
        ], 
        "DECLINED_INVALID_TERMINAL": [
            "Zahlung nicht möglich"
        ], 
        "DECLINED_INVALID_TERMINAL_CONFIG": [
            "Zahlung nicht möglich"
        ], 
        "DECLINED_INVALID_TERMINAL_SOFTWARE": [
            "Zahlung nicht möglich"
        ], 
        "DECLINED_PIN_WRONG": [
            "Abgelehnt - Falsche PIN"
        ], 
        "DECLINED_PIN_WRONG_TOO_OFTEN": [
            "Abgelehnt - Falsche PIN zu oft"
        ], 
        "DECLINED_PROCESSOR": [
            "Abgelehnt"
        ], 
        "DECLINED_PROCESSOR_EXCEEDS_WITHDRAWAL_COUNT_LIMIT": [
            "Abgelehnt"
        ], 
        "DECLINED_PROCESSOR_UNCAPTURED_CHARGES_NOT_SUPPORTED": [
            "Abgelehnt"
        ], 
        "DECLINED_SESSION_EXPIRED": [
            "Zahlung nicht möglich"
        ], 
        "DECLINED_PROCESSOR_INCONSISTENT_STATE": [
            "Abgelehnt"
        ], 
        "DECLINED_MALFORMED_REQUEST": [
            "Abgelehnt"
        ], 
        "DECLINED_MANIPULATION_SUSPECTED": [
            "Abgelehnt - Evtl. manipuliert"
        ], 
        "DECLINED_CARD_BLOCKED": [
            "Abgelehnt - Karte nicht erlaubt"
        ], 
        "DECLINED_INSUFFICIENT_FUNDS": [
            "Abgelehnt - Karte nicht gedeckt"
        ], 
        "DECLINED_TRANSACTION_FREQUENCY_EXCEEDED": [
            "Abgelehnt - Zu viele Zahlungen"
        ], 
        "DECLINED_CARD_LOST": [
            "Abgelehnt - Verlorene Karte"
        ], 
        "DECLINED_INVALID_SCHEME": [
            "Abgelehnt - Karte nicht erlaubt"
        ], 
        "DECLINED_INVALID_AMOUNT": [
            "Abgelehnt - Betrag nicht erlaubt"
        ], 
        "DECLINED_INVALID_CONFIGURATION": [
            "Abgelehnt - Konfiguration falsch"
        ], 
        "DECLINED_DUPLICATE_TRANSACTION": [
            "Abgelehnt - Transaktion läuft"
        ], 
        "DECLINED_INVALID_WORKFLOW": [
            "Abgelehnt"
        ], 
        "DECLINED_PROCESSOR_CARD_EXPIRED": [
            "Abgelehnt - Karte abgelaufen"
        ], 
        "DECLINED_PROCESSOR_REFUND_NOT_POSSIBLE": [
            "Abgelehnt - Erstattung abgelehnt"
        ], 
        "DECLINED_PROCESSOR_TEMPORARILY_BLACKLISTED": [
            "Abgelehnt - Zu viele Versuche"
        ], 
        "DECLINED_AMOUNT_EXCEEDS_LIMIT": [
            "Abgelehnt - Limit überschritten"
        ], 
        "DECLINED_MERCHANT_REJECTED": [
            "Declined - Merchant rejected"
        ], 
        "ERROR": [
            "Verarbeitungsfehler"
        ], 
        "ERROR_APPROVED_OFFLINE": [
            "Fehler (Terminal approval)"
        ], 
        "ERROR_TRANSACTION_UNABLE_TO_PERSIST": [
            "Error (Storage)"
        ], 
        "ERROR_TRANSACTION_PENDING_MANUAL_REVIEW": [
            "Error (Reviewed manually)"
        ], 
        "ERROR_SERVER_INVALID_TRANSACTION_TYPE": [
            "Error (Invalid transaction)"
        ], 
        "ERROR_SERVER_INVALID_TRANSACTION_STATUS": [
            "Error (Invalid transaction)"
        ], 
        "ERROR_SERVER_INVALID_TRANSACTION": [
            "Error (Invalid transaction)"
        ], 
        "ERROR_SERVER_INVALID_REFUND_AMOUNT": [
            "Error (Invalid transaction)"
        ], 
        "ERROR_SERVER_MALFORMED_REQUEST": [
            "Fehler (Malformed request)"
        ], 
        "ERROR_PROCESSOR_MALFORMED_REQUEST": [
            "Fehler (Malformed request)"
        ], 
        "ERROR_PROCESSOR_INVALID_FORMAT": [
            "Fehler (Invalid data)"
        ], 
        "ERROR_PROCESSOR_INVALID_NONCE": [
            "Fehler (Invalid data)"
        ], 
        "ERROR_PROCESSOR_INVALID_SESSION": [
            "Fehler (Invalid data)"
        ], 
        "ERROR_PROCESSOR_INVALID_STATUS": [
            "Fehler (Invalid data)"
        ], 
        "ERROR_PROCESSOR_MISSING_SESSION": [
            "Fehler (Invalid data)"
        ], 
        "ERROR_PROCESSOR_CONNECTION_ERROR": [
            "Fehler (Connection error)"
        ], 
        "ERROR_SESSION_TIMEOUT": [
            "Fehler (Session timeout)"
        ], 
        "ERROR_TERMINAL_ERROR": [
            "Fehler (Terminal error)"
        ], 
        "ERROR_TERMINAL_BATTERY_LOW": [
            "Error (Please charge battery)"
        ], 
        "ERROR_SERVER_INVALID_RESPONSE": [
            "Fehler (Invalid response)"
        ], 
        "ERROR_SERVER_UNAVAILABLE": [
            "Fehler (Server unavailable)"
        ], 
        "ERROR_SERVER_TIMEOUT": [
            "Fehler (Server timeout)"
        ], 
        "ERROR_SERVER_AUTHENTICATION_FAILED": [
            "Fehler (Authenticaton failed)"
        ], 
        "ERROR_SERVER_PINNING_FAILED": [
            "Fehler (Pinning failed)"
        ], 
        "ERROR_SERVER_ACCESSORY_DEACTIVATED": [
            "Fehler (Terminal deactivated)"
        ], 
        "ERROR_SERVER_ACCESSORY_NOT_ASSIGNED_TO_MERCHANT": [
            "Fehler (Terminal not assigned)"
        ], 
        "ERROR_TERMINAL_TIMEOUT": [
            "Fehler (Terminal timeout)"
        ], 
        "ERROR_PROCESSOR_FAILED_INCONSISTENT_STATE_UNRESOLVED": [
            "Fehler (Inconsistent state)"
        ], 
        "ERROR_PROCESSOR_FAILED_INCONSISTENT_STATE_RESOLVED": [
            "Fehler (Inconsistent state)"
        ], 
        "ERROR_PROCESSOR_PAYMENT_DETAILS_EXTRACTION_FAILED": [
            "Fehler (Invalid data)"
        ], 
        "ERROR_PROCESSOR_INVALID_PAYMENT_DETAILS": [
            "Fehler (Invalid data)"
        ], 
        "ERROR_PROCESSOR_INVALID_CONFIGURATION": [
            "Fehler (Invalid configuration)"
        ], 
        "ERROR_PROCESSOR_TRANSACTION_ALREADY_IN_PROGRESS": [
            "Fehler (Transaction ongoing)"
        ], 
        "ERROR_PROCESSOR_CONNECTION_NO_RESPONSE": [
            "Fehler (No response)"
        ], 
        "NONE": [
            ""
        ], 
        "PENDING": [
            "Zahlung wird verarbeitet..."
        ], 
        "PENDING.REFUND": [
            "Rückerstattung wird verarbeitet..."
        ], 
        "PENDING.VERIFICATION": [
            "Processing verification..."
        ], 
        "PENDING_WAITING_FOR_FINALIZATION": [
            "Zahlung wird verarbeitet..."
        ], 
        "PENDING_WAITING_FOR_FINALIZATION.REFUND": [
            "Rückerstattung wird verarbeitet..."
        ], 
        "PENDING_WAITING_FOR_FINALIZATION.VERIFICATION": [
            "Processing verification..."
        ], 
        "PENDING_WAITING_FOR_EXECUTION": [
            "Zahlung wird verarbeitet..."
        ], 
        "PENDING_WAITING_FOR_EXECUTION.REFUND": [
            "Rückerstattung wird verarbeitet..."
        ], 
        "PENDING_WAITING_FOR_EXECUTION.VERIFICATION": [
            "Processing verification..."
        ]
    }
}