{
    "info": {
        "columns": 40, 
        "locale": "es_ES", 
        "rows": 1
    }, 
    "localization": {
        "ABORTED": [
            "Pago cancelado"
        ], 
        "ABORTED.REFUND": [
            "Reembolso cancelado"
        ], 
        "ABORTED.VERIFICATION": [
            "Verification aborted"
        ], 
        "ABORTED_MERCHANT_ABORTED": [
            "Pago cancelado"
        ], 
        "ABORTED_MERCHANT_ABORTED.REFUND": [
            "Reembolso cancelado"
        ], 
        "ABORTED_MERCHANT_ABORTED.VERIFICATION": [
            "Verification aborted"
        ], 
        "ABORTED_SHOPPER_ABORTED": [
            "Pago cancelado"
        ], 
        "ABORTED_SHOPPER_ABORTED.REFUND": [
            "Reembolso cancelado"
        ], 
        "ABORTED_SHOPPER_ABORTED.VERIFICATION": [
            "Verification aborted"
        ], 
        "ABORTED_SHOPPER_REMOVED_CARD": [
            "Pago cancelado"
        ], 
        "ABORTED_SHOPPER_REMOVED_CARD.REFUND": [
            "Reembolso cancelado"
        ], 
        "ABORTED_SHOPPER_REMOVED_CARD.VERIFICATION": [
            "Verification aborted"
        ], 
        "ABORTED_PRESENT_CARD_TIMED_OUT": [
            "Pago cancelado"
        ], 
        "ABORTED_PRESENT_CARD_TIMED_OUT.REFUND": [
            "Reembolso cancelado"
        ], 
        "ABORTED_PRESENT_CARD_TIMED_OUT.VERIFICATION": [
            "Verification aborted"
        ], 
        "ACCEPTED": [
            "Payment accepted"
        ], 
        "ACCEPTED.REFUND": [
            "Refund accepted"
        ], 
        "ACCEPTED_WAITING_FOR_SUBMISSION": [
            "Payment accepted"
        ], 
        "ACCEPTED_WAITING_FOR_SUBMISSION.REFUND": [
            "Refund accepted"
        ], 
        "APPROVED": [
            "Pago aprobado"
        ], 
        "APPROVED.REFUND": [
            "Reembolso aprobado"
        ], 
        "APPROVED.VERIFICATION": [
            "Verification successful"
        ], 
        "DECLINED": [
            "Rechazado"
        ], 
        "DECLINED.VERIFICATION": [
            "Cannot validate"
        ], 
        "DECLINED_CARD_EXPIRED": [
            "Rechazado - Tarjeta caducada"
        ], 
        "DECLINED_CARD_INVALID_PAN": [
            "Rechazado - Tarjeta inválida"
        ], 
        "DECLINED_CARD_INVALID_SCHEME": [
            "Rechazado - Operación no permitida"
        ], 
        "DECLINED_CARD_OR_TERMINAL_DECLINED": [
            "Rechazado"
        ], 
        "DECLINED_CARD_STOLEN": [
            "Rechazado - Tarjeta robada"
        ], 
        "DECLINED_CARD_USE_ORIGINAL": [
            "Rechazado - Utilize la tarjeta original"
        ], 
        "DECLINED_INVALID_TERMINAL": [
            "No es posible realizar el pago"
        ], 
        "DECLINED_INVALID_TERMINAL_CONFIG": [
            "No es posible realizar el pago"
        ], 
        "DECLINED_INVALID_TERMINAL_SOFTWARE": [
            "No es posible realizar el pago"
        ], 
        "DECLINED_PIN_WRONG": [
            "Rechazado - PIN inválido"
        ], 
        "DECLINED_PIN_WRONG_TOO_OFTEN": [
            "Rechazado - Demasiados PIN inválidos"
        ], 
        "DECLINED_PROCESSOR": [
            "Rechazado"
        ], 
        "DECLINED_PROCESSOR_EXCEEDS_WITHDRAWAL_COUNT_LIMIT": [
            "Rechazado"
        ], 
        "DECLINED_PROCESSOR_UNCAPTURED_CHARGES_NOT_SUPPORTED": [
            "Rechazado"
        ], 
        "DECLINED_SESSION_EXPIRED": [
            "No es posible realizar el pago"
        ], 
        "DECLINED_PROCESSOR_INCONSISTENT_STATE": [
            "Rechazado"
        ], 
        "DECLINED_MALFORMED_REQUEST": [
            "Rechazado"
        ], 
        "DECLINED_MANIPULATION_SUSPECTED": [
            "Rechazado - Probl. manipulado"
        ], 
        "DECLINED_CARD_BLOCKED": [
            "Rechazado - Operación no permitida"
        ], 
        "DECLINED_INSUFFICIENT_FUNDS": [
            "Rechazado - Fondos insuficientes"
        ], 
        "DECLINED_TRANSACTION_FREQUENCY_EXCEEDED": [
            "Rechazado - Demasiados pagos"
        ], 
        "DECLINED_CARD_LOST": [
            "Rechazado - Tarjeta perdida"
        ], 
        "DECLINED_INVALID_SCHEME": [
            "Rechazado - Operación no permitida"
        ], 
        "DECLINED_INVALID_AMOUNT": [
            "Rechazado - Importe no permitido"
        ], 
        "DECLINED_INVALID_CONFIGURATION": [
            "Rechazado - Config. incorrecta"
        ], 
        "DECLINED_DUPLICATE_TRANSACTION": [
            "Rechazado - Transacción en curso"
        ], 
        "DECLINED_INVALID_WORKFLOW": [
            "Rechazado"
        ], 
        "DECLINED_PROCESSOR_CARD_EXPIRED": [
            "Rechazado - Tarjeta caducada"
        ], 
        "DECLINED_PROCESSOR_REFUND_NOT_POSSIBLE": [
            "Rechazado - Reembolso denegado"
        ], 
        "DECLINED_PROCESSOR_TEMPORARILY_BLACKLISTED": [
            "Rechazado - Demasiados intentos"
        ], 
        "DECLINED_AMOUNT_EXCEEDS_LIMIT": [
            "Rechazado - Límite excedido"
        ], 
        "DECLINED_MERCHANT_REJECTED": [
            "Declined - Merchant rejected"
        ], 
        "ERROR": [
            "Error procesando el pago"
        ], 
        "ERROR_APPROVED_OFFLINE": [
            "Error (Terminal approval)"
        ], 
        "ERROR_TRANSACTION_UNABLE_TO_PERSIST": [
            "Error (Storage)"
        ], 
        "ERROR_TRANSACTION_PENDING_MANUAL_REVIEW": [
            "Error (Reviewed manually)"
        ], 
        "ERROR_SERVER_INVALID_TRANSACTION_TYPE": [
            "Error (Invalid transaction)"
        ], 
        "ERROR_SERVER_INVALID_TRANSACTION_STATUS": [
            "Error (Invalid transaction)"
        ], 
        "ERROR_SERVER_INVALID_TRANSACTION": [
            "Error (Invalid transaction)"
        ], 
        "ERROR_SERVER_INVALID_REFUND_AMOUNT": [
            "Error (Invalid transaction)"
        ], 
        "ERROR_SERVER_MALFORMED_REQUEST": [
            "Error (Malformed request)"
        ], 
        "ERROR_PROCESSOR_MALFORMED_REQUEST": [
            "Error (Malformed request)"
        ], 
        "ERROR_PROCESSOR_INVALID_FORMAT": [
            "Error (Invalid data)"
        ], 
        "ERROR_PROCESSOR_INVALID_NONCE": [
            "Error (Invalid data)"
        ], 
        "ERROR_PROCESSOR_INVALID_SESSION": [
            "Error (Invalid data)"
        ], 
        "ERROR_PROCESSOR_INVALID_STATUS": [
            "Error (Invalid data)"
        ], 
        "ERROR_PROCESSOR_MISSING_SESSION": [
            "Error (Invalid data)"
        ], 
        "ERROR_PROCESSOR_CONNECTION_ERROR": [
            "Error (Connection error)"
        ], 
        "ERROR_SESSION_TIMEOUT": [
            "Error (Session timeout)"
        ], 
        "ERROR_TERMINAL_ERROR": [
            "Error (Terminal error)"
        ], 
        "ERROR_TERMINAL_BATTERY_LOW": [
            "Error (Please charge battery)"
        ], 
        "ERROR_SERVER_INVALID_RESPONSE": [
            "Error (Invalid response)"
        ], 
        "ERROR_SERVER_UNAVAILABLE": [
            "Error (Server unavailable)"
        ], 
        "ERROR_SERVER_TIMEOUT": [
            "Error (Server timeout)"
        ], 
        "ERROR_SERVER_AUTHENTICATION_FAILED": [
            "Error (Authenticaton failed)"
        ], 
        "ERROR_SERVER_PINNING_FAILED": [
            "Error (Pinning failed)"
        ], 
        "ERROR_SERVER_ACCESSORY_DEACTIVATED": [
            "Error (Terminal deactivated)"
        ], 
        "ERROR_SERVER_ACCESSORY_NOT_ASSIGNED_TO_MERCHANT": [
            "Error (Terminal not assigned)"
        ], 
        "ERROR_TERMINAL_TIMEOUT": [
            "Error (Terminal timeout)"
        ], 
        "ERROR_PROCESSOR_FAILED_INCONSISTENT_STATE_UNRESOLVED": [
            "Error (Inconsistent state)"
        ], 
        "ERROR_PROCESSOR_FAILED_INCONSISTENT_STATE_RESOLVED": [
            "Error (Inconsistent state)"
        ], 
        "ERROR_PROCESSOR_PAYMENT_DETAILS_EXTRACTION_FAILED": [
            "Error (Invalid data)"
        ], 
        "ERROR_PROCESSOR_INVALID_PAYMENT_DETAILS": [
            "Error (Invalid data)"
        ], 
        "ERROR_PROCESSOR_INVALID_CONFIGURATION": [
            "Error (Invalid configuration)"
        ], 
        "ERROR_PROCESSOR_TRANSACTION_ALREADY_IN_PROGRESS": [
            "Error (Transaction ongoing)"
        ], 
        "ERROR_PROCESSOR_CONNECTION_NO_RESPONSE": [
            "Error (No response)"
        ], 
        "NONE": [
            ""
        ], 
        "PENDING": [
            "Procesando pago..."
        ], 
        "PENDING.REFUND": [
            "Procesando reembolso..."
        ], 
        "PENDING.VERIFICATION": [
            "Processing verification..."
        ], 
        "PENDING_WAITING_FOR_FINALIZATION": [
            "Procesando pago..."
        ], 
        "PENDING_WAITING_FOR_FINALIZATION.REFUND": [
            "Procesando reembolso..."
        ], 
        "PENDING_WAITING_FOR_FINALIZATION.VERIFICATION": [
            "Processing verification..."
        ], 
        "PENDING_WAITING_FOR_EXECUTION": [
            "Procesando pago..."
        ], 
        "PENDING_WAITING_FOR_EXECUTION.REFUND": [
            "Procesando reembolso..."
        ], 
        "PENDING_WAITING_FOR_EXECUTION.VERIFICATION": [
            "Processing verification..."
        ]
    }
}