{
    "info": {
        "locale": "fi_FI"
    },
    "labels": {
        "Date": "Päiväys",
        "Time": "Aika",
        "Status": "Tila",
        "AmountAndCurrency": "Summa",
        "IncludedTipAmountAndCurrency": "Tip Amount",
        "StatusText": "Tiedot",
        "Subject": "Kuvaus",
        "TransactionType": "Tyyppi",
        "ReceiptType": "Kuittityyppi",
        "Identifier": "PWID",
        "PaymentDetailsSource": "Syöttötila",
        "PaymentDetailsEMVApplicationID": "Sovellus",
        "PaymentDetailsSchemeOrLabel": "Kortti",
        "PaymentDetailsMaskedAccount": "Tili",
        "PaymentDetailsCustomerVerification": "Varmennus",
        "PaymentDetailsAccountSequenceNumber": "Kortin numero",
        "ClearingDetailsTransactionIdentifier": "Tapahtuma",
        "ClearingDetailsOriginalTransactionIdentifier": "Alkup. tapahtuma",
        "ClearingDetailsAuthorizationCode": "Varmennus",
        "ClearingDetailsMerchantId": "Kauppiastunnus",
        "ClearingDetailsTerminalId": "Maksupäätetunnus",
        "MerchantDetailsPublicName": "Nimi",
        "MerchantDetailsAddress": "Osoite",
        "MerchantDetailsZip": "Postinumero",
        "MerchantDetailsCity": "Paikkakunta",
        "MerchantDetailsCountry": "Maa",
        "MerchantDetailsContact": "Yhteystiedot",
        "MerchantDetailsAdditionalInformation": "Lisätiedot",
        "OfflineEmvData": "Offline EMV Data",
        "DccConversionRate": "Conversion Rate",
        "DccConvertedAmountAndCurrency": "DCC Converted Amount",
        "DccDisclaimer": "DCC Disclaimer"
    },
    "values": {
        "ReceiptType": {
            "MERCHANT": "Kauppiaan kuitti",
            "CUSTOMER": "Kortinh. kuitti"
        },
        "StatusText": {
            "ACCEPTED": "Säilytä kuitti!",
            "APPROVED": "Säilytä kuitti!",
            "DECLINED": "Valtuutus hylät.",
            "ABORTED": "Tapahtuma perut.",
            "ERROR": "Virheel. tapaht."
        },
        "PaymentDetailsSource": {
            "ICC": "Siru",
            "MAGSTRIPE": "Magneettijuova",
            "CONTACTLESS": "Lähimaksaminen",
            "MAGSTRIPE_AS_FALLBACK": "Magneettijuova",
            "MANUAL": "Näppäilty",
            "MANUAL_AS_FALLBACK": "Näppäilty",
            "NFC_ICC": "Lähimaksaminen",
            "NFC_MAGSTRIPE": "Lähimaksaminen",
            "QR_CODE": "QR Code",
            "BARCODE": "Barcode",
            "SOUNDWAVE": "Soundwave"
        },
        "TransactionType": {
            "CHARGE": "Maksu",
            "REFUND": "Palautus",
            "CHARGE_UNCAPTURED": "Pre-Authorization"
        },
        "PaymentDetailsCustomerVerification": {
            "NONE": "Ei mikään",
            "PIN": "PIN-koodi",
            "SIGNATURE": "Allekirjoitus",
            "PIN_AND_SIGNATURE": "PIN ja allekirj.",
            "SHOPPER_DEVICE": "Asiakaslaite",
            "CARD_SECURITY_CODE": "Kort. turvak. varm.",
            "UNKNOWN": "Kortinh. tunt. varm.",
            "PIN_OFFLINE_PLAINTEXT": "PIN-koodi",
            "PIN_OFFLINE_PLAINTEXT_AND_SIGNATURE": "PIN ja allekirj.",
            "PIN_OFFLINE_ENCIPHERED": "PIN-koodi",
            "PIN_OFFLINE_ENCIPHERED_AND_SIGNATURE": "PIN ja allekirj.",
            "PIN_ONLINE": "PIN-koodi",
            "CUSTOMER_DEVICE": "Asiakaslaite"
        },
        "MessagesRetentionReminder": {
            "MessagesRetentionReminder": "Säilytä kuitti!"
        },
        "MessagesMerchantDeclaration": {
            "REFUND": "NÄYTETYN SUMMAN MAKSU: CREDIT",
            "CHARGE": "NÄYTETYN SUMMAN MAKSU: DEBIT"
        }
    }
}