{
    "info": {
        "locale": "pl_PL"
    },
    "labels": {
        "Date": "Data",
        "Time": "Czas",
        "Status": "Status",
        "AmountAndCurrency": "Kwota",
        "IncludedTipAmountAndCurrency": "Tip Amount",
        "StatusText": "Informacje",
        "Subject": "Opis",
        "TransactionType": "Typ",
        "ReceiptType": "Rodzaj pokwitowania",
        "Identifier": "PWID",
        "PaymentDetailsSource": "Tryb wprowadzania",
        "PaymentDetailsEMVApplicationID": "AID",
        "PaymentDetailsSchemeOrLabel": "Karta",
        "PaymentDetailsMaskedAccount": "Konto",
        "PaymentDetailsCustomerVerification": "Weryfikacja",
        "PaymentDetailsAccountSequenceNumber": "Numer karty",
        "ClearingDetailsTransactionIdentifier": "Transakcja",
        "ClearingDetailsOriginalTransactionIdentifier": "Oryginalna TX",
        "ClearingDetailsAuthorizationCode": "Autoryzacja",
        "ClearingDetailsMerchantId": "ID sprzedawcy",
        "ClearingDetailsTerminalId": "ID terminala",
        "MerchantDetailsPublicName": "Nazwa",
        "MerchantDetailsAddress": "Adres",
        "MerchantDetailsZip": "Kod pocztowy",
        "MerchantDetailsCity": "Miasto",
        "MerchantDetailsCountry": "Kraj",
        "MerchantDetailsContact": "Kontakt",
        "MerchantDetailsAdditionalInformation": "Informacje dodatkowe",
        "OfflineEmvData": "Offline EMV Data",
        "DccConversionRate": "Conversion Rate",
        "DccConvertedAmountAndCurrency": "DCC Converted Amount",
        "DccDisclaimer": "DCC Disclaimer"
    },
    "values": {
        "ReceiptType": {
            "MERCHANT": "Pokwitowanie sprzedawcy",
            "CUSTOMER": "Pokwitowanie posiadacza karty"
        },
        "StatusText": {
            "ACCEPTED": "Bitte Beleg aufbewahren!",
            "APPROVED": "Prosimy zachować pokwitowanie!",
            "DECLINED": "Autoryzacja odrzucona.",
            "ABORTED": "Transakcja anulowana.",
            "ERROR": "Transakcja niepoprawna."
        },
        "PaymentDetailsSource": {
            "ICC": "Czip",
            "MAGSTRIPE": "Pasek magnetyczny",
            "CONTACTLESS": "Brak kontaktu",
            "MAGSTRIPE_AS_FALLBACK": "Pasek magnetyczny",
            "MANUAL": "Wpisano",
            "MANUAL_AS_FALLBACK": "Wpisano",
            "NFC_ICC": "Brak kontaktu",
            "NFC_MAGSTRIPE": "Brak kontaktu",
            "QR_CODE": "QR Code",
            "BARCODE": "Barcode",
            "SOUNDWAVE": "Soundwave"
        },
        "TransactionType": {
            "CHARGE": "Płatność",
            "REFUND": "Płatność zwrotna",
            "CHARGE_UNCAPTURED": "Pre-Authorization"
        },
        "PaymentDetailsCustomerVerification": {
            "NONE": "Brak",
            "PIN": "PIN",
            "SIGNATURE": "Podpis",
            "PIN_AND_SIGNATURE": "PIN i podpis",
            "SHOPPER_DEVICE": "Urządzenie klienta",
            "CARD_SECURITY_CODE": "Kod zabezpieczający zgodny.",
            "UNKNOWN": "Dokonano weryfikacji nieznanego posiadacza karty.",
            "PIN_OFFLINE_PLAINTEXT": "PIN",
            "PIN_OFFLINE_PLAINTEXT_AND_SIGNATURE": "PIN i podpis",
            "PIN_OFFLINE_ENCIPHERED": "PIN",
            "PIN_OFFLINE_ENCIPHERED_AND_SIGNATURE": "PIN i podpis",
            "PIN_ONLINE": "PIN",
            "CUSTOMER_DEVICE": "Urządzenie klienta"
        },
        "MessagesRetentionReminder": {
            "MessagesRetentionReminder": "Prosimy zachować pokwitowanie!"
        },
        "MessagesMerchantDeclaration": {
            "REFUND": "PROSZĘ UZNAĆ MOJE KONTO WYŚWIETLONĄ KWOTĄ",
            "CHARGE": "PROSZĘ OBCIĄŻYĆ MOJE KONTO WYŚWIETLONĄ KWOTĄ"
        }
    }
}