{
    "info": {
        "locale": "de_DE"
    },
    "labels": {
        "Date": "Datum",
        "Time": "Uhrzeit",
        "Status": "Status",
        "AmountAndCurrency": "Betrag",
        "IncludedTipAmountAndCurrency": "Tip Amount",
        "StatusText": "Information",
        "Subject": "Beschreibung",
        "TransactionType": "Art",
        "ReceiptType": "Beleg",
        "Identifier": "PWID",
        "PaymentDetailsSource": "Eingabemodus",
        "PaymentDetailsEMVApplicationID": "AID",
        "PaymentDetailsSchemeOrLabel": "Karte",
        "PaymentDetailsMaskedAccount": "Konto",
        "PaymentDetailsCustomerVerification": "Verifizierung",
        "PaymentDetailsAccountSequenceNumber": "Kartennummer",
        "ClearingDetailsTransactionIdentifier": "Transaktion",
        "ClearingDetailsOriginalTransactionIdentifier": "Original TA",
        "ClearingDetailsAuthorizationCode": "Genehmigung",
        "ClearingDetailsMerchantId": "Vertrags-Nr",
        "ClearingDetailsTerminalId": "Terminal-ID",
        "MerchantDetailsPublicName": "Name",
        "MerchantDetailsAddress": "Adresse",
        "MerchantDetailsZip": "Postleitzahl",
        "MerchantDetailsCity": "Stadt",
        "MerchantDetailsCountry": "Land",
        "MerchantDetailsContact": "Kontakt",
        "MerchantDetailsAdditionalInformation": "Weitere Angaben",
        "OfflineEmvData": "Offline EMV Data",
        "DccConversionRate": "Conversion Rate",
        "DccConvertedAmountAndCurrency": "DCC Converted Amount",
        "DccDisclaimer": "DCC Disclaimer"
    },
    "values": {
        "ReceiptType": {
            "MERCHANT": "Händlerbeleg",
            "CUSTOMER": "Kundenbeleg"
        },
        "StatusText": {
            "ACCEPTED": "Bitte Beleg aufbewahren!",
            "APPROVED": "Bitte Beleg aufbewahren!",
            "DECLINED": "Genehmigung abgelehnt.",
            "ABORTED": "Transaktion abgebrochen.",
            "ERROR": "Transaktion ungültig."
        },
        "PaymentDetailsSource": {
            "ICC": "Chip",
            "MAGSTRIPE": "Magnetstreifen",
            "CONTACTLESS": "Kontaktlos",
            "MAGSTRIPE_AS_FALLBACK": "Magnetstreifen",
            "MANUAL": "Manuell",
            "MANUAL_AS_FALLBACK": "Manuell",
            "NFC_ICC": "Kontaktlos",
            "NFC_MAGSTRIPE": "Kontaktlos",
            "QR_CODE": "QR Code",
            "BARCODE": "Barcode",
            "SOUNDWAVE": "Soundwave"
        },
        "TransactionType": {
            "CHARGE": "Bezahlung",
            "REFUND": "Stornierung",
            "CHARGE_UNCAPTURED": "Reservierung"
        },
        "PaymentDetailsCustomerVerification": {
            "NONE": "Keine",
            "PIN": "PIN",
            "SIGNATURE": "Unterschrift",
            "PIN_AND_SIGNATURE": "PIN und Unterschrift",
            "SHOPPER_DEVICE": "Kundengerät",
            "CARD_SECURITY_CODE": "Sicherheitscode",
            "UNKNOWN": "Unbekannt",
            "PIN_OFFLINE_PLAINTEXT": "PIN",
            "PIN_OFFLINE_PLAINTEXT_AND_SIGNATURE": "PIN und Unterschrift",
            "PIN_OFFLINE_ENCIPHERED": "PIN",
            "PIN_OFFLINE_ENCIPHERED_AND_SIGNATURE": "PIN und Unterschrift",
            "PIN_ONLINE": "PIN",
            "CUSTOMER_DEVICE": "Kundengerät"
        },
        "MessagesRetentionReminder": {
            "MessagesRetentionReminder": "Bitte Beleg aufbewahren!"
        },
        "MessagesMerchantDeclaration": {
            "REFUND": "PLEASE CREDIT MY ACCOUNT WITH TOTAL SHOWN",
            "CHARGE": "PLEASE DEBIT MY ACCOUNT WITH TOTAL SHOWN"
        }
    }
}