{
    "info": {
        "locale": "es_ES"
    },
    "labels": {
        "Date": "Fecha",
        "Time": "Hora",
        "Status": "Estado",
        "AmountAndCurrency": "Importe",
        "IncludedTipAmountAndCurrency": "Tip Amount",
        "StatusText": "Información",
        "Subject": "Descripción",
        "TransactionType": "Tipo",
        "ReceiptType": "Tipo de Recibo",
        "Identifier": "PWID",
        "PaymentDetailsSource": "Modo de entrada",
        "PaymentDetailsEMVApplicationID": "AID",
        "PaymentDetailsSchemeOrLabel": "Tarjeta",
        "PaymentDetailsMaskedAccount": "Cuenta",
        "PaymentDetailsCustomerVerification": "Verificación",
        "PaymentDetailsAccountSequenceNumber": "N° de Tarjeta",
        "ClearingDetailsTransactionIdentifier": "Transacción",
        "ClearingDetailsOriginalTransactionIdentifier": "Trans. Original",
        "ClearingDetailsAuthorizationCode": "Autorización",
        "ClearingDetailsMerchantId": "N° de contrato",
        "ClearingDetailsTerminalId": "ID del terminal",
        "MerchantDetailsPublicName": "Nombre",
        "MerchantDetailsAddress": "Dirección",
        "MerchantDetailsZip": "Código Postal",
        "MerchantDetailsCity": "Ciudad",
        "MerchantDetailsCountry": "País",
        "MerchantDetailsContact": "Contacto",
        "MerchantDetailsAdditionalInformation": "Info. Adicional",
        "OfflineEmvData": "Offline EMV Data",
        "DccConversionRate": "Conversion Rate",
        "DccConvertedAmountAndCurrency": "DCC Converted Amount",
        "DccDisclaimer": "DCC Disclaimer"
    },
    "values": {
        "ReceiptType": {
            "MERCHANT": "Factura",
            "CUSTOMER": "Justificante"
        },
        "StatusText": {
            "ACCEPTED": "Guarde su recibo!",
            "APPROVED": "Guarde su recibo!",
            "DECLINED": "Autoriz. rechazada",
            "ABORTED": "Trans. cancelada",
            "ERROR": "Trans. inválida"
        },
        "PaymentDetailsSource": {
            "ICC": "Chip",
            "MAGSTRIPE": "Banda magnética",
            "CONTACTLESS": "Sin contacto",
            "MAGSTRIPE_AS_FALLBACK": "Banda magnética",
            "MANUAL": "Manual",
            "MANUAL_AS_FALLBACK": "Manual",
            "NFC_ICC": "Sin contacto",
            "NFC_MAGSTRIPE": "Sin contacto",
            "QR_CODE": "QR Code",
            "BARCODE": "Barcode",
            "SOUNDWAVE": "Soundwave"
        },
        "TransactionType": {
            "CHARGE": "Pago",
            "REFUND": "Cancelación",
            "CHARGE_UNCAPTURED": "Pre-Authorization"
        },
        "PaymentDetailsCustomerVerification": {
            "NONE": "Ninguno",
            "PIN": "PIN",
            "SIGNATURE": "Firma",
            "PIN_AND_SIGNATURE": "PIN y firma",
            "SHOPPER_DEVICE": "Dispositivo cliente",
            "CARD_SECURITY_CODE": "Cod. Seg. Verificado",
            "UNKNOWN": "Unknown",
            "PIN_OFFLINE_PLAINTEXT": "PIN",
            "PIN_OFFLINE_PLAINTEXT_AND_SIGNATURE": "PIN y firma",
            "PIN_OFFLINE_ENCIPHERED": "PIN",
            "PIN_OFFLINE_ENCIPHERED_AND_SIGNATURE": "PIN y firma",
            "PIN_ONLINE": "PIN",
            "CUSTOMER_DEVICE": "Dispositivo cliente"
        },
        "MessagesRetentionReminder": {
            "MessagesRetentionReminder": "Guarde su recibo!"
        },
        "MessagesMerchantDeclaration": {
            "REFUND": "PLEASE CREDIT MY ACCOUNT WITH TOTAL SHOWN",
            "CHARGE": "PLEASE DEBIT MY ACCOUNT WITH TOTAL SHOWN"
        }
    }
}