{
    "info": {
        "locale": "it_IT"
    },
    "labels": {
        "Date": "Data",
        "Time": "Ora",
        "Status": "Stato",
        "AmountAndCurrency": "Importo",
        "IncludedTipAmountAndCurrency": "Tip Amount",
        "StatusText": "Informazione",
        "Subject": "Descrizione",
        "TransactionType": "Tipo",
        "ReceiptType": "Giustificativo",
        "Identifier": "PWID",
        "PaymentDetailsSource": "Modalità di immissione",
        "PaymentDetailsEMVApplicationID": "AID",
        "PaymentDetailsSchemeOrLabel": "Carta",
        "PaymentDetailsMaskedAccount": "Conto",
        "PaymentDetailsCustomerVerification": "Verifica",
        "PaymentDetailsAccountSequenceNumber": "Numero di carta",
        "ClearingDetailsTransactionIdentifier": "Transazione",
        "ClearingDetailsOriginalTransactionIdentifier": "TA originale",
        "ClearingDetailsAuthorizationCode": "Autorizzazione",
        "ClearingDetailsMerchantId": "N. di contratto",
        "ClearingDetailsTerminalId": "ID terminale",
        "MerchantDetailsPublicName": "Nome",
        "MerchantDetailsAddress": "Indirizzo",
        "MerchantDetailsZip": "C.A.P.",
        "MerchantDetailsCity": "Città",
        "MerchantDetailsCountry": "Nazione",
        "MerchantDetailsContact": "Contatto",
        "MerchantDetailsAdditionalInformation": "Ulteriori Informazioni",
        "OfflineEmvData": "Offline EMV Data",
        "DccConversionRate": "Conversion Rate",
        "DccConvertedAmountAndCurrency": "DCC Converted Amount",
        "DccDisclaimer": "DCC Disclaimer"
    },
    "values": {
        "ReceiptType": {
            "MERCHANT": "Giustificativo esercente",
            "CUSTOMER": "Giustificativo cliente"
        },
        "StatusText": {
            "ACCEPTED": "Conservare il giustificativo!",
            "APPROVED": "Conservare il giustificativo!",
            "DECLINED": "Autorizzazione rifiutata.",
            "ABORTED": "Transazione interrotta.",
            "ERROR": "Transazione non valida."
        },
        "PaymentDetailsSource": {
            "ICC": "Chip",
            "MAGSTRIPE": "Banda magnetica",
            "CONTACTLESS": "Contactless",
            "MAGSTRIPE_AS_FALLBACK": "Banda magnetica",
            "MANUAL": "Manuale",
            "MANUAL_AS_FALLBACK": "Manuale",
            "NFC_ICC": "Contactless",
            "NFC_MAGSTRIPE": "Contactless",
            "QR_CODE": "QR Code",
            "BARCODE": "Barcode",
            "SOUNDWAVE": "Soundwave"
        },
        "TransactionType": {
            "CHARGE": "Pagamento",
            "REFUND": "Storno",
            "CHARGE_UNCAPTURED": "Pre-Authorization"
        },
        "PaymentDetailsCustomerVerification": {
            "NONE": "Nessuna",
            "PIN": "PIN",
            "SIGNATURE": "Firma",
            "PIN_AND_SIGNATURE": "PIN e firma",
            "SHOPPER_DEVICE": "Dispositivo clienti",
            "CARD_SECURITY_CODE": "Card security code verified.",
            "UNKNOWN": "Unknown",
            "PIN_OFFLINE_PLAINTEXT": "PIN",
            "PIN_OFFLINE_PLAINTEXT_AND_SIGNATURE": "PIN e firma",
            "PIN_OFFLINE_ENCIPHERED": "PIN",
            "PIN_OFFLINE_ENCIPHERED_AND_SIGNATURE": "PIN e firma",
            "PIN_ONLINE": "PIN",
            "CUSTOMER_DEVICE": "Dispositivo clienti"
        },
        "MessagesRetentionReminder": {
            "MessagesRetentionReminder": "Conservare il giustificativo!"
        },
        "MessagesMerchantDeclaration": {
            "REFUND": "PLEASE CREDIT MY ACCOUNT WITH TOTAL SHOWN",
            "CHARGE": "PLEASE DEBIT MY ACCOUNT WITH TOTAL SHOWN"
        }
    }
}