{
    "AMERICAN_EXPRESS": {
        "aids": [
            "A00000002501"
        ],
        "bins": {
            "excluded": [],
            "included": [
                [
                    340000,
                    349999
                ],
                [
                    370000,
                    379999
                ]
            ]
        },
        "gateway": {
            "brand": "AMEX",
            "method": "CC"
        },
        "magstripeSupported": true,
        "magstripeForcePin": false,
        "magstripeAllowPinBypass": false,
        "magstripeLimitServiceCodeChecks": false,
        "magstripeCoBrandedBins": [],
        "name": "American Express"
    },
    "UNION_PAY": {
        "aids": [
            "A000000333010101",
            "A000000333010102",
            "A000000333010103"
        ],
        "bins": {
            "excluded": [],
            "included": [
                [
                    620000,
                    629999
                ]
            ]
        },
        "gateway": {
            "brand": "UNIONPAY",
            "method": "CC"
        },
        "magstripeSupported": true,
        "magstripeForcePin": true,
        "magstripeAllowPinBypass": true,
        "magstripeLimitServiceCodeChecks": true,
        "magstripeCoBrandedBins": [
            356390, 356391, 356392, 356827, 356828, 356829, 356830, 356833, 356835, 356839, 356840, 356850, 356851, 356856, 356857, 356858, 356859, 356868, 356869, 356879, 356880, 356881, 356882, 356889, 356890, 356895, 360883, 360884, 370246, 370247, 370248, 370249, 370267, 370285, 370286, 370287, 370289, 374738, 374739, 376966, 376968, 377152, 377153, 377155, 377158, 377187, 377677, 400360, 402673, 402674, 402791, 403361, 403391, 403392, 403393, 404117, 404119, 404120, 404157, 404158, 404159, 404171, 404172, 404173, 404738, 404739, 405512, 406252, 406254, 406365, 406366, 407405, 409665, 409666, 409667, 409668, 409669, 409670, 409672, 410062, 412962, 415599, 421317, 421349, 421393, 421437, 421865, 421869, 421870, 421871, 422160, 422161, 425862, 427010, 427018, 427019, 427020, 427029, 427030, 427039, 427570, 427571, 433666, 433667, 433670, 434061, 434062, 434910, 435744, 435745, 436718, 436728, 436738, 436742, 436745, 436748, 438088, 438125, 438126, 438588, 439188, 439225, 439226, 439227, 442729, 442730, 451289, 451290, 451804, 451810, 451811, 453242, 456351, 456418, 45806, 458071, 458123, 458124, 458441, 461982, 463758, 464580, 468203, 472067, 472068, 479228, 479229, 481699, 483536, 486466, 486493, 486494, 486861, 487013, 489592, 489734, 489735, 489736, 49102, 491031, 491032, 491035, 491037, 491038, 49104, 498451, 510529, 512315, 512316, 512411, 512412, 512425, 512431, 512466, 513685, 514027, 514906, 514957, 514958, 515672, 517636, 517650, 518212, 518364, 518377, 518378, 518379, 518474, 518475, 518476, 518710, 518718, 518905, 519412, 519413, 519498, 519961, 520082, 520083, 520108, 520131, 520152, 520169, 520194, 520382, 521302, 521899, 522001, 522964, 523036, 523959, 524011, 524031, 524047, 524070, 524090, 524091, 524094, 524374, 524864, 524865, 525498, 525745, 525746, 525998, 526410, 526836, 526855, 527414, 528020, 528057, 528708, 528709, 528856, 528931, 528948, 530970, 53098, 530990, 531659, 531693, 53242, 53243, 532450, 532458, 53591, 53783, 539867, 539868, 543098, 543159, 544033, 544210, 544243, 544887, 545324, 545392, 545393, 545431, 545447, 547766, 548478, 548738, 548838, 548844, 548943, 549633, 550213, 552245, 552288, 552398, 552534, 552587, 552742, 552794, 552801, 552853, 553131, 553242, 556610, 556617, 557080, 558360, 558730, 558868, 558894, 558895, 558916, 559051, 601382, 601428, 602907, 602969, 603265, 603367, 603601, 603694, 603708, 621977, 69075, 690755
        ],
        "name": "UnionPay"
    },
    "UNION_PAY_COMMON_DEBIT": {
        "aids": [
                 "A000000333010108"
                 ],
        "bins": {
            "excluded": [],
            "included": []
        },
        "gateway": {
            "brand": "UNIONPAY",
            "method": "DC"
        },
        "magstripeSupported": false,
        "magstripeForcePin": false,
        "magstripeAllowPinBypass": false,
        "magstripeLimitServiceCodeChecks": false,
        "magstripeCoBrandedBins": [],
        "name": "UnionPay"
    },
    "DINERS": {
        "aids": [
            "A0000001523010",
            "A0000003241010"
        ],
        "bins": {
            "excluded": [],
            "included": [
                [
                    300000,
                    305999
                ],
                [
                    309500,
                    309599
                ],
                [
                    360000,
                    369999
                ],
                [
                    380000,
                    399999
                ]
            ]
        },
        "gateway": {
            "brand": "DINERS",
            "method": "CC"
        },
        "magstripeSupported": true,
        "magstripeForcePin": false,
        "magstripeAllowPinBypass": false,
        "magstripeLimitServiceCodeChecks": false,
        "magstripeCoBrandedBins": [],
        "name": "Diners Club"
    },
    "DISCOVER": {
        "aids": [
            "A0000001523010",
            "A0000003241010"
        ],
        "bins": {
            "excluded": [],
            "included": [
                [
                    601100,
                    601109
                ],
                [
                    601120,
                    601149
                ],
                [
                    601174,
                    601174
                ],
                [
                    601177,
                    601179
                ],
                [
                    601186,
                    601199
                ],
                [
                    644000,
                    659999
                ]
            ]
        },
        "gateway": {
            "brand": "DISCOVER",
            "method": "CC"
        },
        "magstripeSupported": true,
        "magstripeForcePin": false,
        "magstripeAllowPinBypass": false,
        "magstripeLimitServiceCodeChecks": false,
        "magstripeCoBrandedBins": [],
        "name": "Discover"
    },
    "DISCOVER_COMMON_DEBIT": {
        "aids": [
            "A0000001524010"
        ],
        "bins": {
            "excluded": [],
            "included": []
        },
        "gateway": {
            "brand": "DISCOVER",
            "method": "DC"
        },
        "magstripeSupported": false,
        "magstripeForcePin": false,
        "magstripeAllowPinBypass": false,
        "magstripeLimitServiceCodeChecks": false,
        "magstripeCoBrandedBins": [],
        "name": "Discover"
    },
    "JCB": {
        "aids": [
            "A0000000651010"
        ],
        "bins": {
            "excluded": [],
            "included": [
                [
                    352800,
                    358999
                ]
            ]
        },
        "gateway": {
            "brand": "JCB",
            "method": "CC"
        },
        "magstripeSupported": true,
        "magstripeForcePin": false,
        "magstripeAllowPinBypass": false,
        "magstripeLimitServiceCodeChecks": false,
        "magstripeCoBrandedBins": [],
        "name": "JCB"
    },
    "MAESTRO": {
        "aids": [
            "A0000000043060"
        ],
        "bins": {
            "excluded": [
                [
                    601100,
                    601109
                ],
                [
                    601120,
                    601149
                ],
                [
                    601174,
                    601174
                ],
                [
                    601177,
                    601179
                ],
                [
                    601186,
                    601199
                ],
                [
                    620000,
                    629999
                ],
                [
                    644000,
                    659999
                ],
                [
                    601056,
                    601056
                ],
                [
                    603571,
                    603571
                ]
            ],
            "included": [
                [
                    500000,
                    509999
                ],
                [
                    560000,
                    699999
                ]
            ]
        },
        "gateway": {
            "brand": "MAESTRO",
            "method": "DC"
        },
        "magstripeSupported": true,
        "magstripeForcePin": false,
        "magstripeAllowPinBypass": false,
        "magstripeLimitServiceCodeChecks": false,
        "magstripeCoBrandedBins": [],
        "name": "Maestro"
    },
    "MASTERCARD": {
        "aids": [
            "A0000000041010"
        ],
        "bins": {
            "excluded": [],
            "included": [
                [
                    222100,
                    272099
                ],
                [
                    510000,
                    559999
                ]
            ]
        },
        "gateway": {
            "brand": "MASTER",
            "method": "CC"
        },
        "magstripeSupported": true,
        "magstripeForcePin": false,
        "magstripeAllowPinBypass": false,
        "magstripeLimitServiceCodeChecks": false,
        "magstripeCoBrandedBins": [],
        "name": "Mastercard"
    },
    "MASTERCARD_COMMON_DEBIT": {
        "aids": [
            "A0000000042203"
        ],
        "bins": {
            "excluded": [],
            "included": []
        },
        "gateway": {
            "brand": "MASTER",
            "method": "DC"
        },
        "magstripeSupported": false,
        "magstripeForcePin": false,
        "magstripeAllowPinBypass": false,
        "magstripeLimitServiceCodeChecks": false,
        "magstripeCoBrandedBins": [],
        "name": "Mastercard"
    },
    "VISA": {
        "aids": [
            "A0000000031010"
        ],
        "bins": {
            "excluded": [],
            "included": [
                [
                    400000,
                    499999
                ]
            ]
        },
        "gateway": {
            "brand": "VISA",
            "method": "CC"
        },
        "magstripeSupported": true,
        "magstripeForcePin": false,
        "magstripeAllowPinBypass": false,
        "magstripeLimitServiceCodeChecks": false,
        "magstripeCoBrandedBins": [],
        "name": "VISA"
    },
    "VISA_COMMON_DEBIT": {
        "aids": [
            "A0000000980840"
        ],
        "bins": {
            "excluded": [],
            "included": []
        },
        "gateway": {
            "brand": "VISA",
            "method": "DC"
        },
        "magstripeSupported": false,
        "magstripeForcePin": false,
        "magstripeAllowPinBypass": false,
        "magstripeLimitServiceCodeChecks": false,
        "magstripeCoBrandedBins": [],
        "name": "VISA"
    },
    "VISA_ELECTRON": {
        "aids": [
            "A0000000032010"
        ],
        "bins": {
            "excluded": [],
            "included": []
        },
        "gateway": {
            "brand": "VISAELECTRON",
            "method": "DC"
        },
        "magstripeSupported": false,
        "magstripeForcePin": false,
        "magstripeAllowPinBypass": false,
        "magstripeLimitServiceCodeChecks": false,
        "magstripeCoBrandedBins": [],
        "name": "VISA Electron"
    },
    "VISA_INTERLINK": {
        "aids": [
            "A0000000033010"
        ],
        "bins": {
            "excluded": [],
            "included": []
        },
        "gateway": {
            "brand": "VISAELECTRON",
            "method": "DC"
        },
        "magstripeSupported": false,
        "magstripeForcePin": false,
        "magstripeAllowPinBypass": false,
        "magstripeLimitServiceCodeChecks": false,
        "magstripeCoBrandedBins": [],
        "name": "VISA Interlink"
    },
    "GH_LINK": {
        "aids": [],
        "bins": {
            "excluded": [],
            "included": []
        },
        "gateway": {
            "brand": "MAESTRO",
            "method": "DC"
        },
        "magstripeSupported": true,
        "magstripeForcePin": true,
        "magstripeAllowPinBypass": true,
        "magstripeLimitServiceCodeChecks": true,
        "magstripeCoBrandedBins": [
            502193, 502911, 502968, 505888, 506156, 507552, 507658, 507665, 507728, 581834, 581847, 581881, 585949, 585981, 585987, 585995, 585999, 589236, 601369, 603345, 604631, 604787, 604837, 604938, 605086, 605730, 606123, 606233, 606435, 606465, 606466, 627233, 628145, 636150, 636765, 636918, 639392
        ],
        "name": "GH-Link"
    },
    "ALIPAY": {
        "aids": [],
        "bins": {
            "excluded": [],
            "included": []
        },
        "gateway": {
            "brand": "ALIPAY",
            "method": "DC"
        },
        "magstripeSupported": false,
        "magstripeForcePin": false,
        "magstripeAllowPinBypass": false,
        "magstripeLimitServiceCodeChecks": false,
        "magstripeCoBrandedBins": [],
        "name": "Alipay"
    },
    "CYBERSOURCE_TOKEN": {
        "aids": [],
        "bins": {
            "excluded": [],
            "included": []
        },
        "gateway": {
            "brand": "CYBERSOURCE",
            "method": "DC"
        },
        "magstripeSupported": false,
        "magstripeForcePin": false,
        "magstripeAllowPinBypass": false,
        "magstripeLimitServiceCodeChecks": false,
        "magstripeCoBrandedBins": [],
        "name": "Cybersource Token"
    },
    "VALUE_LINK": {
        "aids": [],
        "bins": {
            "excluded": [],
            "included": [
                [
                    601056,
                    601056
                ],
                [
                    603571,
                    603571
                ]
            ]
        },
        "gateway": {
            "brand": "VALUE_LINK",
            "method": "DC"
        },
        "magstripeSupported": true,
        "magstripeForcePin": false,
        "magstripeAllowPinBypass": false,
        "magstripeLimitServiceCodeChecks": false,
        "magstripeCoBrandedBins": [],
        "name": "ValueLink"
    }
}
